"","ravits_control1","ravits_control2","ravits_control3","ravits_control4","ravits_control5","ravits_control6","ravits_control7","ravits_control8","ravits_sALS1","ravits_sALS2","ravits_sALS3","ravits_sALS4","ravits_sALS5","ravits_sALS6","ravits_sALS7","ravits_sALS8","ravits_sALS9","ravits_sALS10","ravits_sALS11","ravits_sALS12","ravits_sALS13"
"IL13RA1",108.763446347426,160.9110708189,140.899949702888,138.956901588289,161.865226297307,76.3932791456558,179.41246673417,140.899949702888,556.561713937523,329.515329781536,327.815146160559,235.15357613758,1021.3059992815,206.69503053524,456.550872252476,188.020699510077,397.925773491357,200.80650702911,350.201283980724,519.14675059089,660.706707904775
"ANXA1",14.1865364800991,7.38124178068346,3.83401223681328,57.5678592294342,12.8028992551542,4.92859865455844,53.0338738145032,3.83401223681328,169.613332243357,98.7896057727682,58.9330599839208,58.1823281165146,435.473530249194,15.5159808444684,252.757149565863,19.9667999479728,177.645434594356,215.681063105341,117.943437610088,136.750851375161,148.462370377412
"BGN",94.5769098673273,18.4531044517087,7.66802447362656,43.6721690706052,21.0333344906105,35.3216236910021,23.6959861724376,7.66802447362656,129.366100863577,418.555961300413,199.819906507981,101.819074203901,560.299819050266,8.31213259525094,235.553783365045,20.5214332798609,103.034352064726,283.360293252189,102.520064999538,331.747435743446,86.5211165113395
"RPL12",31.5256366224424,43.5493265060324,53.6761713153859,31.0998779745219,26.520291314248,16.4286621818615,38.3649299934704,53.6761713153859,152.939479243162,167.682357166936,81.0329574778911,60.606591788036,272.348266475066,43.7772316683216,62.1967854952648,29.9501999219592,107.771563653909,56.5233130896755,83.4676635394471,151.945390416846,155.344731918087
"PLA2G16",403.528148767263,394.896435266565,451.454940884764,496.274648529605,459.075387577672,441.10957958298,607.068598131973,451.454940884764,777.921486526311,570.639959661122,696.146771060064,790.30995691599,842.577449407235,608.448105972369,1324.65919746298,546.868465241699,774.534094831391,438.799404248797,804.737147385756,622.976100709068,864.227970607585
"DCN",48.8647367647858,5.90499342454677,25.8795825984897,89.9911362667017,19.2043488827313,25.4644263818853,133.148874683221,25.8795825984897,394.42286752184,157.933382913044,114.182803718847,147.880083962808,461.006180231231,16.0701230174851,134.980257883341,13.8658332972033,110.140169448501,130.896093470828,88.0039496013736,491.290095681135,230.067514359698
"KCTD12",442.935194545316,124.004861915482,177.323065952614,539.285118068837,544.123218344053,184.001016436848,857.569023383456,177.323065952614,1326.43375418788,1028.1918179771,520.268420170551,433.943197202338,1815.65510983377,343.014005097355,1614.46975115368,203.550432802945,1301.54888412798,847.849696345133,1194.85774871143,1463.74059434895,760.992547497464
"NR2F2",316.832648055547,149.839208147874,102.559827334755,415.547305702123,138.088413394877,138.822195436729,388.162821110406,102.559827334755,683.62797300797,386.709312071034,383.064889895485,210.910939422365,812.789357761525,156.268092790718,1794.44342833147,108.153499718186,645.445079026159,624.731355201677,318.447281547238,947.126266931672,727.563934299901
"RAB31",409.833276091752,220.699129242436,293.301936116216,262.033014423631,221.30725855338,313.787447673554,596.913175486642,293.301936116216,854.966186596175,564.790575108787,488.039402991844,395.154978457995,1061.02345480911,372.937682440259,676.224625278304,307.821499197914,439.376374896706,616.55034935975,737.600113669244,541.938559153416,480.782113341421
"ANKRD40",398.799303273897,250.962220543238,252.086304570473,338.790160062877,341.105815869465,335.144708509974,598.041555780568,252.086304570473,692.252379732209,484.19905460995,397.798154891465,429.094669859295,1320.60539629316,314.752754273502,907.808401058546,307.821499197914,529.38339509118,751.165081849635,1052.41836636694,658.430025139665,653.8243463641
"MYOF",70.9326824004955,24.3580978762554,10.5435336512365,33.0849765686403,77.7318883348647,5.75003176365151,64.3176767537592,10.5435336512365,83.9442254492546,70.1926146280195,103.132854971861,29.0911640582573,765.979499461123,13.2994121524015,181.297013039389,38.8243332321693,93.5599288863607,46.1111238363143,213.205444910544,131.686005027933,123.882507732145
"JAG1",20.4916638045876,13.2862352052302,4.7925152960166,35.7317746941316,21.0333344906105,4.10716554546536,28.20950734814,4.7925152960166,64.9705306559299,57.1939822894974,48.8039402991844,9.69705468608576,102.13059992815,2.77071086508365,63.5201213568662,14.4204666290915,53.2936303783067,59.4982243049216,54.4354327431177,149.412967243232,60.9580593602619
"LPAR1",425.596094402973,115.147371778662,108.310845689975,547.225512445311,639.23046995377,611.967666274339,820.332473683911,108.310845689975,1746.15488143415,980.746809941495,650.105317947626,349.093968699087,4759.00226054086,267.096527394063,2802.82535487172,198.004099484063,1048.1080641067,1147.57200128118,2427.82030034305,1261.14674045982,2112.88499298714
"ADAMTS1",436.630067220828,467.970728895332,164.862526182971,342.760357251114,502.971042166772,225.072671891502,249.372044957558,164.862526182971,508.265036281788,367.21136356325,1048.82430190134,783.037165901425,4499.42031905682,293.14120952585,518.74765774774,212.979199445043,795.851546982713,689.435674133279,353.830312830265,2474.17744062097,776.723659590434
"CST3",33.1019184535646,11.0718626710252,11.5020367104398,29.1147793804035,11.8884064512146,18.8929615091407,36.1081694056192,11.5020367104398,42.5470731729098,77.9917940311328,30.3873590542092,46.0610097589074,70.9240277278817,29.9236773429034,115.13021995932,15.5297332928677,18.9488463567313,33.4677511715184,61.6934904422,40.5187707778255,54.0756978195872
"LPP",408.25699426063,310.012154788705,368.065174734075,428.119596798206,420.666689812209,236.572735418805,594.656414898791,368.065174734075,643.955702076473,632.383463269102,892.283361319051,513.943898362545,3286.61944491004,356.867559422774,825.76157763926,396.562832300015,525.830486399293,600.932065479708,606.047817873377,792.648453341212,684.303376044231
"IFI16",72.5089642316176,74.550541984903,9.5850305920332,30.4381784431491,92.3637731978981,4.10716554546536,125.250212625742,9.5850305920332,259.307162175437,250.223672516551,94.8453934116226,50.9095371019503,709.240277278817,34.3568147270372,235.553783365045,26.0677665987422,153.959376648442,151.72047197755,251.310247830727,240.580201493339,294.958351743203
"COL1A2",25.220509297954,0.738124178068346,2.87550917760996,68.1550517313991,7.31594243151668,0,15.7973241149584,2.87550917760996,194.336631519507,94.2400844542855,34.0706753032042,70.3036464741218,194.331835974396,11.0828434603346,183.943684762592,6.65559998265759,17.7645434594356,174.776033895707,38.1048029201824,144.348120896003,73.7395879358007
"GNAI3",274.273038615249,138.029221298781,170.613544538191,127.046310023579,132.60145657124,132.250730563985,186.182748497724,170.613544538191,304.154077141477,237.225040178029,201.661564632479,232.729312466058,400.011516385253,217.223731822558,146.890280637753,285.0815325905,344.63214311305,180.725856326199,347.479512343568,250.709894187795,249.731404475912
"TUBB4B",1007.24409008704,913.059608270544,1004.51120604508,886.015672508188,630.085541914374,884.68345849324,510.027892854371,1004.51120604508,462.268200419183,609.635856676688,567.230702345238,244.850630823666,116.315405473726,828.44254866001,131.010250298536,600.11326510296,505.697337145266,598.700882068274,402.822202299071,478.627979813064,361.815578138329
"TNFAIP3",3.15256366224424,2.21437253420504,0,7.27869484510087,4.57246401969793,0.821433109093073,16.925704408884,0,42.5470731729098,79.291657264985,22.0998974939703,29.0911640582573,39.7174555276138,8.31213259525094,0,1.10926666377627,4.73721158918282,29.7491121524608,8.16531491146765,27.8566549097551,24.5798626452669
"SERBP1",222.255738188219,264.248455748468,216.62169137995,343.422056782487,236.853636220353,259.572862473411,419.757469340323,216.62169137995,415.696404108295,402.957602494186,223.761462126449,380.609396428866,869.52857994383,356.313417249757,506.837634993328,346.645832430083,336.34202283198,319.802955638954,590.624445262827,552.068251847873,405.076136393999
"ZBTB20",108.763446347426,81.1936595875181,12.4605397696432,66.8316526686535,58.5275394521335,27.1072926000714,126.378592919667,12.4605397696432,183.987343450421,176.131468186975,91.1620771626275,96.9705468608576,398.593035830695,27.7071086508365,363.917361940379,26.6223999306304,62.7680535566723,336.908695126619,205.947387211462,96.2320805973356,200.571679185378
"TCF4",143.441646632113,97.4323915050217,119.812882400415,232.918235043228,141.746384610636,66.5360818365389,423.1426102221,119.812882400415,386.948381694167,341.214098886206,244.940530558171,191.516830050194,757.468616133777,90.3251742017269,702.691342510332,112.590566373291,274.758272172603,362.939168260022,458.164892254574,412.784977299098,388.361829795217
"MMRN2",12.610254648977,0.738124178068346,5.75101835521992,10.5871925019649,9.14492803939585,0,2.2567605878512,5.75101835521992,6.89952537939079,18.198085273931,15.654094058229,29.0911640582573,18.4402472092493,1.66242651905019,83.3701592808868,7.21023331454573,68.6895680431509,14.1308282724189,5.44354327431177,53.180886645896,5.89916703486406
"CALD1",2436.9317109148,1147.04497271821,1499.09878459399,3777.64262460735,1855.50589919342,2996.58798197153,2827.72101657755,1499.09878459399,2121.60405416267,3398.49242490661,10177.0027959733,3854.57923771909,14599.0018675072,1409.18354598154,5096.16640302691,1327.79219654019,2546.25122918576,3532.70706810472,2453.22350228984,8853.35141495488,4840.26655210596
"RPL22",135.560237476503,276.79656677563,273.173371872946,223.654441604009,193.872474435192,312.966014564461,206.493593788385,273.173371872946,491.016222833311,385.409448837181,271.644573363385,191.516830050194,470.935544113135,274.300375643281,374.50404883319,268.442532633856,323.314690961727,425.41230378019,469.959236015583,301.358357660077,344.118077033737
"MOB1A",140.289082969869,247.271599652896,196.493127136681,205.12685472557,203.017402474588,110.072036618472,267.426129660367,196.493127136681,365.674845107712,297.668680552157,220.998974939703,225.456521451494,699.310913396914,208.911599227307,240.847126811451,311.149299189243,232.123367869958,214.937335301529,392.842372962832,283.631395444779,458.168639707775
"MCL1",573.766586528453,615.595564509001,712.167772988067,520.095831659026,465.476837205249,463.288273528493,1152.07628009804,712.167772988067,1172.34435404815,744.171701380392,609.588839208681,732.127628799475,1702.17666546916,927.633997630005,1646.22981183211,600.11326510296,1112.06042056067,751.165081849635,959.878130703641,1496.66209560593,1061.85006627553
"DMD",312.10380256218,312.22652732291,181.157078189428,283.869098958934,402.376833733417,149.500825854939,296.764017302433,181.157078189428,577.835250523978,490.698370779211,371.094112086251,293.335904254094,690.800030069568,146.847675849433,931.62844656737,333.889265796656,291.338512734743,577.13277575774,368.34642822843,369.733783347658,406.059330899809
"NKTR",832.276806832481,482.733212456699,452.413443943967,578.325390419833,525.833362265261,400.85935723742,943.325925721802,452.413443943967,1023.42959794297,1371.35571171409,773.496412288961,710.309255755782,2063.88920688136,377.370819824393,921.041759674559,454.799332148269,588.598539955965,1157.24046273073,1054.23288079171,1012.96926944564,1170.98465642052
"DDX17",2209.94712723322,1121.94875066389,973.839108150574,1568.88958888492,1695.46965850399,1302.79291102161,2291.74037696289,973.839108150574,2267.06904757816,2930.54166071982,1738.52526952566,1643.65076929154,4400.12668023778,891.614756383917,4590.65210389518,1117.0315304227,1821.45785604079,3638.31641624596,2584.7757980857,2689.43341037817,2930.90282182163
"PTPN13",127.678828320892,36.168084725349,49.8421590785727,201.818357068706,61.2710178639522,36.9644899091883,226.804439079046,49.8421590785727,315.078325658846,81.8913837326895,152.857624333295,72.7279101456432,638.316249550935,44.3313738413383,528.01100877895,78.2032997962267,106.587260756613,190.394317775749,239.515904069718,306.423204007306,300.857518778067
"PNN",2394.3721014745,1821.69047147268,1722.42999738837,1915.62014332427,2331.042157242,2800.26546889829,2480.17988604847,1722.42999738837,2589.62185906467,2578.27872434587,2423.62209183874,2744.26647616227,3471.02191700253,1703.43303985343,2712.83851628283,2078.76572791672,3574.22614403844,3161.58689400277,3176.30750056092,3760.64841281693,3942.60996830081
"SCAF11",576.919150190697,397.11080780077,427.492364404681,434.736592111934,436.213067479182,703.968174492764,618.352401071229,427.492364404681,823.918322388916,499.14748179925,746.792369483746,593.944599522753,1209.96391303766,445.53030710545,714.601365264744,582.919631814428,568.465390701938,1046.42501996281,832.8621209697,602.716715320155,657.757124387343
"RBPJ",460.27429468766,450.99387279976,230.999237268,403.636714137412,388.659441674324,283.39442263711,661.230852240402,230.999237268,806.669508940439,541.393036899447,454.889556750889,521.21668937711,1269.54009632908,485.982685735671,279.223866797891,445.370565506171,550.700847242503,563.745675289132,615.12038999723,820.505108250967,559.437673806275
"PLEKHB1",460.27429468766,56.8355617112627,113.103360985992,487.672554621758,215.820301729742,239.037034746084,549.521203141767,113.103360985992,787.120853698832,807.864999839151,393.194009580222,101.819074203901,1919.20419031648,200.045324459039,1040.14198721868,95.3969330847589,407.400196669722,820.331767604107,1410.78496525913,584.989753104856,794.421160695027
"FOSL2",226.984583681586,242.842854584486,300.969960589843,141.603699713781,341.105815869465,170.036653582266,410.730426988918,300.969960589843,321.977851038237,202.778664480945,223.761462126449,414.549087830166,1836.93231815214,241.051845262277,619.321183229445,363.284832386727,1295.6273696415,211.962424086283,340.221454644485,673.624564181349,225.151541830645
"SLC16A7",160.780746774456,237.675985338008,220.455703616764,195.201361754978,168.266675924884,161.822322491335,147.817818504254,220.455703616764,72.4450164836033,96.1898793050638,142.728504648558,133.334501933679,116.315405473726,219.440300514625,58.2267779104606,198.558732815952,49.7407216864196,120.483904217466,74.3950914155941,172.204775805758,70.7900044183687
"RPL35A",165.509592267823,612.643067796727,462.956977595204,304.381784431491,276.176826789755,232.46556987334,356.56817288049,462.956977595204,754.348108146726,482.249259759171,355.440018028022,467.882888603638,712.077238387933,607.893963799352,513.454314301335,467.555898781696,441.744980691298,335.421239518996,642.338106368788,587.52217627847,551.57211775979
"C1orf61",70.9326824004955,25.8343462323921,36.4231162497262,107.195324082395,220.39276574944,48.4645534364913,220.034157315492,36.4231162497262,243.208269623525,254.773193835034,172.195034640519,53.3338007734717,150.358938783109,89.2168898556934,275.253859213087,65.4467331627997,461.878129945325,294.516210309362,247.681218981185,93.6996574237215,216.302791278349
"RPS29",11.0339728178549,14.7624835613669,12.4605397696432,5.95529578235526,11.8884064512146,24.6429932727922,10.1554226453304,12.4605397696432,44.8469149660401,35.7462389309359,17.4957521827265,21.818373043693,12.7663249910187,12.191127806368,41.0234117096427,6.65559998265759,17.7645434594356,12.6433726647958,22.6814303096324,37.9863476042114,90.4538945345822
"TMED10",753.462715276374,790.530994711199,880.864311407851,724.560986853223,1080.01600145265,960.255304529802,819.204093389986,880.864311407851,1074.02611739183,1012.59345917087,1038.6951822166,955.159886579448,1495.07850450375,835.646396909228,989.855224477831,970.608330804233,991.261525036505,1046.42501996281,1203.0230636229,949.658690105286,1255.53938392023
"RBFOX2",3346.44632747227,1301.31292593449,1813.48778801268,1670.79131671634,1580.2435652076,1724.18809598636,1610.19867943183,1813.48778801268,1210.86670408308,1049.63956133566,1833.37066293729,1949.10799190324,1100.74091033672,1342.68648521953,975.298530000216,1841.93729520049,1279.04712907936,1263.59353867577,1113.20459959676,1314.32762710572,1480.69092575088
"NACA",632.089014279971,1020.08761409045,1010.2622244003,1103.71481832984,940.098602449894,1329.90020362169,988.461137478826,1010.2622244003,1578.84139098392,1229.67061922419,1082.89497720454,906.674613149019,1635.50807940495,1501.17114670232,1184.38559613323,1013.86973069151,1332.34075945767,985.439340050264,1680.24035733757,1276.3412795015,1606.53982249465
"POGZ",554.851204554987,284.177808556313,191.700611840664,359.302845535434,468.220315617068,205.358277273268,497.61570962119,191.700611840664,485.841578798768,433.504388489713,354.519188965774,482.428470632767,608.528157905225,241.605987435294,1007.05859067865,343.318032438754,592.151448647852,889.498453358578,584.27364477613,539.406135979802,418.840859475348
"SREK1",2214.67597272658,1096.85252860956,728.462324994524,1458.38576714567,1255.59861980905,2707.44352757077,1629.38114442857,728.462324994524,1610.46421563947,2062.88295212346,2138.16508254163,2945.48036089855,2011.40542636273,1093.87664953502,2630.79169286354,1162.51146363753,2766.53156808277,3575.09955292198,1987.80055233618,3494.74397958745,2106.98582595228
"TIA1",66.2038369071291,46.5018232183058,40.2571284865395,80.7273428274824,96.0217444136564,62.4289162910735,120.736691450039,40.2571284865395,124.191456829034,170.932015251566,102.212025909613,46.0610097589074,181.565510983377,53.197648609606,84.6934951424882,58.7911331801421,104.218654962022,142.052010528,130.645038583482,134.218428201547,111.100979156606
"PPIC",110.339728178549,126.219234449687,57.5101835521992,113.812319396123,108.824643668811,119.107800818496,146.689438210328,57.5101835521992,179.38765986416,157.283451296118,88.3995899758812,201.21388473628,222.701447065549,157.376377136751,354.654010909169,132.557366321264,74.6110825296294,194.856684598618,149.697440043574,146.880544069618,79.6387549706648
"SF3B1",561.156331879475,704.170465877202,574.143332462789,630.599653398285,621.855106678918,689.182378529088,789.86620574792,574.143332462789,745.148740974205,925.502622502776,639.97619826289,656.97545498231,1187.26822416474,722.047251440798,919.718423812958,1008.87803070451,914.281836712284,638.118455670284,595.160731324753,1124.39588908466,685.286570550042
"CIAPIN1",209.645483539242,399.325180334975,236.75025562322,309.013681151101,167.352183120944,202.072544836896,180.540847028096,236.75025562322,127.066259070447,233.325450476472,164.828402142528,237.577839809101,80.8533916097852,261.000963490879,173.356997869781,212.424566113155,139.747741880893,91.478519868817,141.532125132106,179.802045326601,87.5043110171502
"RBMS1",668.34349639578,575.73685889331,784.055502428316,719.929090133613,885.229034213518,888.790624038705,513.413033736148,784.055502428316,506.54015493694,503.047071500807,700.750916371308,625.460027252532,557.46285794115,565.225016477064,477.724246038098,674.988764907858,786.377123804348,363.682896063833,389.213344113291,638.170639750752,517.160310056416
"HCFC2",69.3564005693734,86.3605288339965,49.8421590785727,99.9166292372938,64.014496275771,87.0719095638657,47.3919723448752,49.8421590785727,106.942643380557,79.291657264985,81.0329574778911,80.0007011602075,228.375369283779,59.8473546858067,148.213616499354,79.8671997918911,53.2936303783067,113.046626179351,150.604697255959,75.9726952084229,144.529592354169
"MCMBP",28.3730729601982,43.5493265060324,42.1741346049461,48.3040657902149,63.1000034718314,45.178821000119,37.2365496995448,42.1741346049461,83.9442254492546,92.9402212204333,75.5079831043985,63.0308554595575,184.402472092493,43.7772316683216,46.3167551560482,37.715066568393,98.2971404755435,27.5179287410262,108.870865486235,27.8566549097551,64.8908373835046
"PNISR",1103.39728178549,611.904943618659,527.176682561826,843.666902500328,1047.09426051083,1048.97008031185,1179.15740715225,527.176682561826,1148.77097566857,1347.95817350475,945.691446929479,1090.91865218465,1455.36104897613,570.766438207231,2248.34762886074,631.727365020583,837.302148388063,2139.70489156574,1418.9502801706,1496.66209560593,1279.13605205969
"ZNF148",420.867248909607,436.969513416461,484.044044897677,367.90493944328,511.201477402228,464.109706637586,538.237400202511,484.044044897677,285.755342796435,273.621210725891,462.256189248879,402.427769472559,387.245191394234,469.35842054517,374.50404883319,449.252998829388,345.816446010346,278.154198625509,435.483461944941,339.344705264289,302.823907789688
"RANBP2",1265.75431039106,1964.14843783987,1635.20621900086,1891.79896019485,2178.32185898409,1923.79634149598,1431.91459299159,1635.20621900086,871.065079148087,783.817530012885,1956.76175727862,1944.2594645602,1235.4965630197,1698.99990246929,1032.20197204908,1810.32319528287,1014.94758298242,772.73318816017,1318.24472959583,1018.03411579287,1027.43825857216
"SUN1",115.068573671915,87.0986530120649,56.5516804929959,131.016507211816,106.995658060931,99.3934062002618,125.250212625742,56.5516804929959,187.437106140116,158.58331452997,117.866119967842,123.637447247593,168.799185992359,81.4588994334592,154.830295807361,79.312566460003,107.771563653909,120.483904217466,161.491783804582,169.672352632144,156.327926423898
"CRYL1",26.7967911290761,47.9780715744425,27.7965887168963,41.025370945114,28.3492769221271,44.3573878910259,37.2365496995448,27.7965887168963,166.738530001944,112.438169728216,56.1705727971745,14.5455820291286,90.7827554916886,46.5479425334052,38.37673998644,43.8160332191625,101.850049167431,34.2114789753299,104.334579424309,22.7918085625269,14.7479175871601
"KPNA6",1505.34914872163,834.080321217231,1017.93024887393,909.175156106236,1098.30585753144,1271.57845287608,863.210924853084,1017.93024887393,654.304990145559,477.049806823762,971.474660672445,1214.55609943224,449.65833579477,930.404708495088,907.808401058546,907.380130968985,739.00500791252,873.880169478536,541.632555794021,985.112614535883,700.034488137202
"TUG1",401.951866936141,199.293528078454,201.285642432697,238.21183129421,328.302916614311,83.7861771274934,344.155989647308,201.285642432697,450.194031005249,455.602063465201,284.536180234868,244.850630823666,692.218510624126,198.937040113006,569.034420488593,201.88653280728,187.119857772721,368.145262886703,569.757529377965,291.228664965621,421.79044299278
"CBR4",138.712801138747,244.319102940623,308.637985063469,295.117990992272,231.366679396715,253.001397600666,236.959861724376,308.637985063469,207.560721830006,160.533109380748,254.148821180658,123.637447247593,167.380705437801,242.160129608311,199.823715101808,231.282099397351,206.068704129453,171.801122680461,218.648988184856,207.658700236356,176.975011045922
"TAOK3",485.494803985614,297.464043761544,220.455703616764,398.34311788643,484.68118608798,327.751810528136,489.71704756371,220.455703616764,439.844742936163,508.896456053142,355.440018028022,448.488779231467,841.158968852677,287.599787795682,690.781319755919,353.856065744629,446.482192280481,596.469698656839,618.749418846771,478.627979813064,444.403916626426
"ZFHX3",931.582562193174,431.064519991914,437.077394996714,642.510244962995,630.085541914374,535.574387128683,542.750921378214,437.077394996714,679.603249869992,978.147083473791,490.80189017859,800.007011602075,1194.36062693753,299.79091560205,870.754996933707,454.244698816381,1009.02606849594,1158.72791833835,802.922632960986,820.505108250967,865.211165113395
"ABHD2",2348.65992837196,1962.67218948373,2485.39843251421,2336.46104527738,2190.21026543531,2090.54726264187,1768.17192058142,2485.39843251421,1440.27592294783,850.760486556274,2180.52321940507,2223.04978678516,1378.76309903002,2511.92647028483,1238.64236645889,2307.82929398652,1974.23292979194,1518.69217538312,1664.81698472702,1529.58359686291,1428.58161694291
"FAM120A",149.746773956602,207.412894037205,193.617617959071,195.201361754978,316.414510163096,218.501207018757,244.858523781855,193.617617959071,271.956292037653,383.459653986403,180.482496200757,162.425665991937,417.033283039945,192.287334036805,305.690584029918,251.248899345324,226.20185338348,357.733073633341,283.971507476597,314.020473528148,372.630717702246
"MED13L",367.273666651455,69.3836727384246,46.0081468417594,194.539662223605,216.734794533682,110.893469727565,331.743806414126,46.0081468417594,328.302415969345,265.822031322778,202.582393694728,247.274894495187,768.816460570238,103.070444181112,303.043912306716,88.7413331021013,307.918753296883,304.928399562723,342.943226281641,215.255969757198,442.437527614804
"GLG1",1426.53505716552,1503.55895072522,1543.18992531735,1596.68096920258,1586.64501483518,2048.65417407812,1316.81980301118,1543.18992531735,1325.28383329131,948.25022909519,1385.84773868439,1340.61781035136,1713.52450990562,1584.29247265483,1135.42216925398,1491.40902944719,1228.12210449565,1335.73513564549,1183.06340495042,1197.83616111947,1357.79161252454
"TBCB",1393.43313871196,1019.34948991239,1063.93839571569,1131.5061986475,1015.08701237294,1140.97058853028,707.494444291351,1063.93839571569,607.158233386389,1162.07773106388,1000.9411906644,1088.49438851313,390.08215250335,1011.30946575553,778.12148662161,948.977630860595,780.455609317869,469.292244205069,805.644404598141,584.989753104856,905.522139851633
"RBM39",849.615906974824,932.250836900321,804.184066671586,934.319738298403,1009.6000555493,1206.68523725772,1015.54226453304,804.184066671586,1312.05974298081,1033.39127091251,1030.40772065637,1127.28260725747,1361.74133237533,911.009732439503,1380.23930365024,895.732830999335,1039.81794382563,1233.1006987195,1162.19648906556,947.126266931672,1121.82493112998
"NAV2",617.902477799872,141.719842189122,179.240072071021,342.098657719741,535.892783108597,363.073434219138,554.03472431747,179.240072071021,804.944627595592,843.611238770087,455.810385813137,312.730013626266,741.865330033643,223.319295725742,808.558211438442,229.063566069799,433.454860410228,658.199106373195,667.741308315577,488.75767250752,546.656145230736
"HMOX2",319.985211717791,209.62726657141,148.567974176515,260.047915829513,160.036240689427,382.787828837372,78.986620574792,148.567974176515,90.8437508286454,64.3432300756846,201.661564632479,147.880083962808,31.206572200268,195.058044901889,95.2801820352992,165.280732902664,117.245986832275,166.595028053781,171.471613140821,240.580201493339,114.050562674038
"ZFYVE26",145.017928463235,34.6918363692123,54.6346743745893,33.7466761000131,59.442032256073,9.85719730911688,84.62852204442,54.6346743745893,70.145174690473,46.1451448017536,143.649333710807,58.1823281165146,228.375369283779,59.8473546858067,92.6335103120965,92.6237664253182,55.6622361728981,65.4480467354138,116.128923185318,75.9726952084229,175.0086220343
"RBM15",23.6442274668318,41.3349539718274,25.8795825984897,34.4083756313859,35.6652193536438,15.6072290727684,37.2365496995448,25.8795825984897,56.3461239316914,4.54952131848275,49.7247693614332,60.606591788036,63.8316249550936,57.0766438207231,59.550113772062,52.6901665293726,30.7918753296883,29.0053843486493,39.0120601325677,48.1160402986678,59.9748648544513
"RAP1GDS1",1333.53442912932,1886.64539914269,1946.71971324194,1526.54081887706,1512.57109771607,1858.90312587762,1365.34015564998,1946.71971324194,1130.37224132352,1288.81439636447,1785.48755170035,1784.25806223978,510.652999640748,1808.7200527266,647.111236323074,1890.19039507476,1282.60003777125,1047.16874776662,1144.05134481786,1200.36858429308,894.707000287716
"OSBPL3",204.916638045876,312.964651500979,418.865836871851,320.262573184438,352.99422232068,453.431076219376,250.500425251483,418.865836871851,185.137264346986,95.5399476881377,357.28167615252,322.427068312352,192.913355419838,393.995085014894,263.343836458674,377.15066568393,188.304160670017,58.7544965011101,231.35058915825,139.283274548775,269.395294592125
"RBM5",313.680084393302,205.936645681069,135.148931347668,257.401117704022,190.214503219434,224.251238782409,450.223737276314,135.148931347668,468.592765350291,408.157055429595,197.978248383484,242.426367152144,534.767169068228,171.784073635186,431.407490882049,166.944632898328,178.829737491651,439.543132052608,407.358488360997,389.993168736571,355.916411103465
"VPS13B",482.342240323369,333.632128486893,357.521641082839,279.898901770697,509.372491794349,380.323529510093,387.034440816481,357.521641082839,592.784222179325,379.560064284846,565.38904422074,455.761570246031,802.859993879621,330.822877290987,359.947354355575,396.562832300015,300.812935913109,397.894375039163,506.249524510994,668.559717834121,672.505041974503
"AR",494.952494972346,625.929303001958,645.072558843835,605.455071206118,817.556566721989,782.825752965698,346.412750235159,645.072558843835,454.793714591509,460.80151640061,564.468215158491,686.066619040568,295.043955347988,617.314380740636,655.051251492682,553.524065224357,521.09327481011,302.697216151289,415.523803272465,245.645047840567,466.034195754261
"RPS16",113.492291840793,90.0511497243383,59.4271896706059,66.1699531372807,82.3043523545627,64.8932156183528,308.047820241689,59.4271896706059,205.260880036876,208.62804903328,119.707778092339,87.2734921747719,212.772083183645,84.7837524715596,185.267020624193,65.4467331627997,98.2971404755435,142.795738331812,194.153043450453,194.996584368285,273.328072615368
"PFDN1",121.373700996403,144.672338901396,137.065937466075,138.295202056917,105.166672453052,158.536590054963,109.452888510783,137.065937466075,112.1172874151,135.835707937556,78.2704702911448,89.6977558462933,41.1359360821714,109.720150257312,54.2567703256565,123.683233011054,112.508775243092,117.50899300222,93.4474928756853,65.8430025139665,154.361537412276
"SRSF11",851.192188805946,649.549276700145,613.441957890125,925.717644390556,1133.97107688509,1058.00584451188,1499.61741062712,613.441957890125,964.208671769862,1419.45065136662,960.424711925459,1246.07152716202,1424.15447677587,618.976807259686,1069.25537617391,814.201731211779,1107.32320897148,1293.34265082823,1397.17610707335,1408.02728452944,1609.48940601208
"SCN1B",318.408929886669,105.551757463774,148.567974176515,183.290770190267,97.8507300215356,238.215601636991,88.0136629261968,148.567974176515,73.5949373801684,163.782767465379,125.232752465832,160.001402320415,43.9728971912867,93.6500272398272,109.836876512914,92.0691330934301,120.798895524162,171.05739487665,103.427322211924,162.075083111302,123.882507732145
"SNX27",2350.23621020308,2206.99129242436,1875.7904868609,2017.52187115569,2415.17549520444,1879.43895360495,2001.74664142401,1875.7904868609,1696.70828288185,1810.70948475613,1879.41211604972,1738.19705248087,1612.81239053203,1815.3697588028,1893.69361795157,2363.29262717533,1928.04511679741,2179.12246516775,1702.01453043481,1448.54605530726,1474.79175871601
"SKIV2L2",133.98395564538,496.757571839997,389.152242036548,239.535230356956,347.507265497042,298.180218600785,313.689721711317,389.152242036548,255.282439037459,246.324082814994,243.098872433673,305.457222611702,234.04929150201,288.153929968699,103.220197204908,386.02479899414,223.833247588888,221.630885535833,315.725509910082,167.13992945853,194.672512150514
"SRI",190.730101565777,357.25210218508,203.202648551104,334.158263343267,335.618859045828,147.03652652766,583.372611959535,203.202648551104,578.410210972261,453.002336997496,267.96125711439,189.092566378672,832.648085525331,298.682631256017,338.773980569953,242.374766035114,309.103056194179,371.120174101949,733.971084819703,478.627979813064,346.084466045358
"ALMS1",365.697384820332,193.388534653907,273.173371872946,263.356413486377,423.410168224028,237.394168527898,366.72359552582,273.173371872946,480.091974315942,418.555961300413,430.027172070172,339.396914013002,592.924871805091,269.867238259147,271.283851628283,287.854699249941,326.867599653614,339.139878538053,412.802031635309,344.409551611517,337.235715493062
"SFPQ",896.904361908488,840.723438819846,890.449341999885,770.87995404932,919.065267959283,915.076483529683,1090.01536393213,890.449341999885,1012.5053494256,1312.21193457381,1079.21166095555,700.612201069696,1419.89903511219,845.620956023529,1320.68918987818,747.091098053315,959.285346809521,1384.82117069705,900.906411898597,1086.40954148045,1253.57299490861
"ETV6",184.424974241288,115.147371778662,102.559827334755,136.971802994171,55.7840610403147,52.5717189819567,156.844860855658,102.559827334755,131.090982208425,150.784135126857,131.678555901573,118.788919904551,414.196321930829,83.6754681255261,345.39065987796,46.034566546715,225.017550486184,97.4283422993092,158.770012167427,146.880544069618,158.294315435519
"CYCS",1426.53505716552,1192.07054758038,1245.09547390511,1176.50176678085,935.526138430196,1488.43679367665,818.07571309606,1245.09547390511,799.769983561049,805.265273371446,903.333310066036,991.523841652269,912.082996580559,1135.43731251128,661.667930800689,1422.63449629306,956.916741014929,1207.0702255861,1166.73277512749,853.42660950795,1058.9004827581
"PHTF2",146.594210294357,368.323964856105,589.479381410042,362.611343192298,441.70002430282,307.215982800809,303.534299065986,589.479381410042,243.783230071808,306.117791572196,501.851838925576,295.760167925616,188.657913756165,402.861359783162,224.967096472234,378.814565679595,213.174521513227,234.274258200629,202.318358361921,291.228664965621,326.420575929145
"RIOK3",376.731357638187,610.428695262522,695.873220981611,577.001991357087,407.863790557055,443.573878910259,379.135778759002,695.873220981611,299.554393555217,212.527638734837,533.160027042034,429.094669859295,212.772083183645,616.760238567619,451.25752880607,648.920998309115,272.389666378012,151.72047197755,418.245574909621,468.498287118608,340.185299010494
"PTPRB",25.220509297954,13.2862352052302,23.962576480083,58.8912582921798,76.8173955309252,32.8573243637229,165.871903207063,23.962576480083,169.038371795074,78.6417256480589,110.499487469852,24.2426367152144,87.9457943825733,31.0319616889368,133.656922021739,11.6472999696508,63.952356453968,121.227632021278,68.0442909288971,121.556312333477,144.529592354169
"PRKAR2A",302.646111575447,585.332473208199,613.441957890125,463.851371492337,520.346405441624,450.145343783004,372.365496995448,613.441957890125,319.103048796824,302.21820187064,467.781163622371,450.913042902988,273.766747029623,564.670874304047,328.187293677142,545.759198577923,482.011279199352,269.22946497977,452.721348980262,372.266206521272,293.975157237392
"G3BP1",1409.19595702318,1722.04370743345,1228.80092189866,1459.04746667704,1503.42616967668,1301.15004480343,1317.9481833051,1228.80092189866,1314.35958477394,891.056246805692,1097.62824220052,1810.92496262652,1036.90928538163,1563.23507008019,844.288279701679,1331.11999653152,948.626620733859,1172.11501880696,1127.72071499492,1043.35834752901,1205.39646412389
"WSB1",532.783258919277,138.029221298781,141.858452762091,286.515897084425,438.956545891001,234.108436091526,530.338738145032,141.858452762091,469.167725798573,774.718487375919,261.515453678649,155.152874977372,1246.84440745616,153.497381925634,403.61743778842,260.677665987422,358.843777880599,432.105854014493,553.42689955503,417.849823646326,449.319889155479
"CEP57",93.0006280362052,172.721057667993,96.8088089795354,125.722910960833,111.568122080629,183.179583327755,190.696269673426,96.8088089795354,195.486552416072,138.435434405261,158.382598706787,147.880083962808,297.880916457103,187.300054479654,134.980257883341,169.717799557769,90.0070201944736,162.132661230911,146.068411194032,182.334468500215,197.622095667946
"SOAT1",113.492291840793,108.504254176047,97.7673120387387,109.842122207886,107.910150864871,64.0717825092597,179.41246673417,97.7673120387387,157.539162829423,206.678254182502,117.866119967842,75.1521738171647,402.848477494368,96.9748802779276,68.8134648032717,123.128599679166,85.2698086052907,87.0161530459479,97.0765217252265,308.95562718092,207.454040726053
"MAP2K5",203.340356214754,256.867213967785,230.040734208797,239.535230356956,160.036240689427,226.715538109688,187.31112879165,230.040734208797,136.265626242968,172.881810102344,284.536180234868,181.819775364108,90.7827554916886,283.166650411549,193.207035793801,206.878232794274,113.693078140388,127.17745445177,139.717610707335,157.010236764074,171.075844011058
"PPFIBP1",152.899337618846,180.102299448677,226.206721971984,183.95246972164,198.44493845489,135.536463000357,273.068031129995,226.206721971984,246.658032313221,98.1396741558421,187.849128698748,193.941093721715,469.517063558577,119.140567198597,256.727157150667,185.802166182525,191.857069361904,301.953488347477,317.540024334853,554.600675021487,296.924740754824
"ARIH1",1297.27994701351,1266.62108956528,1416.66752150251,1570.21298794767,1941.46822276374,1306.90007656708,1491.71874856964,1416.66752150251,1236.7399242558,963.19865628449,1459.51406366429,1827.89480832717,1234.07808246514,1181.43111287167,1074.54871962032,1447.03836289614,1457.87686657101,1298.54874545491,909.97898402245,1286.47097219596,1172.95104543214
"TARDBP",1503.7728668905,1268.09733792142,1049.56084982764,1124.88920333377,958.388458528685,838.683204384027,1053.90719452651,1049.56084982764,1229.84039887641,954.099613647525,1264.29830246755,2036.38148407801,1058.1864937,1905.14079083151,907.808401058546,1493.07292944285,1451.95535208453,728.109519931478,1269.25284012703,1539.71328955737,1484.62370377412
"JMJD1C",428.748658065217,620.762433755479,600.022915061279,562.444601666886,768.173955309251,371.287765310069,635.278105480113,600.022915061279,569.21084379974,538.143378814817,551.576608287009,656.97545498231,893.64274937131,502.052808753157,760.918120420793,724.351131445902,736.636402117928,809.919578350746,750.301714642638,554.600675021487,644.975595811804
"CCDC93",182.848692410166,134.338600408439,99.6843181571453,141.603699713781,138.088413394877,200.42967861871,153.459719973882,99.6843181571453,190.886868829812,98.7896057727682,112.341145594349,135.758765605201,252.489538711259,144.07696498435,283.193874382695,165.280732902664,183.566949080834,194.856684598618,186.894985751371,200.061430715514,150.428759389034
"UBE2L3",269.544193121883,258.343462323921,247.293789274457,192.554563629487,238.682621828232,232.46556987334,164.743522913138,247.293789274457,244.35819052009,248.923809282699,182.324154325255,186.668302707151,117.733886028284,194.503902728872,195.853707517004,227.954299406023,207.253007026748,207.500057263414,229.536074733479,189.931738021057,130.76486927282
"FXR1",1527.41709435734,3305.32006939005,2494.98346310624,2394.69060403819,2306.35085153563,2912.80180484404,2189.05777021566,2494.98346310624,1948.54095922961,1314.81166104151,2167.63161253359,2589.1136011849,1530.54051836769,3124.80771364134,1696.51657457297,3045.49162539774,1916.20208782445,1894.27471630794,2068.54644423847,1947.43342050924,1743.20385880233
"UBE2W",379.883921300431,526.282538962731,412.156315457428,494.951249466859,576.130466481939,360.609134891859,417.500708752472,412.156315457428,383.498619004471,262.572373238147,374.777428335246,436.367460873859,235.467772056567,457.167292738802,234.230447503444,543.54066525037,556.622361728981,396.40691943154,369.253685440815,321.61774304899,321.504603400091
"SNRPB",4.72884549336637,5.16686924647842,2.87550917760996,3.97019718823684,0.914492803939585,12.3214966363961,4.5135211757024,2.87550917760996,3.44976268969539,9.0990426369655,11.9707778092339,4.84852734304288,22.6956888729222,5.54142173016729,7.94001516960827,2.21853332755253,5.92151448647852,5.20609462668064,7.25805769908236,7.59726952084229,10.8151395639174
"PSMB2",955.226789660006,1780.35551750085,1989.85235090609,1633.73614295946,1869.22329125251,1141.79202163937,898.190713964778,1989.85235090609,817.018797009526,863.10918727787,1570.01355113414,1961.22931026085,598.598794023322,1665.19722991527,551.831054287775,1957.30102823322,1427.08499124132,1062.04330384285,1318.24472959583,929.399304716373,1105.1106245312
"FAM46A",113.492291840793,134.338600408439,163.904023123768,159.469587060846,125.285514139723,172.500952909545,132.020494389295,163.904023123768,70.7201351387556,122.187143982108,137.203530275066,84.8492285032504,110.641483255495,162.363656693902,260.697164735472,97.0608330804233,58.0308419674895,75.8602359887751,82.5604063270618,172.204775805758,58.9916703486406
"MTDH",1000.93896276255,1672.58938750287,1828.82383695994,1847.46509159288,1793.32038852553,1578.79443567689,1679.02987736129,1828.82383695994,1158.54530328937,1123.73176566524,1695.24630359997,1602.43828687567,1147.55076863713,1927.8606199252,1183.06226027163,1860.2401951528,2145.95684989982,1003.28880734174,1176.71260446373,1273.80885632789,1010.72395197338
"OSBPL8",753.462715276374,2501.50283947363,2275.48626254868,2049.28344866158,2056.69431606013,1622.33039045882,1848.28692145013,2275.48626254868,1415.55262367168,1074.33696277885,2166.71078347134,1987.89621064758,1112.08875477319,2385.58205483702,1197.61895474925,2229.62599419029,1378.5285724522,1485.96815201542,1616.73235247059,1577.69963716158,1012.690340985
"KLF6",173.391001423433,160.9110708189,165.821029242174,61.538056417671,121.627542923965,226.715538109688,174.898945558468,165.821029242174,246.658032313221,255.42312545196,93.9245643493738,113.940392561508,527.67476629544,174.000642327253,152.183624084159,161.398299579447,129.089015805232,179.982128522388,154.2337261055,210.19112340997,223.185152819024
