"","p.adj","p.vec","reg.mat"
"AAAS:CHCHD2",0.984971098265896,0.333333333333333,-1
"AAAS:COPS5",0.984971098265896,0.333333333333333,-1
"AAAS:DDB1",0.984971098265896,0.333333333333333,1
"AAAS:MAPRE2",0.984971098265896,0.333333333333333,-1
"AAAS:OAT",0.984971098265896,0.333333333333333,-1
"AAAS:TBK1",0.984971098265896,0.333333333333333,-1
"ADAM15:AGTPBP1",0.984971098265896,0.333333333333333,-1
"ADAM15:ANK2",0.984971098265896,0.333333333333333,1
"ADAM15:ATP6V1E1",0.984971098265896,0.333333333333333,-1
"ADAM15:BCAS2",0.984971098265896,0.333333333333333,-1
"ADAM15:CDC123",0.984971098265896,0.333333333333333,-1
"ADAM15:EFEMP2",0.984971098265896,0.333333333333333,-1
"ADAM15:EPS15",0.984971098265896,0.333333333333333,-1
"ADAM15:KIF3A",0.984971098265896,0.333333333333333,1
"ADAM15:NDFIP1",0.984971098265896,0.333333333333333,1
"ADAM15:PFN2",0.984971098265896,0.333333333333333,-1
"ADAM15:PJA2",0.984971098265896,0.333333333333333,-1
"ADAM15:PSMC6",0.984971098265896,0.333333333333333,-1
"ADAM15:PSMD6",0.984971098265896,0.333333333333333,-1
"ADAM15:RANBP6",0.984971098265896,0.333333333333333,-1
"ADAM15:RNF11",0.984971098265896,0.333333333333333,-1
"ADAM15:RNF14",0.984971098265896,0.333333333333333,1
"ADAM15:RPA3",0.984971098265896,0.333333333333333,-1
"ADAM15:SUMO1",0.984971098265896,0.333333333333333,-1
"ADAM15:TAX1BP1",0.984971098265896,0.333333333333333,-1
"ADAM15:USP14",0.984971098265896,0.333333333333333,1
"AGTPBP1:BCAS2",0.984971098265896,0.333333333333333,1
"AGTPBP1:EFEMP2",0.984971098265896,0.333333333333333,1
"AGTPBP1:EPS15",0.984971098265896,0.333333333333333,1
"AGTPBP1:NDFIP1",0.984971098265896,0.333333333333333,-1
"AGTPBP1:PFN2",0.984971098265896,0.333333333333333,1
"AGTPBP1:PSMC6",0.984971098265896,0.333333333333333,1
"AGTPBP1:RNF11",0.984971098265896,0.333333333333333,1
"ANK2:AGTPBP1",0.984971098265896,0.333333333333333,-1
"ANK2:BCAS2",0.984971098265896,0.333333333333333,-1
"ANK2:EFEMP2",0.984971098265896,0.333333333333333,-1
"ANK2:EPS15",0.984971098265896,0.333333333333333,-1
"ANK2:NDFIP1",0.984971098265896,0.333333333333333,1
"ANK2:PFN2",0.984971098265896,0.333333333333333,-1
"ANK2:PSMC6",0.984971098265896,0.333333333333333,-1
"ANK2:RNF11",0.984971098265896,0.333333333333333,-1
"ANKMY2:AAAS",0.984971098265896,0.333333333333333,-1
"ANKMY2:ARL1",0.984971098265896,0.333333333333333,1
"ANKMY2:BCL2",0.984971098265896,0.333333333333333,1
"ANKMY2:CDC42",0.984971098265896,0.333333333333333,-1
"ANKMY2:CHCHD2",0.984971098265896,0.333333333333333,1
"ANKMY2:COPS2",0.984971098265896,0.333333333333333,1
"ANKMY2:COPS5",0.984971098265896,0.333333333333333,1
"ANKMY2:CUL1",0.984971098265896,0.333333333333333,1
"ANKMY2:DDB1",0.984971098265896,0.333333333333333,-1
"ANKMY2:HINT1",0.984971098265896,0.333333333333333,1
"ANKMY2:MAPRE2",0.984971098265896,0.333333333333333,1
"ANKMY2:MORF4L1",0.984971098265896,0.333333333333333,1
"ANKMY2:NOTCH3",0.984971098265896,0.333333333333333,-1
"ANKMY2:OAT",0.984971098265896,0.333333333333333,1
"ANKMY2:PCMT1",0.984971098265896,0.333333333333333,1
"ANKMY2:PSMC2",0.984971098265896,0.333333333333333,-1
"ANKMY2:PSMD1",0.984971098265896,0.333333333333333,1
"ANKMY2:SKIV2L2",0.984971098265896,0.333333333333333,1
"ANKMY2:STK39",0.984971098265896,0.333333333333333,-1
"ANKMY2:TBK1",0.984971098265896,0.333333333333333,1
"ANKMY2:TMEM30A",0.984971098265896,0.333333333333333,1
"ANKMY2:TXNL1",0.984971098265896,0.333333333333333,-1
"ANKMY2:YWHAQ",0.984971098265896,0.333333333333333,-1
"ARL1:AAAS",0.984971098265896,0.333333333333333,-1
"ARL1:BCL2",0.984971098265896,0.333333333333333,1
"ARL1:CDC42",0.984971098265896,0.333333333333333,-1
"ARL1:CHCHD2",0.984971098265896,0.333333333333333,1
"ARL1:COPS2",0.984971098265896,0.333333333333333,1
"ARL1:COPS5",0.984971098265896,0.333333333333333,1
"ARL1:CUL1",0.984971098265896,0.333333333333333,1
"ARL1:DDB1",0.984971098265896,0.333333333333333,-1
"ARL1:HINT1",0.984971098265896,0.333333333333333,1
"ARL1:MAPRE2",0.984971098265896,0.333333333333333,1
"ARL1:MORF4L1",0.984971098265896,0.333333333333333,1
"ARL1:NOTCH3",0.984971098265896,0.333333333333333,-1
"ARL1:OAT",0.984971098265896,0.333333333333333,1
"ARL1:PCMT1",0.984971098265896,0.333333333333333,1
"ARL1:SKIV2L2",0.984971098265896,0.333333333333333,1
"ARL1:TBK1",0.984971098265896,0.333333333333333,1
"ARL1:TMEM30A",0.984971098265896,0.333333333333333,1
"ARL1:TXNL1",0.984971098265896,0.333333333333333,-1
"ARL1:YWHAQ",0.984971098265896,0.333333333333333,-1
"ARL6IP5:CLCN6",0.984971098265896,0.333333333333333,-1
"ARL6IP5:DDX1",0.984971098265896,0.333333333333333,-1
"ARL6IP5:GOT1",0.984971098265896,0.333333333333333,1
"ARL6IP5:PAFAH1B1",0.984971098265896,0.333333333333333,-1
"ARL6IP5:PDHB",0.984971098265896,0.333333333333333,1
"ARL6IP5:PPP3CA",0.984971098265896,0.333333333333333,1
"ARL6IP5:RASA1",0.984971098265896,0.333333333333333,-1
"ARL6IP5:SARAF",0.984971098265896,0.333333333333333,-1
"ARL6IP5:SNAP25",0.984971098265896,0.333333333333333,1
"ARL6IP5:SNAP91",0.984971098265896,0.333333333333333,1
"ARL6IP5:STAU1",0.984971098265896,0.333333333333333,-1
"ARL6IP5:UBE2D2",0.984971098265896,0.333333333333333,1
"ARL6IP5:VDAC3",0.984971098265896,0.333333333333333,1
"ARL6IP5:WASF1",0.984971098265896,0.333333333333333,-1
"ARL6IP5:YBX1",0.984971098265896,0.333333333333333,1
"ARMC1:ARL6IP5",0.984971098265896,0.333333333333333,-1
"ARMC1:CLCN6",0.984971098265896,0.333333333333333,1
"ARMC1:DDX1",0.984971098265896,0.333333333333333,1
"ARMC1:GOT1",0.984971098265896,0.333333333333333,-1
"ARMC1:PAFAH1B1",0.984971098265896,0.333333333333333,1
"ARMC1:PDHB",0.984971098265896,0.333333333333333,-1
"ARMC1:PPP3CA",0.984971098265896,0.333333333333333,-1
"ARMC1:RASA1",0.984971098265896,0.333333333333333,1
"ARMC1:SARAF",0.984971098265896,0.333333333333333,1
"ARMC1:SNAP25",0.984971098265896,0.333333333333333,-1
"ARMC1:SNAP91",0.984971098265896,0.333333333333333,-1
"ARMC1:STAU1",0.984971098265896,0.333333333333333,1
"ARMC1:UBE2D2",0.984971098265896,0.333333333333333,-1
"ARMC1:VDAC3",0.984971098265896,0.333333333333333,-1
"ARMC1:WASF1",0.984971098265896,0.333333333333333,1
"ARMC1:YBX1",0.984971098265896,0.333333333333333,-1
"ATP6V1A:ARL6IP5",0.984971098265896,0.333333333333333,1
"ATP6V1A:ARMC1",0.984971098265896,0.333333333333333,-1
"ATP6V1A:CLCN6",0.984971098265896,0.333333333333333,-1
"ATP6V1A:DDX1",0.984971098265896,0.333333333333333,-1
"ATP6V1A:GOT1",0.984971098265896,0.333333333333333,1
"ATP6V1A:PAFAH1B1",0.984971098265896,0.333333333333333,-1
"ATP6V1A:PDHB",0.984971098265896,0.333333333333333,1
"ATP6V1A:PPP3CA",0.984971098265896,0.333333333333333,1
"ATP6V1A:RASA1",0.984971098265896,0.333333333333333,-1
"ATP6V1A:SARAF",0.984971098265896,0.333333333333333,-1
"ATP6V1A:SNAP25",0.984971098265896,0.333333333333333,1
"ATP6V1A:SNAP91",0.984971098265896,0.333333333333333,1
"ATP6V1A:STAU1",0.984971098265896,0.333333333333333,-1
"ATP6V1A:UBE2D2",0.984971098265896,0.333333333333333,1
"ATP6V1A:VDAC2",0.984971098265896,0.333333333333333,1
"ATP6V1A:VDAC3",0.984971098265896,0.333333333333333,1
"ATP6V1A:WASF1",0.984971098265896,0.333333333333333,-1
"ATP6V1A:YBX1",0.984971098265896,0.333333333333333,1
"ATP6V1E1:AGTPBP1",0.984971098265896,0.333333333333333,1
"ATP6V1E1:ANK2",0.984971098265896,0.333333333333333,-1
"ATP6V1E1:BCAS2",0.984971098265896,0.333333333333333,1
"ATP6V1E1:CDC123",0.984971098265896,0.333333333333333,1
"ATP6V1E1:EFEMP2",0.984971098265896,0.333333333333333,1
"ATP6V1E1:EPS15",0.984971098265896,0.333333333333333,1
"ATP6V1E1:KIF3A",0.984971098265896,0.333333333333333,-1
"ATP6V1E1:NDFIP1",0.984971098265896,0.333333333333333,-1
"ATP6V1E1:PFN2",0.984971098265896,0.333333333333333,1
"ATP6V1E1:PJA2",0.984971098265896,0.333333333333333,1
"ATP6V1E1:PSMC6",0.984971098265896,0.333333333333333,1
"ATP6V1E1:PSMD6",0.984971098265896,0.333333333333333,1
"ATP6V1E1:RANBP6",0.984971098265896,0.333333333333333,1
"ATP6V1E1:RNF11",0.984971098265896,0.333333333333333,1
"ATP6V1E1:RNF14",0.984971098265896,0.333333333333333,-1
"ATP6V1E1:RPA3",0.984971098265896,0.333333333333333,1
"ATP6V1E1:SUMO1",0.984971098265896,0.333333333333333,1
"ATP6V1E1:TAX1BP1",0.984971098265896,0.333333333333333,1
"ATP6V1E1:USP14",0.984971098265896,0.333333333333333,-1
"BCAS2:EFEMP2",0.984971098265896,0.333333333333333,1
"BCAS2:PFN2",0.984971098265896,0.333333333333333,1
"BCAS2:RNF11",0.984971098265896,0.333333333333333,1
"BCL2:AAAS",0.984971098265896,0.333333333333333,-1
"BCL2:CDC42",0.984971098265896,0.333333333333333,-1
"BCL2:CHCHD2",0.984971098265896,0.333333333333333,1
"BCL2:COPS5",0.984971098265896,0.333333333333333,1
"BCL2:CUL1",0.984971098265896,0.333333333333333,1
"BCL2:DDB1",0.984971098265896,0.333333333333333,-1
"BCL2:HINT1",0.984971098265896,0.333333333333333,1
"BCL2:MAPRE2",0.984971098265896,0.333333333333333,1
"BCL2:NOTCH3",0.984971098265896,0.333333333333333,-1
"BCL2:OAT",0.984971098265896,0.333333333333333,1
"BCL2:PCMT1",0.984971098265896,0.333333333333333,1
"BCL2:SKIV2L2",0.984971098265896,0.333333333333333,1
"BCL2:TBK1",0.984971098265896,0.333333333333333,1
"BCL2:TMEM30A",0.984971098265896,0.333333333333333,1
"CASP10:AAAS",0.984971098265896,0.333333333333333,1
"CASP10:ANKMY2",0.984971098265896,0.333333333333333,-1
"CASP10:ARL1",0.984971098265896,0.333333333333333,-1
"CASP10:BCL2",0.984971098265896,0.333333333333333,-1
"CASP10:CDC42",0.984971098265896,0.333333333333333,1
"CASP10:CHCHD2",0.984971098265896,0.333333333333333,-1
"CASP10:COPS2",0.984971098265896,0.333333333333333,-1
"CASP10:COPS5",0.984971098265896,0.333333333333333,-1
"CASP10:CUL1",0.984971098265896,0.333333333333333,-1
"CASP10:DDB1",0.984971098265896,0.333333333333333,1
"CASP10:GARS",0.984971098265896,0.333333333333333,1
"CASP10:HINT1",0.984971098265896,0.333333333333333,-1
"CASP10:MAPRE2",0.984971098265896,0.333333333333333,-1
"CASP10:MORF4L1",0.984971098265896,0.333333333333333,-1
"CASP10:NOTCH3",0.984971098265896,0.333333333333333,1
"CASP10:OAT",0.984971098265896,0.333333333333333,-1
"CASP10:PCMT1",0.984971098265896,0.333333333333333,-1
"CASP10:PSMC2",0.984971098265896,0.333333333333333,1
"CASP10:PSMD1",0.984971098265896,0.333333333333333,-1
"CASP10:SKIV2L2",0.984971098265896,0.333333333333333,-1
"CASP10:STK39",0.984971098265896,0.333333333333333,1
"CASP10:TBK1",0.984971098265896,0.333333333333333,-1
"CASP10:TMEM30A",0.984971098265896,0.333333333333333,-1
"CASP10:TXNL1",0.984971098265896,0.333333333333333,1
"CASP10:UBE2V2",0.984971098265896,0.333333333333333,-1
"CASP10:VPS35",0.984971098265896,0.333333333333333,-1
"CASP10:YWHAQ",0.984971098265896,0.333333333333333,1
"CASP10:ZC3H15",0.984971098265896,0.333333333333333,-1
"CDC123:AGTPBP1",0.984971098265896,0.333333333333333,1
"CDC123:ANK2",0.984971098265896,0.333333333333333,-1
"CDC123:BCAS2",0.984971098265896,0.333333333333333,1
"CDC123:EFEMP2",0.984971098265896,0.333333333333333,1
"CDC123:EPS15",0.984971098265896,0.333333333333333,1
"CDC123:NDFIP1",0.984971098265896,0.333333333333333,-1
"CDC123:PFN2",0.984971098265896,0.333333333333333,1
"CDC123:PSMC6",0.984971098265896,0.333333333333333,1
"CDC123:RANBP6",0.984971098265896,0.333333333333333,1
"CDC123:RNF11",0.984971098265896,0.333333333333333,1
"CDC42:AAAS",0.984971098265896,0.333333333333333,1
"CDC42:CHCHD2",0.984971098265896,0.333333333333333,-1
"CDC42:COPS5",0.984971098265896,0.333333333333333,-1
"CDC42:DDB1",0.984971098265896,0.333333333333333,1
"CDC42:MAPRE2",0.984971098265896,0.333333333333333,-1
"CDC42:OAT",0.984971098265896,0.333333333333333,-1
"CDC42:PCMT1",0.984971098265896,0.333333333333333,-1
"CDC42:TBK1",0.984971098265896,0.333333333333333,-1
"CHCHD2:TBK1",0.984971098265896,0.333333333333333,1
"CLCN6:DDX1",0.984971098265896,0.333333333333333,1
"CLCN6:GOT1",0.984971098265896,0.333333333333333,-1
"CLCN6:PPP3CA",0.984971098265896,0.333333333333333,-1
"CLCN6:RASA1",0.984971098265896,0.333333333333333,1
"CLCN6:SARAF",0.984971098265896,0.333333333333333,1
"CLCN6:SNAP25",0.984971098265896,0.333333333333333,-1
"CLCN6:UBE2D2",0.984971098265896,0.333333333333333,-1
"CLCN6:VDAC3",0.984971098265896,0.333333333333333,-1
"COPS2:AAAS",0.984971098265896,0.333333333333333,-1
"COPS2:BCL2",0.984971098265896,0.333333333333333,1
"COPS2:CDC42",0.984971098265896,0.333333333333333,-1
"COPS2:CHCHD2",0.984971098265896,0.333333333333333,1
"COPS2:COPS5",0.984971098265896,0.333333333333333,1
"COPS2:CUL1",0.984971098265896,0.333333333333333,1
"COPS2:DDB1",0.984971098265896,0.333333333333333,-1
"COPS2:HINT1",0.984971098265896,0.333333333333333,1
"COPS2:MAPRE2",0.984971098265896,0.333333333333333,1
"COPS2:MORF4L1",0.984971098265896,0.333333333333333,1
"COPS2:NOTCH3",0.984971098265896,0.333333333333333,-1
"COPS2:OAT",0.984971098265896,0.333333333333333,1
"COPS2:PCMT1",0.984971098265896,0.333333333333333,1
"COPS2:SKIV2L2",0.984971098265896,0.333333333333333,1
"COPS2:TBK1",0.984971098265896,0.333333333333333,1
"COPS2:TMEM30A",0.984971098265896,0.333333333333333,1
"COPS2:TXNL1",0.984971098265896,0.333333333333333,-1
"COPS5:CHCHD2",0.984971098265896,0.333333333333333,1
"COPS5:TBK1",0.984971098265896,0.333333333333333,1
"CUL1:AAAS",0.984971098265896,0.333333333333333,-1
"CUL1:CDC42",0.984971098265896,0.333333333333333,-1
"CUL1:CHCHD2",0.984971098265896,0.333333333333333,1
"CUL1:COPS5",0.984971098265896,0.333333333333333,1
"CUL1:DDB1",0.984971098265896,0.333333333333333,-1
"CUL1:MAPRE2",0.984971098265896,0.333333333333333,1
"CUL1:OAT",0.984971098265896,0.333333333333333,1
"CUL1:PCMT1",0.984971098265896,0.333333333333333,1
"CUL1:TBK1",0.984971098265896,0.333333333333333,1
"DDB1:CHCHD2",0.984971098265896,0.333333333333333,-1
"DDB1:COPS5",0.984971098265896,0.333333333333333,-1
"DDB1:TBK1",0.984971098265896,0.333333333333333,-1
"DDX1:GOT1",0.984971098265896,0.333333333333333,-1
"DDX1:PPP3CA",0.984971098265896,0.333333333333333,-1
"DDX1:RASA1",0.984971098265896,0.333333333333333,1
"DDX1:SARAF",0.984971098265896,0.333333333333333,1
"DDX1:SNAP25",0.984971098265896,0.333333333333333,-1
"DDX1:UBE2D2",0.984971098265896,0.333333333333333,-1
"DDX1:VDAC3",0.984971098265896,0.333333333333333,-1
"DNM1L:AAAS",0.984971098265896,0.333333333333333,-1
"DNM1L:ANKMY2",0.984971098265896,0.333333333333333,1
"DNM1L:ARL1",0.984971098265896,0.333333333333333,1
"DNM1L:BCL2",0.984971098265896,0.333333333333333,1
"DNM1L:CASP10",0.984971098265896,0.333333333333333,-1
"DNM1L:CDC42",0.984971098265896,0.333333333333333,-1
"DNM1L:CHCHD2",0.984971098265896,0.333333333333333,1
"DNM1L:COPS2",0.984971098265896,0.333333333333333,1
"DNM1L:COPS5",0.984971098265896,0.333333333333333,1
"DNM1L:CUL1",0.984971098265896,0.333333333333333,1
"DNM1L:DDB1",0.984971098265896,0.333333333333333,-1
"DNM1L:GARS",0.984971098265896,0.333333333333333,-1
"DNM1L:HINT1",0.984971098265896,0.333333333333333,1
"DNM1L:MAPRE2",0.984971098265896,0.333333333333333,1
"DNM1L:MORF4L1",0.984971098265896,0.333333333333333,1
"DNM1L:NOTCH3",0.984971098265896,0.333333333333333,-1
"DNM1L:OAT",0.984971098265896,0.333333333333333,1
"DNM1L:PCMT1",0.984971098265896,0.333333333333333,1
"DNM1L:PSMC2",0.984971098265896,0.333333333333333,-1
"DNM1L:PSMD1",0.984971098265896,0.333333333333333,1
"DNM1L:RAN",0.984971098265896,0.333333333333333,1
"DNM1L:SKIV2L2",0.984971098265896,0.333333333333333,1
"DNM1L:STK39",0.984971098265896,0.333333333333333,-1
"DNM1L:TBK1",0.984971098265896,0.333333333333333,1
"DNM1L:TMEM30A",0.984971098265896,0.333333333333333,1
"DNM1L:TXNL1",0.984971098265896,0.333333333333333,-1
"DNM1L:UBE2V2",0.984971098265896,0.333333333333333,1
"DNM1L:VPS35",0.984971098265896,0.333333333333333,1
"DNM1L:YWHAQ",0.984971098265896,0.333333333333333,-1
"DNM1L:ZC3H15",0.984971098265896,0.333333333333333,1
"EFEMP2:PFN2",0.984971098265896,0.333333333333333,1
"EFEMP2:RNF11",0.984971098265896,0.333333333333333,1
"EPS15:BCAS2",0.984971098265896,0.333333333333333,1
"EPS15:EFEMP2",0.984971098265896,0.333333333333333,1
"EPS15:NDFIP1",0.984971098265896,0.333333333333333,-1
"EPS15:PFN2",0.984971098265896,0.333333333333333,1
"EPS15:RNF11",0.984971098265896,0.333333333333333,1
"GARS:AAAS",0.984971098265896,0.333333333333333,1
"GARS:ANKMY2",0.984971098265896,0.333333333333333,-1
"GARS:ARL1",0.984971098265896,0.333333333333333,-1
"GARS:BCL2",0.984971098265896,0.333333333333333,-1
"GARS:CDC42",0.984971098265896,0.333333333333333,1
"GARS:CHCHD2",0.984971098265896,0.333333333333333,-1
"GARS:COPS2",0.984971098265896,0.333333333333333,-1
"GARS:COPS5",0.984971098265896,0.333333333333333,-1
"GARS:CUL1",0.984971098265896,0.333333333333333,-1
"GARS:DDB1",0.984971098265896,0.333333333333333,1
"GARS:HINT1",0.984971098265896,0.333333333333333,-1
"GARS:MAPRE2",0.984971098265896,0.333333333333333,-1
"GARS:MORF4L1",0.984971098265896,0.333333333333333,-1
"GARS:NOTCH3",0.984971098265896,0.333333333333333,1
"GARS:OAT",0.984971098265896,0.333333333333333,-1
"GARS:PCMT1",0.984971098265896,0.333333333333333,-1
"GARS:PSMC2",0.984971098265896,0.333333333333333,1
"GARS:PSMD1",0.984971098265896,0.333333333333333,-1
"GARS:SKIV2L2",0.984971098265896,0.333333333333333,-1
"GARS:STK39",0.984971098265896,0.333333333333333,1
"GARS:TBK1",0.984971098265896,0.333333333333333,-1
"GARS:TMEM30A",0.984971098265896,0.333333333333333,-1
"GARS:TXNL1",0.984971098265896,0.333333333333333,1
"GARS:UBE2V2",0.984971098265896,0.333333333333333,-1
"GARS:VPS35",0.984971098265896,0.333333333333333,-1
"GARS:YWHAQ",0.984971098265896,0.333333333333333,1
"GOT1:SARAF",0.984971098265896,0.333333333333333,-1
"HINT1:AAAS",0.984971098265896,0.333333333333333,-1
"HINT1:CDC42",0.984971098265896,0.333333333333333,-1
"HINT1:CHCHD2",0.984971098265896,0.333333333333333,1
"HINT1:COPS5",0.984971098265896,0.333333333333333,1
"HINT1:CUL1",0.984971098265896,0.333333333333333,1
"HINT1:DDB1",0.984971098265896,0.333333333333333,-1
"HINT1:MAPRE2",0.984971098265896,0.333333333333333,1
"HINT1:NOTCH3",0.984971098265896,0.333333333333333,-1
"HINT1:OAT",0.984971098265896,0.333333333333333,1
"HINT1:PCMT1",0.984971098265896,0.333333333333333,1
"HINT1:SKIV2L2",0.984971098265896,0.333333333333333,1
"HINT1:TBK1",0.984971098265896,0.333333333333333,1
"HINT1:TMEM30A",0.984971098265896,0.333333333333333,1
"KIF3A:AGTPBP1",0.984971098265896,0.333333333333333,-1
"KIF3A:ANK2",0.984971098265896,0.333333333333333,1
"KIF3A:BCAS2",0.984971098265896,0.333333333333333,-1
"KIF3A:CDC123",0.984971098265896,0.333333333333333,-1
"KIF3A:EFEMP2",0.984971098265896,0.333333333333333,-1
"KIF3A:EPS15",0.984971098265896,0.333333333333333,-1
"KIF3A:NDFIP1",0.984971098265896,0.333333333333333,1
"KIF3A:PFN2",0.984971098265896,0.333333333333333,-1
"KIF3A:PSMC6",0.984971098265896,0.333333333333333,-1
"KIF3A:RANBP6",0.984971098265896,0.333333333333333,-1
"KIF3A:RNF11",0.984971098265896,0.333333333333333,-1
"KIF3A:RNF14",0.984971098265896,0.333333333333333,1
"MAPRE2:CHCHD2",0.984971098265896,0.333333333333333,1
"MAPRE2:COPS5",0.984971098265896,0.333333333333333,1
"MAPRE2:DDB1",0.984971098265896,0.333333333333333,-1
"MAPRE2:OAT",0.984971098265896,0.333333333333333,1
"MAPRE2:TBK1",0.984971098265896,0.333333333333333,1
"MORF4L1:AAAS",0.984971098265896,0.333333333333333,-1
"MORF4L1:BCL2",0.984971098265896,0.333333333333333,1
"MORF4L1:CDC42",0.984971098265896,0.333333333333333,-1
"MORF4L1:CHCHD2",0.984971098265896,0.333333333333333,1
"MORF4L1:COPS5",0.984971098265896,0.333333333333333,1
"MORF4L1:CUL1",0.984971098265896,0.333333333333333,1
"MORF4L1:DDB1",0.984971098265896,0.333333333333333,-1
"MORF4L1:HINT1",0.984971098265896,0.333333333333333,1
"MORF4L1:MAPRE2",0.984971098265896,0.333333333333333,1
"MORF4L1:NOTCH3",0.984971098265896,0.333333333333333,-1
"MORF4L1:OAT",0.984971098265896,0.333333333333333,1
"MORF4L1:PCMT1",0.984971098265896,0.333333333333333,1
"MORF4L1:SKIV2L2",0.984971098265896,0.333333333333333,1
"MORF4L1:TBK1",0.984971098265896,0.333333333333333,1
"MORF4L1:TMEM30A",0.984971098265896,0.333333333333333,1
"MORF4L1:TXNL1",0.984971098265896,0.333333333333333,-1
"NDFIP1:BCAS2",0.984971098265896,0.333333333333333,-1
"NDFIP1:EFEMP2",0.984971098265896,0.333333333333333,-1
"NDFIP1:PFN2",0.984971098265896,0.333333333333333,-1
"NDFIP1:RNF11",0.984971098265896,0.333333333333333,-1
"NOTCH3:AAAS",0.984971098265896,0.333333333333333,1
"NOTCH3:CDC42",0.984971098265896,0.333333333333333,1
"NOTCH3:CHCHD2",0.984971098265896,0.333333333333333,-1
"NOTCH3:COPS5",0.984971098265896,0.333333333333333,-1
"NOTCH3:CUL1",0.984971098265896,0.333333333333333,-1
"NOTCH3:DDB1",0.984971098265896,0.333333333333333,1
"NOTCH3:MAPRE2",0.984971098265896,0.333333333333333,-1
"NOTCH3:OAT",0.984971098265896,0.333333333333333,-1
"NOTCH3:PCMT1",0.984971098265896,0.333333333333333,-1
"NOTCH3:SKIV2L2",0.984971098265896,0.333333333333333,-1
"NOTCH3:TBK1",0.984971098265896,0.333333333333333,-1
"NOTCH3:TMEM30A",0.984971098265896,0.333333333333333,-1
"OAT:CHCHD2",0.984971098265896,0.333333333333333,1
"OAT:COPS5",0.984971098265896,0.333333333333333,1
"OAT:DDB1",0.984971098265896,0.333333333333333,-1
"OAT:TBK1",0.984971098265896,0.333333333333333,1
"PAFAH1B1:CLCN6",0.984971098265896,0.333333333333333,1
"PAFAH1B1:DDX1",0.984971098265896,0.333333333333333,1
"PAFAH1B1:GOT1",0.984971098265896,0.333333333333333,-1
"PAFAH1B1:PDHB",0.984971098265896,0.333333333333333,-1
"PAFAH1B1:PPP3CA",0.984971098265896,0.333333333333333,-1
"PAFAH1B1:RASA1",0.984971098265896,0.333333333333333,1
"PAFAH1B1:SARAF",0.984971098265896,0.333333333333333,1
"PAFAH1B1:SNAP25",0.984971098265896,0.333333333333333,-1
"PAFAH1B1:SNAP91",0.984971098265896,0.333333333333333,-1
"PAFAH1B1:STAU1",0.984971098265896,0.333333333333333,1
"PAFAH1B1:UBE2D2",0.984971098265896,0.333333333333333,-1
"PAFAH1B1:VDAC3",0.984971098265896,0.333333333333333,-1
"PAFAH1B1:YBX1",0.984971098265896,0.333333333333333,-1
"PCMT1:AAAS",0.984971098265896,0.333333333333333,-1
"PCMT1:CHCHD2",0.984971098265896,0.333333333333333,1
"PCMT1:COPS5",0.984971098265896,0.333333333333333,1
"PCMT1:DDB1",0.984971098265896,0.333333333333333,-1
"PCMT1:MAPRE2",0.984971098265896,0.333333333333333,1
"PCMT1:OAT",0.984971098265896,0.333333333333333,1
"PCMT1:TBK1",0.984971098265896,0.333333333333333,1
"PDHB:CLCN6",0.984971098265896,0.333333333333333,-1
"PDHB:DDX1",0.984971098265896,0.333333333333333,-1
"PDHB:GOT1",0.984971098265896,0.333333333333333,1
"PDHB:PPP3CA",0.984971098265896,0.333333333333333,1
"PDHB:RASA1",0.984971098265896,0.333333333333333,-1
"PDHB:SARAF",0.984971098265896,0.333333333333333,-1
"PDHB:SNAP25",0.984971098265896,0.333333333333333,1
"PDHB:SNAP91",0.984971098265896,0.333333333333333,1
"PDHB:STAU1",0.984971098265896,0.333333333333333,-1
"PDHB:UBE2D2",0.984971098265896,0.333333333333333,1
"PDHB:VDAC3",0.984971098265896,0.333333333333333,1
"PDHB:YBX1",0.984971098265896,0.333333333333333,1
"PJA2:AGTPBP1",0.984971098265896,0.333333333333333,1
"PJA2:ANK2",0.984971098265896,0.333333333333333,-1
"PJA2:BCAS2",0.984971098265896,0.333333333333333,1
"PJA2:CDC123",0.984971098265896,0.333333333333333,1
"PJA2:EFEMP2",0.984971098265896,0.333333333333333,1
"PJA2:EPS15",0.984971098265896,0.333333333333333,1
"PJA2:KIF3A",0.984971098265896,0.333333333333333,-1
"PJA2:NDFIP1",0.984971098265896,0.333333333333333,-1
"PJA2:PFN2",0.984971098265896,0.333333333333333,1
"PJA2:PSMC6",0.984971098265896,0.333333333333333,1
"PJA2:RANBP6",0.984971098265896,0.333333333333333,1
"PJA2:RNF11",0.984971098265896,0.333333333333333,1
"PJA2:RNF14",0.984971098265896,0.333333333333333,-1
"PJA2:SUMO1",0.984971098265896,0.333333333333333,1
"PPP3CA:GOT1",0.984971098265896,0.333333333333333,1
"PPP3CA:RASA1",0.984971098265896,0.333333333333333,-1
"PPP3CA:SARAF",0.984971098265896,0.333333333333333,-1
"PSMC2:AAAS",0.984971098265896,0.333333333333333,1
"PSMC2:ARL1",0.984971098265896,0.333333333333333,-1
"PSMC2:BCL2",0.984971098265896,0.333333333333333,-1
"PSMC2:CDC42",0.984971098265896,0.333333333333333,1
"PSMC2:CHCHD2",0.984971098265896,0.333333333333333,-1
"PSMC2:COPS2",0.984971098265896,0.333333333333333,-1
"PSMC2:COPS5",0.984971098265896,0.333333333333333,-1
"PSMC2:CUL1",0.984971098265896,0.333333333333333,-1
"PSMC2:DDB1",0.984971098265896,0.333333333333333,1
"PSMC2:HINT1",0.984971098265896,0.333333333333333,-1
"PSMC2:MAPRE2",0.984971098265896,0.333333333333333,-1
"PSMC2:MORF4L1",0.984971098265896,0.333333333333333,-1
"PSMC2:NOTCH3",0.984971098265896,0.333333333333333,1
"PSMC2:OAT",0.984971098265896,0.333333333333333,-1
"PSMC2:PCMT1",0.984971098265896,0.333333333333333,-1
"PSMC2:SKIV2L2",0.984971098265896,0.333333333333333,-1
"PSMC2:TBK1",0.984971098265896,0.333333333333333,-1
"PSMC2:TMEM30A",0.984971098265896,0.333333333333333,-1
"PSMC2:TXNL1",0.984971098265896,0.333333333333333,1
"PSMC2:YWHAQ",0.984971098265896,0.333333333333333,1
"PSMC6:BCAS2",0.984971098265896,0.333333333333333,1
"PSMC6:EFEMP2",0.984971098265896,0.333333333333333,1
"PSMC6:EPS15",0.984971098265896,0.333333333333333,1
"PSMC6:NDFIP1",0.984971098265896,0.333333333333333,-1
"PSMC6:PFN2",0.984971098265896,0.333333333333333,1
"PSMC6:RNF11",0.984971098265896,0.333333333333333,1
"PSMD1:AAAS",0.984971098265896,0.333333333333333,-1
"PSMD1:ARL1",0.984971098265896,0.333333333333333,1
"PSMD1:BCL2",0.984971098265896,0.333333333333333,1
"PSMD1:CDC42",0.984971098265896,0.333333333333333,-1
"PSMD1:CHCHD2",0.984971098265896,0.333333333333333,1
"PSMD1:COPS2",0.984971098265896,0.333333333333333,1
"PSMD1:COPS5",0.984971098265896,0.333333333333333,1
"PSMD1:CUL1",0.984971098265896,0.333333333333333,1
"PSMD1:DDB1",0.984971098265896,0.333333333333333,-1
"PSMD1:HINT1",0.984971098265896,0.333333333333333,1
"PSMD1:MAPRE2",0.984971098265896,0.333333333333333,1
"PSMD1:MORF4L1",0.984971098265896,0.333333333333333,1
"PSMD1:NOTCH3",0.984971098265896,0.333333333333333,-1
"PSMD1:OAT",0.984971098265896,0.333333333333333,1
"PSMD1:PCMT1",0.984971098265896,0.333333333333333,1
"PSMD1:PSMC2",0.984971098265896,0.333333333333333,-1
"PSMD1:SKIV2L2",0.984971098265896,0.333333333333333,1
"PSMD1:TBK1",0.984971098265896,0.333333333333333,1
"PSMD1:TMEM30A",0.984971098265896,0.333333333333333,1
"PSMD1:TXNL1",0.984971098265896,0.333333333333333,-1
"PSMD1:YWHAQ",0.984971098265896,0.333333333333333,-1
"PSMD6:AGTPBP1",0.984971098265896,0.333333333333333,1
"PSMD6:ANK2",0.984971098265896,0.333333333333333,-1
"PSMD6:BCAS2",0.984971098265896,0.333333333333333,1
"PSMD6:CDC123",0.984971098265896,0.333333333333333,1
"PSMD6:EFEMP2",0.984971098265896,0.333333333333333,1
"PSMD6:EPS15",0.984971098265896,0.333333333333333,1
"PSMD6:KIF3A",0.984971098265896,0.333333333333333,-1
"PSMD6:NDFIP1",0.984971098265896,0.333333333333333,-1
"PSMD6:PFN2",0.984971098265896,0.333333333333333,1
"PSMD6:PJA2",0.984971098265896,0.333333333333333,1
"PSMD6:PSMC6",0.984971098265896,0.333333333333333,1
"PSMD6:RANBP6",0.984971098265896,0.333333333333333,1
"PSMD6:RNF11",0.984971098265896,0.333333333333333,1
"PSMD6:RNF14",0.984971098265896,0.333333333333333,-1
"PSMD6:RPA3",0.984971098265896,0.333333333333333,1
"PSMD6:SUMO1",0.984971098265896,0.333333333333333,1
"RAN:AAAS",0.984971098265896,0.333333333333333,-1
"RAN:ANKMY2",0.984971098265896,0.333333333333333,1
"RAN:ARL1",0.984971098265896,0.333333333333333,1
"RAN:BCL2",0.984971098265896,0.333333333333333,1
"RAN:CASP10",0.984971098265896,0.333333333333333,-1
"RAN:CDC42",0.984971098265896,0.333333333333333,-1
"RAN:CHCHD2",0.984971098265896,0.333333333333333,1
"RAN:COPS2",0.984971098265896,0.333333333333333,1
"RAN:COPS5",0.984971098265896,0.333333333333333,1
"RAN:CUL1",0.984971098265896,0.333333333333333,1
"RAN:DDB1",0.984971098265896,0.333333333333333,-1
"RAN:GARS",0.984971098265896,0.333333333333333,-1
"RAN:HINT1",0.984971098265896,0.333333333333333,1
"RAN:MAPRE2",0.984971098265896,0.333333333333333,1
"RAN:MORF4L1",0.984971098265896,0.333333333333333,1
"RAN:NOTCH3",0.984971098265896,0.333333333333333,-1
"RAN:OAT",0.984971098265896,0.333333333333333,1
"RAN:PCMT1",0.984971098265896,0.333333333333333,1
"RAN:PSMC2",0.984971098265896,0.333333333333333,-1
"RAN:PSMD1",0.984971098265896,0.333333333333333,1
"RAN:SKIV2L2",0.984971098265896,0.333333333333333,1
"RAN:STK39",0.984971098265896,0.333333333333333,-1
"RAN:TBK1",0.984971098265896,0.333333333333333,1
"RAN:TMEM30A",0.984971098265896,0.333333333333333,1
"RAN:TXNL1",0.984971098265896,0.333333333333333,-1
"RAN:UBE2V2",0.984971098265896,0.333333333333333,1
"RAN:VPS35",0.984971098265896,0.333333333333333,1
"RAN:YWHAQ",0.984971098265896,0.333333333333333,-1
"RAN:ZC3H15",0.984971098265896,0.333333333333333,1
"RANBP6:AGTPBP1",0.984971098265896,0.333333333333333,1
"RANBP6:ANK2",0.984971098265896,0.333333333333333,-1
"RANBP6:BCAS2",0.984971098265896,0.333333333333333,1
"RANBP6:EFEMP2",0.984971098265896,0.333333333333333,1
"RANBP6:EPS15",0.984971098265896,0.333333333333333,1
"RANBP6:NDFIP1",0.984971098265896,0.333333333333333,-1
"RANBP6:PFN2",0.984971098265896,0.333333333333333,1
"RANBP6:PSMC6",0.984971098265896,0.333333333333333,1
"RANBP6:RNF11",0.984971098265896,0.333333333333333,1
"RASA1:GOT1",0.984971098265896,0.333333333333333,-1
"RASA1:SARAF",0.984971098265896,0.333333333333333,1
"RNF11:PFN2",0.984971098265896,0.333333333333333,1
"RNF14:AGTPBP1",0.984971098265896,0.333333333333333,-1
"RNF14:ANK2",0.984971098265896,0.333333333333333,1
"RNF14:BCAS2",0.984971098265896,0.333333333333333,-1
"RNF14:CDC123",0.984971098265896,0.333333333333333,-1
"RNF14:EFEMP2",0.984971098265896,0.333333333333333,-1
"RNF14:EPS15",0.984971098265896,0.333333333333333,-1
"RNF14:NDFIP1",0.984971098265896,0.333333333333333,1
"RNF14:PFN2",0.984971098265896,0.333333333333333,-1
"RNF14:PSMC6",0.984971098265896,0.333333333333333,-1
"RNF14:RANBP6",0.984971098265896,0.333333333333333,-1
"RNF14:RNF11",0.984971098265896,0.333333333333333,-1
"RPA3:AGTPBP1",0.984971098265896,0.333333333333333,1
"RPA3:ANK2",0.984971098265896,0.333333333333333,-1
"RPA3:BCAS2",0.984971098265896,0.333333333333333,1
"RPA3:CDC123",0.984971098265896,0.333333333333333,1
"RPA3:EFEMP2",0.984971098265896,0.333333333333333,1
"RPA3:EPS15",0.984971098265896,0.333333333333333,1
"RPA3:KIF3A",0.984971098265896,0.333333333333333,-1
"RPA3:NDFIP1",0.984971098265896,0.333333333333333,-1
"RPA3:PFN2",0.984971098265896,0.333333333333333,1
"RPA3:PJA2",0.984971098265896,0.333333333333333,1
"RPA3:PSMC6",0.984971098265896,0.333333333333333,1
"RPA3:RANBP6",0.984971098265896,0.333333333333333,1
"RPA3:RNF11",0.984971098265896,0.333333333333333,1
"RPA3:RNF14",0.984971098265896,0.333333333333333,-1
"RPA3:SUMO1",0.984971098265896,0.333333333333333,1
"SKIV2L2:AAAS",0.984971098265896,0.333333333333333,-1
"SKIV2L2:CDC42",0.984971098265896,0.333333333333333,-1
"SKIV2L2:CHCHD2",0.984971098265896,0.333333333333333,1
"SKIV2L2:COPS5",0.984971098265896,0.333333333333333,1
"SKIV2L2:CUL1",0.984971098265896,0.333333333333333,1
"SKIV2L2:DDB1",0.984971098265896,0.333333333333333,-1
"SKIV2L2:MAPRE2",0.984971098265896,0.333333333333333,1
"SKIV2L2:OAT",0.984971098265896,0.333333333333333,1
"SKIV2L2:PCMT1",0.984971098265896,0.333333333333333,1
"SKIV2L2:TBK1",0.984971098265896,0.333333333333333,1
"SKIV2L2:TMEM30A",0.984971098265896,0.333333333333333,1
"SNAP25:GOT1",0.984971098265896,0.333333333333333,1
"SNAP25:PPP3CA",0.984971098265896,0.333333333333333,1
"SNAP25:RASA1",0.984971098265896,0.333333333333333,-1
"SNAP25:SARAF",0.984971098265896,0.333333333333333,-1
"SNAP91:CLCN6",0.984971098265896,0.333333333333333,-1
"SNAP91:DDX1",0.984971098265896,0.333333333333333,-1
"SNAP91:GOT1",0.984971098265896,0.333333333333333,1
"SNAP91:PPP3CA",0.984971098265896,0.333333333333333,1
"SNAP91:RASA1",0.984971098265896,0.333333333333333,-1
"SNAP91:SARAF",0.984971098265896,0.333333333333333,-1
"SNAP91:SNAP25",0.984971098265896,0.333333333333333,1
"SNAP91:UBE2D2",0.984971098265896,0.333333333333333,1
"SNAP91:VDAC3",0.984971098265896,0.333333333333333,1
"SNAP91:YBX1",0.984971098265896,0.333333333333333,1
"STAU1:CLCN6",0.984971098265896,0.333333333333333,1
"STAU1:DDX1",0.984971098265896,0.333333333333333,1
"STAU1:GOT1",0.984971098265896,0.333333333333333,-1
"STAU1:PPP3CA",0.984971098265896,0.333333333333333,-1
"STAU1:RASA1",0.984971098265896,0.333333333333333,1
"STAU1:SARAF",0.984971098265896,0.333333333333333,1
"STAU1:SNAP25",0.984971098265896,0.333333333333333,-1
"STAU1:SNAP91",0.984971098265896,0.333333333333333,-1
"STAU1:UBE2D2",0.984971098265896,0.333333333333333,-1
"STAU1:VDAC3",0.984971098265896,0.333333333333333,-1
"STAU1:YBX1",0.984971098265896,0.333333333333333,-1
"STK39:AAAS",0.984971098265896,0.333333333333333,1
"STK39:ARL1",0.984971098265896,0.333333333333333,-1
"STK39:BCL2",0.984971098265896,0.333333333333333,-1
"STK39:CDC42",0.984971098265896,0.333333333333333,1
"STK39:CHCHD2",0.984971098265896,0.333333333333333,-1
"STK39:COPS2",0.984971098265896,0.333333333333333,-1
"STK39:COPS5",0.984971098265896,0.333333333333333,-1
"STK39:CUL1",0.984971098265896,0.333333333333333,-1
"STK39:DDB1",0.984971098265896,0.333333333333333,1
"STK39:HINT1",0.984971098265896,0.333333333333333,-1
"STK39:MAPRE2",0.984971098265896,0.333333333333333,-1
"STK39:MORF4L1",0.984971098265896,0.333333333333333,-1
"STK39:NOTCH3",0.984971098265896,0.333333333333333,1
"STK39:OAT",0.984971098265896,0.333333333333333,-1
"STK39:PCMT1",0.984971098265896,0.333333333333333,-1
"STK39:PSMC2",0.984971098265896,0.333333333333333,1
"STK39:PSMD1",0.984971098265896,0.333333333333333,-1
"STK39:SKIV2L2",0.984971098265896,0.333333333333333,-1
"STK39:TBK1",0.984971098265896,0.333333333333333,-1
"STK39:TMEM30A",0.984971098265896,0.333333333333333,-1
"STK39:TXNL1",0.984971098265896,0.333333333333333,1
"STK39:YWHAQ",0.984971098265896,0.333333333333333,1
"SUMO1:AGTPBP1",0.984971098265896,0.333333333333333,1
"SUMO1:ANK2",0.984971098265896,0.333333333333333,-1
"SUMO1:BCAS2",0.984971098265896,0.333333333333333,1
"SUMO1:CDC123",0.984971098265896,0.333333333333333,1
"SUMO1:EFEMP2",0.984971098265896,0.333333333333333,1
"SUMO1:EPS15",0.984971098265896,0.333333333333333,1
"SUMO1:KIF3A",0.984971098265896,0.333333333333333,-1
"SUMO1:NDFIP1",0.984971098265896,0.333333333333333,-1
"SUMO1:PFN2",0.984971098265896,0.333333333333333,1
"SUMO1:PSMC6",0.984971098265896,0.333333333333333,1
"SUMO1:RANBP6",0.984971098265896,0.333333333333333,1
"SUMO1:RNF11",0.984971098265896,0.333333333333333,1
"SUMO1:RNF14",0.984971098265896,0.333333333333333,-1
"TAX1BP1:AGTPBP1",0.984971098265896,0.333333333333333,1
"TAX1BP1:ANK2",0.984971098265896,0.333333333333333,-1
"TAX1BP1:BCAS2",0.984971098265896,0.333333333333333,1
"TAX1BP1:CDC123",0.984971098265896,0.333333333333333,1
"TAX1BP1:EFEMP2",0.984971098265896,0.333333333333333,1
"TAX1BP1:EPS15",0.984971098265896,0.333333333333333,1
"TAX1BP1:KIF3A",0.984971098265896,0.333333333333333,-1
"TAX1BP1:NDFIP1",0.984971098265896,0.333333333333333,-1
"TAX1BP1:PFN2",0.984971098265896,0.333333333333333,1
"TAX1BP1:PJA2",0.984971098265896,0.333333333333333,1
"TAX1BP1:PSMC6",0.984971098265896,0.333333333333333,1
"TAX1BP1:PSMD6",0.984971098265896,0.333333333333333,1
"TAX1BP1:RANBP6",0.984971098265896,0.333333333333333,1
"TAX1BP1:RNF11",0.984971098265896,0.333333333333333,1
"TAX1BP1:RNF14",0.984971098265896,0.333333333333333,-1
"TAX1BP1:RPA3",0.984971098265896,0.333333333333333,1
"TAX1BP1:SUMO1",0.984971098265896,0.333333333333333,1
"TAX1BP1:USP14",0.984971098265896,0.333333333333333,-1
"TMEM30A:AAAS",0.984971098265896,0.333333333333333,-1
"TMEM30A:CDC42",0.984971098265896,0.333333333333333,-1
"TMEM30A:CHCHD2",0.984971098265896,0.333333333333333,1
"TMEM30A:COPS5",0.984971098265896,0.333333333333333,1
"TMEM30A:CUL1",0.984971098265896,0.333333333333333,1
"TMEM30A:DDB1",0.984971098265896,0.333333333333333,-1
"TMEM30A:MAPRE2",0.984971098265896,0.333333333333333,1
"TMEM30A:OAT",0.984971098265896,0.333333333333333,1
"TMEM30A:PCMT1",0.984971098265896,0.333333333333333,1
"TMEM30A:TBK1",0.984971098265896,0.333333333333333,1
"TXNL1:AAAS",0.984971098265896,0.333333333333333,1
"TXNL1:BCL2",0.984971098265896,0.333333333333333,-1
"TXNL1:CDC42",0.984971098265896,0.333333333333333,1
"TXNL1:CHCHD2",0.984971098265896,0.333333333333333,-1
"TXNL1:COPS5",0.984971098265896,0.333333333333333,-1
"TXNL1:CUL1",0.984971098265896,0.333333333333333,-1
"TXNL1:DDB1",0.984971098265896,0.333333333333333,1
"TXNL1:HINT1",0.984971098265896,0.333333333333333,-1
"TXNL1:MAPRE2",0.984971098265896,0.333333333333333,-1
"TXNL1:NOTCH3",0.984971098265896,0.333333333333333,1
"TXNL1:OAT",0.984971098265896,0.333333333333333,-1
"TXNL1:PCMT1",0.984971098265896,0.333333333333333,-1
"TXNL1:SKIV2L2",0.984971098265896,0.333333333333333,-1
"TXNL1:TBK1",0.984971098265896,0.333333333333333,-1
"TXNL1:TMEM30A",0.984971098265896,0.333333333333333,-1
"U2AF2:ARL6IP5",0.984971098265896,0.333333333333333,1
"U2AF2:ARMC1",0.984971098265896,0.333333333333333,-1
"U2AF2:ATP6V1A",0.984971098265896,0.333333333333333,1
"U2AF2:CLCN6",0.984971098265896,0.333333333333333,-1
"U2AF2:DDX1",0.984971098265896,0.333333333333333,-1
"U2AF2:GOT1",0.984971098265896,0.333333333333333,1
"U2AF2:PAFAH1B1",0.984971098265896,0.333333333333333,-1
"U2AF2:PDHB",0.984971098265896,0.333333333333333,1
"U2AF2:PPP3CA",0.984971098265896,0.333333333333333,1
"U2AF2:RASA1",0.984971098265896,0.333333333333333,-1
"U2AF2:SARAF",0.984971098265896,0.333333333333333,-1
"U2AF2:SNAP25",0.984971098265896,0.333333333333333,1
"U2AF2:SNAP91",0.984971098265896,0.333333333333333,1
"U2AF2:STAU1",0.984971098265896,0.333333333333333,-1
"U2AF2:UBE2D2",0.984971098265896,0.333333333333333,1
"U2AF2:VDAC2",0.984971098265896,0.333333333333333,1
"U2AF2:VDAC3",0.984971098265896,0.333333333333333,1
"U2AF2:WASF1",0.984971098265896,0.333333333333333,-1
"U2AF2:YBX1",0.984971098265896,0.333333333333333,1
"UBE2D2:GOT1",0.984971098265896,0.333333333333333,1
"UBE2D2:PPP3CA",0.984971098265896,0.333333333333333,1
"UBE2D2:RASA1",0.984971098265896,0.333333333333333,-1
"UBE2D2:SARAF",0.984971098265896,0.333333333333333,-1
"UBE2D2:SNAP25",0.984971098265896,0.333333333333333,1
"UBE2D2:VDAC3",0.984971098265896,0.333333333333333,1
"UBE2V2:AAAS",0.984971098265896,0.333333333333333,-1
"UBE2V2:ANKMY2",0.984971098265896,0.333333333333333,1
"UBE2V2:ARL1",0.984971098265896,0.333333333333333,1
"UBE2V2:BCL2",0.984971098265896,0.333333333333333,1
"UBE2V2:CDC42",0.984971098265896,0.333333333333333,-1
"UBE2V2:CHCHD2",0.984971098265896,0.333333333333333,1
"UBE2V2:COPS2",0.984971098265896,0.333333333333333,1
"UBE2V2:COPS5",0.984971098265896,0.333333333333333,1
"UBE2V2:CUL1",0.984971098265896,0.333333333333333,1
"UBE2V2:DDB1",0.984971098265896,0.333333333333333,-1
"UBE2V2:HINT1",0.984971098265896,0.333333333333333,1
"UBE2V2:MAPRE2",0.984971098265896,0.333333333333333,1
"UBE2V2:MORF4L1",0.984971098265896,0.333333333333333,1
"UBE2V2:NOTCH3",0.984971098265896,0.333333333333333,-1
"UBE2V2:OAT",0.984971098265896,0.333333333333333,1
"UBE2V2:PCMT1",0.984971098265896,0.333333333333333,1
"UBE2V2:PSMC2",0.984971098265896,0.333333333333333,-1
"UBE2V2:PSMD1",0.984971098265896,0.333333333333333,1
"UBE2V2:SKIV2L2",0.984971098265896,0.333333333333333,1
"UBE2V2:STK39",0.984971098265896,0.333333333333333,-1
"UBE2V2:TBK1",0.984971098265896,0.333333333333333,1
"UBE2V2:TMEM30A",0.984971098265896,0.333333333333333,1
"UBE2V2:TXNL1",0.984971098265896,0.333333333333333,-1
"UBE2V2:YWHAQ",0.984971098265896,0.333333333333333,-1
"USP14:AGTPBP1",0.984971098265896,0.333333333333333,-1
"USP14:ANK2",0.984971098265896,0.333333333333333,1
"USP14:BCAS2",0.984971098265896,0.333333333333333,-1
"USP14:CDC123",0.984971098265896,0.333333333333333,-1
"USP14:EFEMP2",0.984971098265896,0.333333333333333,-1
"USP14:EPS15",0.984971098265896,0.333333333333333,-1
"USP14:KIF3A",0.984971098265896,0.333333333333333,1
"USP14:NDFIP1",0.984971098265896,0.333333333333333,1
"USP14:PFN2",0.984971098265896,0.333333333333333,-1
"USP14:PJA2",0.984971098265896,0.333333333333333,-1
"USP14:PSMC6",0.984971098265896,0.333333333333333,-1
"USP14:PSMD6",0.984971098265896,0.333333333333333,-1
"USP14:RANBP6",0.984971098265896,0.333333333333333,-1
"USP14:RNF11",0.984971098265896,0.333333333333333,-1
"USP14:RNF14",0.984971098265896,0.333333333333333,1
"USP14:RPA3",0.984971098265896,0.333333333333333,-1
"USP14:SUMO1",0.984971098265896,0.333333333333333,-1
"VDAC2:ARL6IP5",0.984971098265896,0.333333333333333,1
"VDAC2:ARMC1",0.984971098265896,0.333333333333333,-1
"VDAC2:CLCN6",0.984971098265896,0.333333333333333,-1
"VDAC2:DDX1",0.984971098265896,0.333333333333333,-1
"VDAC2:GOT1",0.984971098265896,0.333333333333333,1
"VDAC2:PAFAH1B1",0.984971098265896,0.333333333333333,-1
"VDAC2:PDHB",0.984971098265896,0.333333333333333,1
"VDAC2:PPP3CA",0.984971098265896,0.333333333333333,1
"VDAC2:RASA1",0.984971098265896,0.333333333333333,-1
"VDAC2:SARAF",0.984971098265896,0.333333333333333,-1
"VDAC2:SNAP25",0.984971098265896,0.333333333333333,1
"VDAC2:SNAP91",0.984971098265896,0.333333333333333,1
"VDAC2:STAU1",0.984971098265896,0.333333333333333,-1
"VDAC2:UBE2D2",0.984971098265896,0.333333333333333,1
"VDAC2:VDAC3",0.984971098265896,0.333333333333333,1
"VDAC2:WASF1",0.984971098265896,0.333333333333333,-1
"VDAC2:YBX1",0.984971098265896,0.333333333333333,1
"VDAC3:GOT1",0.984971098265896,0.333333333333333,1
"VDAC3:PPP3CA",0.984971098265896,0.333333333333333,1
"VDAC3:RASA1",0.984971098265896,0.333333333333333,-1
"VDAC3:SARAF",0.984971098265896,0.333333333333333,-1
"VDAC3:SNAP25",0.984971098265896,0.333333333333333,1
"VPS35:AAAS",0.984971098265896,0.333333333333333,-1
"VPS35:ANKMY2",0.984971098265896,0.333333333333333,1
"VPS35:ARL1",0.984971098265896,0.333333333333333,1
"VPS35:BCL2",0.984971098265896,0.333333333333333,1
"VPS35:CDC42",0.984971098265896,0.333333333333333,-1
"VPS35:CHCHD2",0.984971098265896,0.333333333333333,1
"VPS35:COPS2",0.984971098265896,0.333333333333333,1
"VPS35:COPS5",0.984971098265896,0.333333333333333,1
"VPS35:CUL1",0.984971098265896,0.333333333333333,1
"VPS35:DDB1",0.984971098265896,0.333333333333333,-1
"VPS35:HINT1",0.984971098265896,0.333333333333333,1
"VPS35:MAPRE2",0.984971098265896,0.333333333333333,1
"VPS35:MORF4L1",0.984971098265896,0.333333333333333,1
"VPS35:NOTCH3",0.984971098265896,0.333333333333333,-1
"VPS35:OAT",0.984971098265896,0.333333333333333,1
"VPS35:PCMT1",0.984971098265896,0.333333333333333,1
"VPS35:PSMC2",0.984971098265896,0.333333333333333,-1
"VPS35:PSMD1",0.984971098265896,0.333333333333333,1
"VPS35:SKIV2L2",0.984971098265896,0.333333333333333,1
"VPS35:STK39",0.984971098265896,0.333333333333333,-1
"VPS35:TBK1",0.984971098265896,0.333333333333333,1
"VPS35:TMEM30A",0.984971098265896,0.333333333333333,1
"VPS35:TXNL1",0.984971098265896,0.333333333333333,-1
"VPS35:UBE2V2",0.984971098265896,0.333333333333333,1
"VPS35:YWHAQ",0.984971098265896,0.333333333333333,-1
"WASF1:CLCN6",0.984971098265896,0.333333333333333,1
"WASF1:DDX1",0.984971098265896,0.333333333333333,1
"WASF1:GOT1",0.984971098265896,0.333333333333333,-1
"WASF1:PAFAH1B1",0.984971098265896,0.333333333333333,1
"WASF1:PDHB",0.984971098265896,0.333333333333333,-1
"WASF1:PPP3CA",0.984971098265896,0.333333333333333,-1
"WASF1:RASA1",0.984971098265896,0.333333333333333,1
"WASF1:SARAF",0.984971098265896,0.333333333333333,1
"WASF1:SNAP25",0.984971098265896,0.333333333333333,-1
"WASF1:SNAP91",0.984971098265896,0.333333333333333,-1
"WASF1:STAU1",0.984971098265896,0.333333333333333,1
"WASF1:UBE2D2",0.984971098265896,0.333333333333333,-1
"WASF1:VDAC3",0.984971098265896,0.333333333333333,-1
"WASF1:YBX1",0.984971098265896,0.333333333333333,-1
"YBX1:CLCN6",0.984971098265896,0.333333333333333,-1
"YBX1:DDX1",0.984971098265896,0.333333333333333,-1
"YBX1:GOT1",0.984971098265896,0.333333333333333,1
"YBX1:PPP3CA",0.984971098265896,0.333333333333333,1
"YBX1:RASA1",0.984971098265896,0.333333333333333,-1
"YBX1:SARAF",0.984971098265896,0.333333333333333,-1
"YBX1:SNAP25",0.984971098265896,0.333333333333333,1
"YBX1:UBE2D2",0.984971098265896,0.333333333333333,1
"YBX1:VDAC3",0.984971098265896,0.333333333333333,1
"YWHAQ:AAAS",0.984971098265896,0.333333333333333,1
"YWHAQ:BCL2",0.984971098265896,0.333333333333333,-1
"YWHAQ:CDC42",0.984971098265896,0.333333333333333,1
"YWHAQ:CHCHD2",0.984971098265896,0.333333333333333,-1
"YWHAQ:COPS2",0.984971098265896,0.333333333333333,-1
"YWHAQ:COPS5",0.984971098265896,0.333333333333333,-1
"YWHAQ:CUL1",0.984971098265896,0.333333333333333,-1
"YWHAQ:DDB1",0.984971098265896,0.333333333333333,1
"YWHAQ:HINT1",0.984971098265896,0.333333333333333,-1
"YWHAQ:MAPRE2",0.984971098265896,0.333333333333333,-1
"YWHAQ:MORF4L1",0.984971098265896,0.333333333333333,-1
"YWHAQ:NOTCH3",0.984971098265896,0.333333333333333,1
"YWHAQ:OAT",0.984971098265896,0.333333333333333,-1
"YWHAQ:PCMT1",0.984971098265896,0.333333333333333,-1
"YWHAQ:SKIV2L2",0.984971098265896,0.333333333333333,-1
"YWHAQ:TBK1",0.984971098265896,0.333333333333333,-1
"YWHAQ:TMEM30A",0.984971098265896,0.333333333333333,-1
"YWHAQ:TXNL1",0.984971098265896,0.333333333333333,1
"ZC3H15:AAAS",0.984971098265896,0.333333333333333,-1
"ZC3H15:ANKMY2",0.984971098265896,0.333333333333333,1
"ZC3H15:ARL1",0.984971098265896,0.333333333333333,1
"ZC3H15:BCL2",0.984971098265896,0.333333333333333,1
"ZC3H15:CDC42",0.984971098265896,0.333333333333333,-1
"ZC3H15:CHCHD2",0.984971098265896,0.333333333333333,1
"ZC3H15:COPS2",0.984971098265896,0.333333333333333,1
"ZC3H15:COPS5",0.984971098265896,0.333333333333333,1
"ZC3H15:CUL1",0.984971098265896,0.333333333333333,1
"ZC3H15:DDB1",0.984971098265896,0.333333333333333,-1
"ZC3H15:GARS",0.984971098265896,0.333333333333333,-1
"ZC3H15:HINT1",0.984971098265896,0.333333333333333,1
"ZC3H15:MAPRE2",0.984971098265896,0.333333333333333,1
"ZC3H15:MORF4L1",0.984971098265896,0.333333333333333,1
"ZC3H15:NOTCH3",0.984971098265896,0.333333333333333,-1
"ZC3H15:OAT",0.984971098265896,0.333333333333333,1
"ZC3H15:PCMT1",0.984971098265896,0.333333333333333,1
"ZC3H15:PSMC2",0.984971098265896,0.333333333333333,-1
"ZC3H15:PSMD1",0.984971098265896,0.333333333333333,1
"ZC3H15:SKIV2L2",0.984971098265896,0.333333333333333,1
"ZC3H15:STK39",0.984971098265896,0.333333333333333,-1
"ZC3H15:TBK1",0.984971098265896,0.333333333333333,1
"ZC3H15:TMEM30A",0.984971098265896,0.333333333333333,1
"ZC3H15:TXNL1",0.984971098265896,0.333333333333333,-1
"ZC3H15:UBE2V2",0.984971098265896,0.333333333333333,1
"ZC3H15:VPS35",0.984971098265896,0.333333333333333,1
"ZC3H15:YWHAQ",0.984971098265896,0.333333333333333,-1
"AAAS:BCAS2",1,1,-0.5
"AAAS:EFEMP2",1,1,-0.5
"AAAS:EPS15",1,1,-0.5
"AAAS:GOT1",1,1,-0.5
"AAAS:NDFIP1",1,1,0.5
"AAAS:PFN2",1,1,-0.5
"AAAS:PPP3CA",1,1,-0.5
"AAAS:RASA1",1,1,0.5
"AAAS:RNF11",1,1,-0.5
"AAAS:SARAF",1,1,0.5
"ADAM15:AAAS",1,1,0.5
"ADAM15:ANKMY2",1,1,-0.5
"ADAM15:ARL1",1,1,-0.5
"ADAM15:ARL6IP5",1,1,0.5
"ADAM15:ARMC1",1,1,-0.5
"ADAM15:BCL2",1,1,-0.5
"ADAM15:CDC42",1,1,0.5
"ADAM15:CHCHD2",1,1,-0.5
"ADAM15:CLCN6",1,1,-0.5
"ADAM15:COPS2",1,1,-0.5
"ADAM15:COPS5",1,1,-0.5
"ADAM15:CUL1",1,1,-0.5
"ADAM15:DDB1",1,1,0.5
"ADAM15:DDX1",1,1,-0.5
"ADAM15:GOT1",1,1,0.5
"ADAM15:HINT1",1,1,-0.5
"ADAM15:MAPRE2",1,1,-0.5
"ADAM15:MORF4L1",1,1,-0.5
"ADAM15:NOTCH3",1,1,0.5
"ADAM15:OAT",1,1,-0.5
"ADAM15:PAFAH1B1",1,1,-0.5
"ADAM15:PCMT1",1,1,-0.5
"ADAM15:PDHB",1,1,0.5
"ADAM15:PPP3CA",1,1,0.5
"ADAM15:PSMC2",1,1,0.5
"ADAM15:PSMD1",1,1,-0.5
"ADAM15:RASA1",1,1,-0.5
"ADAM15:SARAF",1,1,-0.5
"ADAM15:SKIV2L2",1,1,-0.5
"ADAM15:SNAP25",1,1,0.5
"ADAM15:SNAP91",1,1,0.5
"ADAM15:STAU1",1,1,-0.5
"ADAM15:STK39",1,1,0.5
"ADAM15:TBK1",1,1,-0.5
"ADAM15:TMEM30A",1,1,-0.5
"ADAM15:TXNL1",1,1,0.5
"ADAM15:UBE2D2",1,1,0.5
"ADAM15:UBE2V2",1,1,-0.5
"ADAM15:VDAC2",1,1,0.5
"ADAM15:VDAC3",1,1,0.5
"ADAM15:VPS35",1,1,-0.5
"ADAM15:WASF1",1,1,-0.5
"ADAM15:YBX1",1,1,0.5
"ADAM15:YWHAQ",1,1,0.5
"AGTPBP1:AAAS",1,1,-0.5
"AGTPBP1:CDC42",1,1,-0.5
"AGTPBP1:CHCHD2",1,1,0.5
"AGTPBP1:COPS5",1,1,0.5
"AGTPBP1:CUL1",1,1,0.5
"AGTPBP1:DDB1",1,1,-0.5
"AGTPBP1:DDX1",1,1,0.5
"AGTPBP1:GOT1",1,1,-0.5
"AGTPBP1:MAPRE2",1,1,0.5
"AGTPBP1:OAT",1,1,0.5
"AGTPBP1:PCMT1",1,1,0.5
"AGTPBP1:PPP3CA",1,1,-0.5
"AGTPBP1:RASA1",1,1,0.5
"AGTPBP1:SARAF",1,1,0.5
"AGTPBP1:SNAP25",1,1,-0.5
"AGTPBP1:TBK1",1,1,0.5
"AGTPBP1:UBE2D2",1,1,-0.5
"AGTPBP1:VDAC3",1,1,-0.5
"ANK2:AAAS",1,1,0.5
"ANK2:CDC42",1,1,0.5
"ANK2:CHCHD2",1,1,-0.5
"ANK2:CLCN6",1,1,-0.5
"ANK2:COPS5",1,1,-0.5
"ANK2:CUL1",1,1,-0.5
"ANK2:DDB1",1,1,0.5
"ANK2:DDX1",1,1,-0.5
"ANK2:GOT1",1,1,0.5
"ANK2:MAPRE2",1,1,-0.5
"ANK2:OAT",1,1,-0.5
"ANK2:PCMT1",1,1,-0.5
"ANK2:PPP3CA",1,1,0.5
"ANK2:RASA1",1,1,-0.5
"ANK2:SARAF",1,1,-0.5
"ANK2:SNAP25",1,1,0.5
"ANK2:SNAP91",1,1,0.5
"ANK2:TBK1",1,1,-0.5
"ANK2:TMEM30A",1,1,-0.5
"ANK2:UBE2D2",1,1,0.5
"ANK2:VDAC3",1,1,0.5
"ANK2:YBX1",1,1,0.5
"ANKMY2:AGTPBP1",1,1,0.5
"ANKMY2:ANK2",1,1,-0.5
"ANKMY2:ARL6IP5",1,1,0.5
"ANKMY2:ARMC1",1,1,-0.5
"ANKMY2:BCAS2",1,1,0.5
"ANKMY2:CDC123",1,1,0.5
"ANKMY2:CLCN6",1,1,-0.5
"ANKMY2:DDX1",1,1,-0.5
"ANKMY2:EFEMP2",1,1,0.5
"ANKMY2:EPS15",1,1,0.5
"ANKMY2:GOT1",1,1,0.5
"ANKMY2:KIF3A",1,1,-0.5
"ANKMY2:NDFIP1",1,1,-0.5
"ANKMY2:PAFAH1B1",1,1,-0.5
"ANKMY2:PDHB",1,1,0.5
"ANKMY2:PFN2",1,1,0.5
"ANKMY2:PJA2",1,1,0.5
"ANKMY2:PPP3CA",1,1,0.5
"ANKMY2:PSMC6",1,1,0.5
"ANKMY2:PSMD6",1,1,0.5
"ANKMY2:RANBP6",1,1,0.5
"ANKMY2:RASA1",1,1,-0.5
"ANKMY2:RNF11",1,1,0.5
"ANKMY2:RNF14",1,1,-0.5
"ANKMY2:RPA3",1,1,0.5
"ANKMY2:SARAF",1,1,-0.5
"ANKMY2:SNAP25",1,1,0.5
"ANKMY2:SNAP91",1,1,0.5
"ANKMY2:STAU1",1,1,-0.5
"ANKMY2:SUMO1",1,1,0.5
"ANKMY2:UBE2D2",1,1,0.5
"ANKMY2:USP14",1,1,-0.5
"ANKMY2:VDAC2",1,1,0.5
"ANKMY2:VDAC3",1,1,0.5
"ANKMY2:WASF1",1,1,-0.5
"ANKMY2:YBX1",1,1,0.5
"ARL1:AGTPBP1",1,1,0.5
"ARL1:ANK2",1,1,-0.5
"ARL1:ARL6IP5",1,1,0.5
"ARL1:BCAS2",1,1,0.5
"ARL1:CDC123",1,1,0.5
"ARL1:CLCN6",1,1,-0.5
"ARL1:DDX1",1,1,-0.5
"ARL1:EFEMP2",1,1,0.5
"ARL1:EPS15",1,1,0.5
"ARL1:GOT1",1,1,0.5
"ARL1:KIF3A",1,1,-0.5
"ARL1:NDFIP1",1,1,-0.5
"ARL1:PAFAH1B1",1,1,-0.5
"ARL1:PDHB",1,1,0.5
"ARL1:PFN2",1,1,0.5
"ARL1:PPP3CA",1,1,0.5
"ARL1:PSMC6",1,1,0.5
"ARL1:RANBP6",1,1,0.5
"ARL1:RASA1",1,1,-0.5
"ARL1:RNF11",1,1,0.5
"ARL1:RNF14",1,1,-0.5
"ARL1:SARAF",1,1,-0.5
"ARL1:SNAP25",1,1,0.5
"ARL1:SNAP91",1,1,0.5
"ARL1:STAU1",1,1,-0.5
"ARL1:SUMO1",1,1,0.5
"ARL1:UBE2D2",1,1,0.5
"ARL1:VDAC3",1,1,0.5
"ARL1:WASF1",1,1,-0.5
"ARL1:YBX1",1,1,0.5
"ARL6IP5:AAAS",1,1,-0.5
"ARL6IP5:AGTPBP1",1,1,-0.5
"ARL6IP5:ANK2",1,1,0.5
"ARL6IP5:BCAS2",1,1,-0.5
"ARL6IP5:BCL2",1,1,0.5
"ARL6IP5:CDC123",1,1,-0.5
"ARL6IP5:CDC42",1,1,-0.5
"ARL6IP5:CHCHD2",1,1,0.5
"ARL6IP5:COPS2",1,1,0.5
"ARL6IP5:COPS5",1,1,0.5
"ARL6IP5:CUL1",1,1,0.5
"ARL6IP5:DDB1",1,1,-0.5
"ARL6IP5:EFEMP2",1,1,-0.5
"ARL6IP5:EPS15",1,1,-0.5
"ARL6IP5:HINT1",1,1,0.5
"ARL6IP5:KIF3A",1,1,0.5
"ARL6IP5:MAPRE2",1,1,0.5
"ARL6IP5:MORF4L1",1,1,0.5
"ARL6IP5:NDFIP1",1,1,0.5
"ARL6IP5:NOTCH3",1,1,-0.5
"ARL6IP5:OAT",1,1,0.5
"ARL6IP5:PCMT1",1,1,0.5
"ARL6IP5:PFN2",1,1,-0.5
"ARL6IP5:PSMC6",1,1,-0.5
"ARL6IP5:RANBP6",1,1,-0.5
"ARL6IP5:RNF11",1,1,-0.5
"ARL6IP5:RNF14",1,1,0.5
"ARL6IP5:SKIV2L2",1,1,0.5
"ARL6IP5:SUMO1",1,1,-0.5
"ARL6IP5:TBK1",1,1,0.5
"ARL6IP5:TMEM30A",1,1,0.5
"ARL6IP5:TXNL1",1,1,-0.5
"ARL6IP5:YWHAQ",1,1,-0.5
"ARMC1:AAAS",1,1,0.5
"ARMC1:AGTPBP1",1,1,0.5
"ARMC1:ANK2",1,1,-0.5
"ARMC1:ARL1",1,1,-0.5
"ARMC1:BCAS2",1,1,0.5
"ARMC1:BCL2",1,1,-0.5
"ARMC1:CDC123",1,1,0.5
"ARMC1:CDC42",1,1,0.5
"ARMC1:CHCHD2",1,1,-0.5
"ARMC1:COPS2",1,1,-0.5
"ARMC1:COPS5",1,1,-0.5
"ARMC1:CUL1",1,1,-0.5
"ARMC1:DDB1",1,1,0.5
"ARMC1:EFEMP2",1,1,0.5
"ARMC1:EPS15",1,1,0.5
"ARMC1:HINT1",1,1,-0.5
"ARMC1:KIF3A",1,1,-0.5
"ARMC1:MAPRE2",1,1,-0.5
"ARMC1:MORF4L1",1,1,-0.5
"ARMC1:NDFIP1",1,1,-0.5
"ARMC1:NOTCH3",1,1,0.5
"ARMC1:OAT",1,1,-0.5
"ARMC1:PCMT1",1,1,-0.5
"ARMC1:PFN2",1,1,0.5
"ARMC1:PJA2",1,1,0.5
"ARMC1:PSMC2",1,1,0.5
"ARMC1:PSMC6",1,1,0.5
"ARMC1:PSMD1",1,1,-0.5
"ARMC1:RANBP6",1,1,0.5
"ARMC1:RNF11",1,1,0.5
"ARMC1:RNF14",1,1,-0.5
"ARMC1:RPA3",1,1,0.5
"ARMC1:SKIV2L2",1,1,-0.5
"ARMC1:SUMO1",1,1,0.5
"ARMC1:TBK1",1,1,-0.5
"ARMC1:TMEM30A",1,1,-0.5
"ARMC1:TXNL1",1,1,0.5
"ARMC1:YWHAQ",1,1,0.5
"ATP6V1A:AAAS",1,1,-0.5
"ATP6V1A:ADAM15",1,1,0.5
"ATP6V1A:AGTPBP1",1,1,-0.5
"ATP6V1A:ANK2",1,1,0.5
"ATP6V1A:ANKMY2",1,1,0.5
"ATP6V1A:ARL1",1,1,0.5
"ATP6V1A:ATP6V1E1",1,1,-0.5
"ATP6V1A:BCAS2",1,1,-0.5
"ATP6V1A:BCL2",1,1,0.5
"ATP6V1A:CDC123",1,1,-0.5
"ATP6V1A:CDC42",1,1,-0.5
"ATP6V1A:CHCHD2",1,1,0.5
"ATP6V1A:COPS2",1,1,0.5
"ATP6V1A:COPS5",1,1,0.5
"ATP6V1A:CUL1",1,1,0.5
"ATP6V1A:DDB1",1,1,-0.5
"ATP6V1A:EFEMP2",1,1,-0.5
"ATP6V1A:EPS15",1,1,-0.5
"ATP6V1A:HINT1",1,1,0.5
"ATP6V1A:KIF3A",1,1,0.5
"ATP6V1A:MAPRE2",1,1,0.5
"ATP6V1A:MORF4L1",1,1,0.5
"ATP6V1A:NDFIP1",1,1,0.5
"ATP6V1A:NOTCH3",1,1,-0.5
"ATP6V1A:OAT",1,1,0.5
"ATP6V1A:PCMT1",1,1,0.5
"ATP6V1A:PFN2",1,1,-0.5
"ATP6V1A:PJA2",1,1,-0.5
"ATP6V1A:PSMC2",1,1,-0.5
"ATP6V1A:PSMC6",1,1,-0.5
"ATP6V1A:PSMD1",1,1,0.5
"ATP6V1A:PSMD6",1,1,-0.5
"ATP6V1A:RANBP6",1,1,-0.5
"ATP6V1A:RNF11",1,1,-0.5
"ATP6V1A:RNF14",1,1,0.5
"ATP6V1A:RPA3",1,1,-0.5
"ATP6V1A:SKIV2L2",1,1,0.5
"ATP6V1A:STK39",1,1,-0.5
"ATP6V1A:SUMO1",1,1,-0.5
"ATP6V1A:TAX1BP1",1,1,-0.5
"ATP6V1A:TBK1",1,1,0.5
"ATP6V1A:TMEM30A",1,1,0.5
"ATP6V1A:TXNL1",1,1,-0.5
"ATP6V1A:UBE2V2",1,1,0.5
"ATP6V1A:USP14",1,1,0.5
"ATP6V1A:VPS35",1,1,0.5
"ATP6V1A:YWHAQ",1,1,-0.5
"ATP6V1E1:AAAS",1,1,-0.5
"ATP6V1E1:ANKMY2",1,1,0.5
"ATP6V1E1:ARL1",1,1,0.5
"ATP6V1E1:ARL6IP5",1,1,-0.5
"ATP6V1E1:ARMC1",1,1,0.5
"ATP6V1E1:BCL2",1,1,0.5
"ATP6V1E1:CDC42",1,1,-0.5
"ATP6V1E1:CHCHD2",1,1,0.5
"ATP6V1E1:CLCN6",1,1,0.5
"ATP6V1E1:COPS2",1,1,0.5
"ATP6V1E1:COPS5",1,1,0.5
"ATP6V1E1:CUL1",1,1,0.5
"ATP6V1E1:DDB1",1,1,-0.5
"ATP6V1E1:DDX1",1,1,0.5
"ATP6V1E1:GOT1",1,1,-0.5
"ATP6V1E1:HINT1",1,1,0.5
"ATP6V1E1:MAPRE2",1,1,0.5
"ATP6V1E1:MORF4L1",1,1,0.5
"ATP6V1E1:NOTCH3",1,1,-0.5
"ATP6V1E1:OAT",1,1,0.5
"ATP6V1E1:PAFAH1B1",1,1,0.5
"ATP6V1E1:PCMT1",1,1,0.5
"ATP6V1E1:PDHB",1,1,-0.5
"ATP6V1E1:PPP3CA",1,1,-0.5
"ATP6V1E1:PSMC2",1,1,-0.5
"ATP6V1E1:PSMD1",1,1,0.5
"ATP6V1E1:RASA1",1,1,0.5
"ATP6V1E1:SARAF",1,1,0.5
"ATP6V1E1:SKIV2L2",1,1,0.5
"ATP6V1E1:SNAP25",1,1,-0.5
"ATP6V1E1:SNAP91",1,1,-0.5
"ATP6V1E1:STAU1",1,1,0.5
"ATP6V1E1:STK39",1,1,-0.5
"ATP6V1E1:TBK1",1,1,0.5
"ATP6V1E1:TMEM30A",1,1,0.5
"ATP6V1E1:TXNL1",1,1,-0.5
"ATP6V1E1:UBE2D2",1,1,-0.5
"ATP6V1E1:UBE2V2",1,1,0.5
"ATP6V1E1:VDAC2",1,1,-0.5
"ATP6V1E1:VDAC3",1,1,-0.5
"ATP6V1E1:WASF1",1,1,0.5
"ATP6V1E1:YBX1",1,1,-0.5
"ATP6V1E1:YWHAQ",1,1,-0.5
"BCAS2:CHCHD2",1,1,0.5
"BCAS2:COPS5",1,1,0.5
"BCAS2:DDB1",1,1,-0.5
"BCAS2:GOT1",1,1,-0.5
"BCAS2:RASA1",1,1,0.5
"BCAS2:SARAF",1,1,0.5
"BCAS2:TBK1",1,1,0.5
"BCL2:AGTPBP1",1,1,0.5
"BCL2:ANK2",1,1,-0.5
"BCL2:BCAS2",1,1,0.5
"BCL2:CDC123",1,1,0.5
"BCL2:CLCN6",1,1,-0.5
"BCL2:DDX1",1,1,-0.5
"BCL2:EFEMP2",1,1,0.5
"BCL2:EPS15",1,1,0.5
"BCL2:GOT1",1,1,0.5
"BCL2:NDFIP1",1,1,-0.5
"BCL2:PDHB",1,1,0.5
"BCL2:PFN2",1,1,0.5
"BCL2:PPP3CA",1,1,0.5
"BCL2:PSMC6",1,1,0.5
"BCL2:RANBP6",1,1,0.5
"BCL2:RASA1",1,1,-0.5
"BCL2:RNF11",1,1,0.5
"BCL2:RNF14",1,1,-0.5
"BCL2:SARAF",1,1,-0.5
"BCL2:SNAP25",1,1,0.5
"BCL2:SNAP91",1,1,0.5
"BCL2:STAU1",1,1,-0.5
"BCL2:UBE2D2",1,1,0.5
"BCL2:VDAC3",1,1,0.5
"BCL2:YBX1",1,1,0.5
"CASP10:ADAM15",1,1,0.5
"CASP10:AGTPBP1",1,1,-0.5
"CASP10:ANK2",1,1,0.5
"CASP10:ARL6IP5",1,1,-0.5
"CASP10:ARMC1",1,1,0.5
"CASP10:ATP6V1A",1,1,-0.5
"CASP10:ATP6V1E1",1,1,-0.5
"CASP10:BCAS2",1,1,-0.5
"CASP10:CDC123",1,1,-0.5
"CASP10:CLCN6",1,1,0.5
"CASP10:DDX1",1,1,0.5
"CASP10:EFEMP2",1,1,-0.5
"CASP10:EPS15",1,1,-0.5
"CASP10:GOT1",1,1,-0.5
"CASP10:KIF3A",1,1,0.5
"CASP10:NDFIP1",1,1,0.5
"CASP10:PAFAH1B1",1,1,0.5
"CASP10:PDHB",1,1,-0.5
"CASP10:PFN2",1,1,-0.5
"CASP10:PJA2",1,1,-0.5
"CASP10:PPP3CA",1,1,-0.5
"CASP10:PSMC6",1,1,-0.5
"CASP10:PSMD6",1,1,-0.5
"CASP10:RANBP6",1,1,-0.5
"CASP10:RASA1",1,1,0.5
"CASP10:RNF11",1,1,-0.5
"CASP10:RNF14",1,1,0.5
"CASP10:RPA3",1,1,-0.5
"CASP10:SARAF",1,1,0.5
"CASP10:SNAP25",1,1,-0.5
"CASP10:SNAP91",1,1,-0.5
"CASP10:STAU1",1,1,0.5
"CASP10:SUMO1",1,1,-0.5
"CASP10:TAX1BP1",1,1,-0.5
"CASP10:U2AF2",1,1,-0.5
"CASP10:UBE2D2",1,1,-0.5
"CASP10:USP14",1,1,0.5
"CASP10:VDAC2",1,1,-0.5
"CASP10:VDAC3",1,1,-0.5
"CASP10:WASF1",1,1,0.5
"CASP10:YBX1",1,1,-0.5
"CDC123:AAAS",1,1,-0.5
"CDC123:CDC42",1,1,-0.5
"CDC123:CHCHD2",1,1,0.5
"CDC123:CLCN6",1,1,0.5
"CDC123:COPS5",1,1,0.5
"CDC123:CUL1",1,1,0.5
"CDC123:DDB1",1,1,-0.5
"CDC123:DDX1",1,1,0.5
"CDC123:GOT1",1,1,-0.5
"CDC123:HINT1",1,1,0.5
"CDC123:MAPRE2",1,1,0.5
"CDC123:NOTCH3",1,1,-0.5
"CDC123:OAT",1,1,0.5
"CDC123:PCMT1",1,1,0.5
"CDC123:PPP3CA",1,1,-0.5
"CDC123:RASA1",1,1,0.5
"CDC123:SARAF",1,1,0.5
"CDC123:SKIV2L2",1,1,0.5
"CDC123:SNAP25",1,1,-0.5
"CDC123:SNAP91",1,1,-0.5
"CDC123:TBK1",1,1,0.5
"CDC123:TMEM30A",1,1,0.5
"CDC123:UBE2D2",1,1,-0.5
"CDC123:VDAC3",1,1,-0.5
"CDC123:YBX1",1,1,-0.5
"CDC42:BCAS2",1,1,-0.5
"CDC42:EFEMP2",1,1,-0.5
"CDC42:EPS15",1,1,-0.5
"CDC42:GOT1",1,1,-0.5
"CDC42:NDFIP1",1,1,0.5
"CDC42:PFN2",1,1,-0.5
"CDC42:PPP3CA",1,1,-0.5
"CDC42:PSMC6",1,1,-0.5
"CDC42:RASA1",1,1,0.5
"CDC42:RNF11",1,1,-0.5
"CDC42:SARAF",1,1,0.5
"CDC42:SNAP25",1,1,-0.5
"CHCHD2:SARAF",1,1,-0.5
"CLCN6:AAAS",1,1,0.5
"CLCN6:AGTPBP1",1,1,0.5
"CLCN6:BCAS2",1,1,0.5
"CLCN6:CDC42",1,1,0.5
"CLCN6:CHCHD2",1,1,-0.5
"CLCN6:COPS5",1,1,-0.5
"CLCN6:CUL1",1,1,-0.5
"CLCN6:DDB1",1,1,0.5
"CLCN6:EFEMP2",1,1,0.5
"CLCN6:EPS15",1,1,0.5
"CLCN6:MAPRE2",1,1,-0.5
"CLCN6:NDFIP1",1,1,-0.5
"CLCN6:OAT",1,1,-0.5
"CLCN6:PCMT1",1,1,-0.5
"CLCN6:PFN2",1,1,0.5
"CLCN6:PSMC6",1,1,0.5
"CLCN6:RNF11",1,1,0.5
"CLCN6:TBK1",1,1,-0.5
"COPS2:AGTPBP1",1,1,0.5
"COPS2:ANK2",1,1,-0.5
"COPS2:BCAS2",1,1,0.5
"COPS2:CDC123",1,1,0.5
"COPS2:CLCN6",1,1,-0.5
"COPS2:DDX1",1,1,-0.5
"COPS2:EFEMP2",1,1,0.5
"COPS2:EPS15",1,1,0.5
"COPS2:GOT1",1,1,0.5
"COPS2:KIF3A",1,1,-0.5
"COPS2:NDFIP1",1,1,-0.5
"COPS2:PAFAH1B1",1,1,-0.5
"COPS2:PDHB",1,1,0.5
"COPS2:PFN2",1,1,0.5
"COPS2:PPP3CA",1,1,0.5
"COPS2:PSMC6",1,1,0.5
"COPS2:RANBP6",1,1,0.5
"COPS2:RASA1",1,1,-0.5
"COPS2:RNF11",1,1,0.5
"COPS2:RNF14",1,1,-0.5
"COPS2:SARAF",1,1,-0.5
"COPS2:SNAP25",1,1,0.5
"COPS2:SNAP91",1,1,0.5
"COPS2:STAU1",1,1,-0.5
"COPS2:UBE2D2",1,1,0.5
"COPS2:VDAC3",1,1,0.5
"COPS2:WASF1",1,1,-0.5
"COPS2:YBX1",1,1,0.5
"COPS5:PFN2",1,1,0.5
"COPS5:RNF11",1,1,0.5
"COPS5:SARAF",1,1,-0.5
"CUL1:BCAS2",1,1,0.5
"CUL1:EFEMP2",1,1,0.5
"CUL1:EPS15",1,1,0.5
"CUL1:GOT1",1,1,0.5
"CUL1:NDFIP1",1,1,-0.5
"CUL1:PFN2",1,1,0.5
"CUL1:PPP3CA",1,1,0.5
"CUL1:PSMC6",1,1,0.5
"CUL1:RASA1",1,1,-0.5
"CUL1:RNF11",1,1,0.5
"CUL1:SARAF",1,1,-0.5
"CUL1:SNAP25",1,1,0.5
"DDB1:PFN2",1,1,-0.5
"DDB1:RNF11",1,1,-0.5
"DDB1:SARAF",1,1,0.5
"DDX1:AAAS",1,1,0.5
"DDX1:BCAS2",1,1,0.5
"DDX1:CDC42",1,1,0.5
"DDX1:CHCHD2",1,1,-0.5
"DDX1:COPS5",1,1,-0.5
"DDX1:CUL1",1,1,-0.5
"DDX1:DDB1",1,1,0.5
"DDX1:EFEMP2",1,1,0.5
"DDX1:EPS15",1,1,0.5
"DDX1:MAPRE2",1,1,-0.5
"DDX1:NDFIP1",1,1,-0.5
"DDX1:OAT",1,1,-0.5
"DDX1:PCMT1",1,1,-0.5
"DDX1:PFN2",1,1,0.5
"DDX1:PSMC6",1,1,0.5
"DDX1:RNF11",1,1,0.5
"DDX1:TBK1",1,1,-0.5
"DNM1L:ADAM15",1,1,-0.5
"DNM1L:AGTPBP1",1,1,0.5
"DNM1L:ANK2",1,1,-0.5
"DNM1L:ARL6IP5",1,1,0.5
"DNM1L:ARMC1",1,1,-0.5
"DNM1L:ATP6V1A",1,1,0.5
"DNM1L:ATP6V1E1",1,1,0.5
"DNM1L:BCAS2",1,1,0.5
"DNM1L:CDC123",1,1,0.5
"DNM1L:CLCN6",1,1,-0.5
"DNM1L:DDX1",1,1,-0.5
"DNM1L:EFEMP2",1,1,0.5
"DNM1L:EPS15",1,1,0.5
"DNM1L:GOT1",1,1,0.5
"DNM1L:KIF3A",1,1,-0.5
"DNM1L:NDFIP1",1,1,-0.5
"DNM1L:PAFAH1B1",1,1,-0.5
"DNM1L:PDHB",1,1,0.5
"DNM1L:PFN2",1,1,0.5
"DNM1L:PJA2",1,1,0.5
"DNM1L:PPP3CA",1,1,0.5
"DNM1L:PSMC6",1,1,0.5
"DNM1L:PSMD6",1,1,0.5
"DNM1L:RANBP6",1,1,0.5
"DNM1L:RASA1",1,1,-0.5
"DNM1L:RNF11",1,1,0.5
"DNM1L:RNF14",1,1,-0.5
"DNM1L:RPA3",1,1,0.5
"DNM1L:SARAF",1,1,-0.5
"DNM1L:SNAP25",1,1,0.5
"DNM1L:SNAP91",1,1,0.5
"DNM1L:STAU1",1,1,-0.5
"DNM1L:SUMO1",1,1,0.5
"DNM1L:TAX1BP1",1,1,0.5
"DNM1L:U2AF2",1,1,0.5
"DNM1L:UBE2D2",1,1,0.5
"DNM1L:USP14",1,1,-0.5
"DNM1L:VDAC2",1,1,0.5
"DNM1L:VDAC3",1,1,0.5
"DNM1L:WASF1",1,1,-0.5
"DNM1L:YBX1",1,1,0.5
"EFEMP2:CHCHD2",1,1,0.5
"EFEMP2:COPS5",1,1,0.5
"EFEMP2:DDB1",1,1,-0.5
"EFEMP2:SARAF",1,1,0.5
"EFEMP2:TBK1",1,1,0.5
"EPS15:CHCHD2",1,1,0.5
"EPS15:COPS5",1,1,0.5
"EPS15:DDB1",1,1,-0.5
"EPS15:GOT1",1,1,-0.5
"EPS15:RASA1",1,1,0.5
"EPS15:SARAF",1,1,0.5
"EPS15:TBK1",1,1,0.5
"GARS:ADAM15",1,1,0.5
"GARS:AGTPBP1",1,1,-0.5
"GARS:ANK2",1,1,0.5
"GARS:ARL6IP5",1,1,-0.5
"GARS:ARMC1",1,1,0.5
"GARS:ATP6V1A",1,1,-0.5
"GARS:ATP6V1E1",1,1,-0.5
"GARS:BCAS2",1,1,-0.5
"GARS:CDC123",1,1,-0.5
"GARS:CLCN6",1,1,0.5
"GARS:DDX1",1,1,0.5
"GARS:EFEMP2",1,1,-0.5
"GARS:EPS15",1,1,-0.5
"GARS:GOT1",1,1,-0.5
"GARS:KIF3A",1,1,0.5
"GARS:NDFIP1",1,1,0.5
"GARS:PAFAH1B1",1,1,0.5
"GARS:PDHB",1,1,-0.5
"GARS:PFN2",1,1,-0.5
"GARS:PJA2",1,1,-0.5
"GARS:PPP3CA",1,1,-0.5
"GARS:PSMC6",1,1,-0.5
"GARS:PSMD6",1,1,-0.5
"GARS:RANBP6",1,1,-0.5
"GARS:RASA1",1,1,0.5
"GARS:RNF11",1,1,-0.5
"GARS:RNF14",1,1,0.5
"GARS:RPA3",1,1,-0.5
"GARS:SARAF",1,1,0.5
"GARS:SNAP25",1,1,-0.5
"GARS:SNAP91",1,1,-0.5
"GARS:STAU1",1,1,0.5
"GARS:SUMO1",1,1,-0.5
"GARS:TAX1BP1",1,1,-0.5
"GARS:UBE2D2",1,1,-0.5
"GARS:USP14",1,1,0.5
"GARS:VDAC2",1,1,-0.5
"GARS:VDAC3",1,1,-0.5
"GARS:WASF1",1,1,0.5
"GARS:YBX1",1,1,-0.5
"GOT1:CHCHD2",1,1,0.5
"GOT1:COPS5",1,1,0.5
"GOT1:DDB1",1,1,-0.5
"GOT1:EFEMP2",1,1,-0.5
"GOT1:PFN2",1,1,-0.5
"GOT1:RNF11",1,1,-0.5
"GOT1:TBK1",1,1,0.5
"HINT1:AGTPBP1",1,1,0.5
"HINT1:ANK2",1,1,-0.5
"HINT1:BCAS2",1,1,0.5
"HINT1:CLCN6",1,1,-0.5
"HINT1:DDX1",1,1,-0.5
"HINT1:EFEMP2",1,1,0.5
"HINT1:EPS15",1,1,0.5
"HINT1:GOT1",1,1,0.5
"HINT1:NDFIP1",1,1,-0.5
"HINT1:PFN2",1,1,0.5
"HINT1:PPP3CA",1,1,0.5
"HINT1:PSMC6",1,1,0.5
"HINT1:RASA1",1,1,-0.5
"HINT1:RNF11",1,1,0.5
"HINT1:SARAF",1,1,-0.5
"HINT1:SNAP25",1,1,0.5
"HINT1:SNAP91",1,1,0.5
"HINT1:UBE2D2",1,1,0.5
"HINT1:VDAC3",1,1,0.5
"HINT1:YBX1",1,1,0.5
"KIF3A:AAAS",1,1,0.5
"KIF3A:BCL2",1,1,-0.5
"KIF3A:CDC42",1,1,0.5
"KIF3A:CHCHD2",1,1,-0.5
"KIF3A:CLCN6",1,1,-0.5
"KIF3A:COPS5",1,1,-0.5
"KIF3A:CUL1",1,1,-0.5
"KIF3A:DDB1",1,1,0.5
"KIF3A:DDX1",1,1,-0.5
"KIF3A:GOT1",1,1,0.5
"KIF3A:HINT1",1,1,-0.5
"KIF3A:MAPRE2",1,1,-0.5
"KIF3A:NOTCH3",1,1,0.5
"KIF3A:OAT",1,1,-0.5
"KIF3A:PAFAH1B1",1,1,-0.5
"KIF3A:PCMT1",1,1,-0.5
"KIF3A:PDHB",1,1,0.5
"KIF3A:PPP3CA",1,1,0.5
"KIF3A:RASA1",1,1,-0.5
"KIF3A:SARAF",1,1,-0.5
"KIF3A:SKIV2L2",1,1,-0.5
"KIF3A:SNAP25",1,1,0.5
"KIF3A:SNAP91",1,1,0.5
"KIF3A:STAU1",1,1,-0.5
"KIF3A:TBK1",1,1,-0.5
"KIF3A:TMEM30A",1,1,-0.5
"KIF3A:TXNL1",1,1,0.5
"KIF3A:UBE2D2",1,1,0.5
"KIF3A:VDAC3",1,1,0.5
"KIF3A:YBX1",1,1,0.5
"MAPRE2:BCAS2",1,1,0.5
"MAPRE2:EFEMP2",1,1,0.5
"MAPRE2:EPS15",1,1,0.5
"MAPRE2:GOT1",1,1,0.5
"MAPRE2:NDFIP1",1,1,-0.5
"MAPRE2:PFN2",1,1,0.5
"MAPRE2:RASA1",1,1,-0.5
"MAPRE2:RNF11",1,1,0.5
"MAPRE2:SARAF",1,1,-0.5
"MORF4L1:AGTPBP1",1,1,0.5
"MORF4L1:ANK2",1,1,-0.5
"MORF4L1:BCAS2",1,1,0.5
"MORF4L1:CDC123",1,1,0.5
"MORF4L1:CLCN6",1,1,-0.5
"MORF4L1:DDX1",1,1,-0.5
"MORF4L1:EFEMP2",1,1,0.5
"MORF4L1:EPS15",1,1,0.5
"MORF4L1:GOT1",1,1,0.5
"MORF4L1:KIF3A",1,1,-0.5
"MORF4L1:NDFIP1",1,1,-0.5
"MORF4L1:PAFAH1B1",1,1,-0.5
"MORF4L1:PDHB",1,1,0.5
"MORF4L1:PFN2",1,1,0.5
"MORF4L1:PPP3CA",1,1,0.5
"MORF4L1:PSMC6",1,1,0.5
"MORF4L1:RANBP6",1,1,0.5
"MORF4L1:RASA1",1,1,-0.5
"MORF4L1:RNF11",1,1,0.5
"MORF4L1:RNF14",1,1,-0.5
"MORF4L1:SARAF",1,1,-0.5
"MORF4L1:SNAP25",1,1,0.5
"MORF4L1:SNAP91",1,1,0.5
"MORF4L1:STAU1",1,1,-0.5
"MORF4L1:UBE2D2",1,1,0.5
"MORF4L1:VDAC3",1,1,0.5
"MORF4L1:WASF1",1,1,-0.5
"MORF4L1:YBX1",1,1,0.5
"NDFIP1:CHCHD2",1,1,-0.5
"NDFIP1:COPS5",1,1,-0.5
"NDFIP1:DDB1",1,1,0.5
"NDFIP1:GOT1",1,1,0.5
"NDFIP1:RASA1",1,1,-0.5
"NDFIP1:SARAF",1,1,-0.5
"NDFIP1:TBK1",1,1,-0.5
"NOTCH3:AGTPBP1",1,1,-0.5
"NOTCH3:ANK2",1,1,0.5
"NOTCH3:BCAS2",1,1,-0.5
"NOTCH3:CLCN6",1,1,0.5
"NOTCH3:DDX1",1,1,0.5
"NOTCH3:EFEMP2",1,1,-0.5
"NOTCH3:EPS15",1,1,-0.5
"NOTCH3:GOT1",1,1,-0.5
"NOTCH3:NDFIP1",1,1,0.5
"NOTCH3:PFN2",1,1,-0.5
"NOTCH3:PPP3CA",1,1,-0.5
"NOTCH3:PSMC6",1,1,-0.5
"NOTCH3:RASA1",1,1,0.5
"NOTCH3:RNF11",1,1,-0.5
"NOTCH3:SARAF",1,1,0.5
"NOTCH3:SNAP25",1,1,-0.5
"NOTCH3:SNAP91",1,1,-0.5
"NOTCH3:UBE2D2",1,1,-0.5
"NOTCH3:VDAC3",1,1,-0.5
"NOTCH3:YBX1",1,1,-0.5
"OAT:BCAS2",1,1,0.5
"OAT:EFEMP2",1,1,0.5
"OAT:EPS15",1,1,0.5
"OAT:GOT1",1,1,0.5
"OAT:NDFIP1",1,1,-0.5
"OAT:PFN2",1,1,0.5
"OAT:RASA1",1,1,-0.5
"OAT:RNF11",1,1,0.5
"OAT:SARAF",1,1,-0.5
"PAFAH1B1:AAAS",1,1,0.5
"PAFAH1B1:AGTPBP1",1,1,0.5
"PAFAH1B1:ANK2",1,1,-0.5
"PAFAH1B1:BCAS2",1,1,0.5
"PAFAH1B1:BCL2",1,1,-0.5
"PAFAH1B1:CDC123",1,1,0.5
"PAFAH1B1:CDC42",1,1,0.5
"PAFAH1B1:CHCHD2",1,1,-0.5
"PAFAH1B1:COPS5",1,1,-0.5
"PAFAH1B1:CUL1",1,1,-0.5
"PAFAH1B1:DDB1",1,1,0.5
"PAFAH1B1:EFEMP2",1,1,0.5
"PAFAH1B1:EPS15",1,1,0.5
"PAFAH1B1:HINT1",1,1,-0.5
"PAFAH1B1:MAPRE2",1,1,-0.5
"PAFAH1B1:NDFIP1",1,1,-0.5
"PAFAH1B1:NOTCH3",1,1,0.5
"PAFAH1B1:OAT",1,1,-0.5
"PAFAH1B1:PCMT1",1,1,-0.5
"PAFAH1B1:PFN2",1,1,0.5
"PAFAH1B1:PSMC6",1,1,0.5
"PAFAH1B1:RANBP6",1,1,0.5
"PAFAH1B1:RNF11",1,1,0.5
"PAFAH1B1:RNF14",1,1,-0.5
"PAFAH1B1:SKIV2L2",1,1,-0.5
"PAFAH1B1:TBK1",1,1,-0.5
"PAFAH1B1:TMEM30A",1,1,-0.5
"PAFAH1B1:TXNL1",1,1,0.5
"PCMT1:BCAS2",1,1,0.5
"PCMT1:EFEMP2",1,1,0.5
"PCMT1:EPS15",1,1,0.5
"PCMT1:GOT1",1,1,0.5
"PCMT1:NDFIP1",1,1,-0.5
"PCMT1:PFN2",1,1,0.5
"PCMT1:PPP3CA",1,1,0.5
"PCMT1:PSMC6",1,1,0.5
"PCMT1:RASA1",1,1,-0.5
"PCMT1:RNF11",1,1,0.5
"PCMT1:SARAF",1,1,-0.5
"PCMT1:SNAP25",1,1,0.5
"PDHB:AAAS",1,1,-0.5
"PDHB:AGTPBP1",1,1,-0.5
"PDHB:ANK2",1,1,0.5
"PDHB:BCAS2",1,1,-0.5
"PDHB:CDC123",1,1,-0.5
"PDHB:CDC42",1,1,-0.5
"PDHB:CHCHD2",1,1,0.5
"PDHB:COPS5",1,1,0.5
"PDHB:CUL1",1,1,0.5
"PDHB:DDB1",1,1,-0.5
"PDHB:EFEMP2",1,1,-0.5
"PDHB:EPS15",1,1,-0.5
"PDHB:HINT1",1,1,0.5
"PDHB:MAPRE2",1,1,0.5
"PDHB:NDFIP1",1,1,0.5
"PDHB:NOTCH3",1,1,-0.5
"PDHB:OAT",1,1,0.5
"PDHB:PCMT1",1,1,0.5
"PDHB:PFN2",1,1,-0.5
"PDHB:PSMC6",1,1,-0.5
"PDHB:RANBP6",1,1,-0.5
"PDHB:RNF11",1,1,-0.5
"PDHB:RNF14",1,1,0.5
"PDHB:SKIV2L2",1,1,0.5
"PDHB:TBK1",1,1,0.5
"PDHB:TMEM30A",1,1,0.5
"PFN2:CHCHD2",1,1,0.5
"PFN2:SARAF",1,1,0.5
"PFN2:TBK1",1,1,0.5
"PJA2:AAAS",1,1,-0.5
"PJA2:ARL1",1,1,0.5
"PJA2:ARL6IP5",1,1,-0.5
"PJA2:BCL2",1,1,0.5
"PJA2:CDC42",1,1,-0.5
"PJA2:CHCHD2",1,1,0.5
"PJA2:CLCN6",1,1,0.5
"PJA2:COPS2",1,1,0.5
"PJA2:COPS5",1,1,0.5
"PJA2:CUL1",1,1,0.5
"PJA2:DDB1",1,1,-0.5
"PJA2:DDX1",1,1,0.5
"PJA2:GOT1",1,1,-0.5
"PJA2:HINT1",1,1,0.5
"PJA2:MAPRE2",1,1,0.5
"PJA2:MORF4L1",1,1,0.5
"PJA2:NOTCH3",1,1,-0.5
"PJA2:OAT",1,1,0.5
"PJA2:PAFAH1B1",1,1,0.5
"PJA2:PCMT1",1,1,0.5
"PJA2:PDHB",1,1,-0.5
"PJA2:PPP3CA",1,1,-0.5
"PJA2:RASA1",1,1,0.5
"PJA2:SARAF",1,1,0.5
"PJA2:SKIV2L2",1,1,0.5
"PJA2:SNAP25",1,1,-0.5
"PJA2:SNAP91",1,1,-0.5
"PJA2:STAU1",1,1,0.5
"PJA2:TBK1",1,1,0.5
"PJA2:TMEM30A",1,1,0.5
"PJA2:TXNL1",1,1,-0.5
"PJA2:UBE2D2",1,1,-0.5
"PJA2:VDAC3",1,1,-0.5
"PJA2:WASF1",1,1,0.5
"PJA2:YBX1",1,1,-0.5
"PJA2:YWHAQ",1,1,-0.5
"PPP3CA:BCAS2",1,1,-0.5
"PPP3CA:CHCHD2",1,1,0.5
"PPP3CA:COPS5",1,1,0.5
"PPP3CA:DDB1",1,1,-0.5
"PPP3CA:EFEMP2",1,1,-0.5
"PPP3CA:EPS15",1,1,-0.5
"PPP3CA:MAPRE2",1,1,0.5
"PPP3CA:NDFIP1",1,1,0.5
"PPP3CA:OAT",1,1,0.5
"PPP3CA:PFN2",1,1,-0.5
"PPP3CA:RNF11",1,1,-0.5
"PPP3CA:TBK1",1,1,0.5
"PSMC2:AGTPBP1",1,1,-0.5
"PSMC2:ANK2",1,1,0.5
"PSMC2:ARL6IP5",1,1,-0.5
"PSMC2:BCAS2",1,1,-0.5
"PSMC2:CDC123",1,1,-0.5
"PSMC2:CLCN6",1,1,0.5
"PSMC2:DDX1",1,1,0.5
"PSMC2:EFEMP2",1,1,-0.5
"PSMC2:EPS15",1,1,-0.5
"PSMC2:GOT1",1,1,-0.5
"PSMC2:KIF3A",1,1,0.5
"PSMC2:NDFIP1",1,1,0.5
"PSMC2:PAFAH1B1",1,1,0.5
"PSMC2:PDHB",1,1,-0.5
"PSMC2:PFN2",1,1,-0.5
"PSMC2:PJA2",1,1,-0.5
"PSMC2:PPP3CA",1,1,-0.5
"PSMC2:PSMC6",1,1,-0.5
"PSMC2:RANBP6",1,1,-0.5
"PSMC2:RASA1",1,1,0.5
"PSMC2:RNF11",1,1,-0.5
"PSMC2:RNF14",1,1,0.5
"PSMC2:RPA3",1,1,-0.5
"PSMC2:SARAF",1,1,0.5
"PSMC2:SNAP25",1,1,-0.5
"PSMC2:SNAP91",1,1,-0.5
"PSMC2:STAU1",1,1,0.5
"PSMC2:SUMO1",1,1,-0.5
"PSMC2:UBE2D2",1,1,-0.5
"PSMC2:VDAC3",1,1,-0.5
"PSMC2:WASF1",1,1,0.5
"PSMC2:YBX1",1,1,-0.5
"PSMC6:AAAS",1,1,-0.5
"PSMC6:CHCHD2",1,1,0.5
"PSMC6:COPS5",1,1,0.5
"PSMC6:DDB1",1,1,-0.5
"PSMC6:GOT1",1,1,-0.5
"PSMC6:MAPRE2",1,1,0.5
"PSMC6:OAT",1,1,0.5
"PSMC6:PPP3CA",1,1,-0.5
"PSMC6:RASA1",1,1,0.5
"PSMC6:SARAF",1,1,0.5
"PSMC6:TBK1",1,1,0.5
"PSMD1:AGTPBP1",1,1,0.5
"PSMD1:ANK2",1,1,-0.5
"PSMD1:ARL6IP5",1,1,0.5
"PSMD1:BCAS2",1,1,0.5
"PSMD1:CDC123",1,1,0.5
"PSMD1:CLCN6",1,1,-0.5
"PSMD1:DDX1",1,1,-0.5
"PSMD1:EFEMP2",1,1,0.5
"PSMD1:EPS15",1,1,0.5
"PSMD1:GOT1",1,1,0.5
"PSMD1:KIF3A",1,1,-0.5
"PSMD1:NDFIP1",1,1,-0.5
"PSMD1:PAFAH1B1",1,1,-0.5
"PSMD1:PDHB",1,1,0.5
"PSMD1:PFN2",1,1,0.5
"PSMD1:PJA2",1,1,0.5
"PSMD1:PPP3CA",1,1,0.5
"PSMD1:PSMC6",1,1,0.5
"PSMD1:RANBP6",1,1,0.5
"PSMD1:RASA1",1,1,-0.5
"PSMD1:RNF11",1,1,0.5
"PSMD1:RNF14",1,1,-0.5
"PSMD1:RPA3",1,1,0.5
"PSMD1:SARAF",1,1,-0.5
"PSMD1:SNAP25",1,1,0.5
"PSMD1:SNAP91",1,1,0.5
"PSMD1:STAU1",1,1,-0.5
"PSMD1:SUMO1",1,1,0.5
"PSMD1:UBE2D2",1,1,0.5
"PSMD1:VDAC3",1,1,0.5
"PSMD1:WASF1",1,1,-0.5
"PSMD1:YBX1",1,1,0.5
"PSMD6:AAAS",1,1,-0.5
"PSMD6:ARL1",1,1,0.5
"PSMD6:ARL6IP5",1,1,-0.5
"PSMD6:ARMC1",1,1,0.5
"PSMD6:BCL2",1,1,0.5
"PSMD6:CDC42",1,1,-0.5
"PSMD6:CHCHD2",1,1,0.5
"PSMD6:CLCN6",1,1,0.5
"PSMD6:COPS2",1,1,0.5
"PSMD6:COPS5",1,1,0.5
"PSMD6:CUL1",1,1,0.5
"PSMD6:DDB1",1,1,-0.5
"PSMD6:DDX1",1,1,0.5
"PSMD6:GOT1",1,1,-0.5
"PSMD6:HINT1",1,1,0.5
"PSMD6:MAPRE2",1,1,0.5
"PSMD6:MORF4L1",1,1,0.5
"PSMD6:NOTCH3",1,1,-0.5
"PSMD6:OAT",1,1,0.5
"PSMD6:PAFAH1B1",1,1,0.5
"PSMD6:PCMT1",1,1,0.5
"PSMD6:PDHB",1,1,-0.5
"PSMD6:PPP3CA",1,1,-0.5
"PSMD6:PSMC2",1,1,-0.5
"PSMD6:PSMD1",1,1,0.5
"PSMD6:RASA1",1,1,0.5
"PSMD6:SARAF",1,1,0.5
"PSMD6:SKIV2L2",1,1,0.5
"PSMD6:SNAP25",1,1,-0.5
"PSMD6:SNAP91",1,1,-0.5
"PSMD6:STAU1",1,1,0.5
"PSMD6:TBK1",1,1,0.5
"PSMD6:TMEM30A",1,1,0.5
"PSMD6:TXNL1",1,1,-0.5
"PSMD6:UBE2D2",1,1,-0.5
"PSMD6:VDAC3",1,1,-0.5
"PSMD6:WASF1",1,1,0.5
"PSMD6:YBX1",1,1,-0.5
"PSMD6:YWHAQ",1,1,-0.5
"RAN:ADAM15",1,1,-0.5
"RAN:AGTPBP1",1,1,0.5
"RAN:ANK2",1,1,-0.5
"RAN:ARL6IP5",1,1,0.5
"RAN:ARMC1",1,1,-0.5
"RAN:ATP6V1A",1,1,0.5
"RAN:ATP6V1E1",1,1,0.5
"RAN:BCAS2",1,1,0.5
"RAN:CDC123",1,1,0.5
"RAN:CLCN6",1,1,-0.5
"RAN:DDX1",1,1,-0.5
"RAN:EFEMP2",1,1,0.5
"RAN:EPS15",1,1,0.5
"RAN:GOT1",1,1,0.5
"RAN:KIF3A",1,1,-0.5
"RAN:NDFIP1",1,1,-0.5
"RAN:PAFAH1B1",1,1,-0.5
"RAN:PDHB",1,1,0.5
"RAN:PFN2",1,1,0.5
"RAN:PJA2",1,1,0.5
"RAN:PPP3CA",1,1,0.5
"RAN:PSMC6",1,1,0.5
"RAN:PSMD6",1,1,0.5
"RAN:RANBP6",1,1,0.5
"RAN:RASA1",1,1,-0.5
"RAN:RNF11",1,1,0.5
"RAN:RNF14",1,1,-0.5
"RAN:RPA3",1,1,0.5
"RAN:SARAF",1,1,-0.5
"RAN:SNAP25",1,1,0.5
"RAN:SNAP91",1,1,0.5
"RAN:STAU1",1,1,-0.5
"RAN:SUMO1",1,1,0.5
"RAN:TAX1BP1",1,1,0.5
"RAN:U2AF2",1,1,0.5
"RAN:UBE2D2",1,1,0.5
"RAN:USP14",1,1,-0.5
"RAN:VDAC2",1,1,0.5
"RAN:VDAC3",1,1,0.5
"RAN:WASF1",1,1,-0.5
"RAN:YBX1",1,1,0.5
"RANBP6:AAAS",1,1,-0.5
"RANBP6:CDC42",1,1,-0.5
"RANBP6:CHCHD2",1,1,0.5
"RANBP6:CLCN6",1,1,0.5
"RANBP6:COPS5",1,1,0.5
"RANBP6:CUL1",1,1,0.5
"RANBP6:DDB1",1,1,-0.5
"RANBP6:DDX1",1,1,0.5
"RANBP6:GOT1",1,1,-0.5
"RANBP6:HINT1",1,1,0.5
"RANBP6:MAPRE2",1,1,0.5
"RANBP6:NOTCH3",1,1,-0.5
"RANBP6:OAT",1,1,0.5
"RANBP6:PCMT1",1,1,0.5
"RANBP6:PPP3CA",1,1,-0.5
"RANBP6:RASA1",1,1,0.5
"RANBP6:SARAF",1,1,0.5
"RANBP6:SKIV2L2",1,1,0.5
"RANBP6:SNAP25",1,1,-0.5
"RANBP6:SNAP91",1,1,-0.5
"RANBP6:TBK1",1,1,0.5
"RANBP6:TMEM30A",1,1,0.5
"RANBP6:UBE2D2",1,1,-0.5
"RANBP6:VDAC3",1,1,-0.5
"RANBP6:YBX1",1,1,-0.5
"RASA1:CHCHD2",1,1,-0.5
"RASA1:COPS5",1,1,-0.5
"RASA1:DDB1",1,1,0.5
"RASA1:EFEMP2",1,1,0.5
"RASA1:PFN2",1,1,0.5
"RASA1:RNF11",1,1,0.5
"RASA1:TBK1",1,1,-0.5
"RNF11:CHCHD2",1,1,0.5
"RNF11:SARAF",1,1,0.5
"RNF11:TBK1",1,1,0.5
"RNF14:AAAS",1,1,0.5
"RNF14:CDC42",1,1,0.5
"RNF14:CHCHD2",1,1,-0.5
"RNF14:CLCN6",1,1,-0.5
"RNF14:COPS5",1,1,-0.5
"RNF14:CUL1",1,1,-0.5
"RNF14:DDB1",1,1,0.5
"RNF14:DDX1",1,1,-0.5
"RNF14:GOT1",1,1,0.5
"RNF14:HINT1",1,1,-0.5
"RNF14:MAPRE2",1,1,-0.5
"RNF14:NOTCH3",1,1,0.5
"RNF14:OAT",1,1,-0.5
"RNF14:PCMT1",1,1,-0.5
"RNF14:PPP3CA",1,1,0.5
"RNF14:RASA1",1,1,-0.5
"RNF14:SARAF",1,1,-0.5
"RNF14:SKIV2L2",1,1,-0.5
"RNF14:SNAP25",1,1,0.5
"RNF14:SNAP91",1,1,0.5
"RNF14:TBK1",1,1,-0.5
"RNF14:TMEM30A",1,1,-0.5
"RNF14:UBE2D2",1,1,0.5
"RNF14:VDAC3",1,1,0.5
"RNF14:YBX1",1,1,0.5
"RPA3:AAAS",1,1,-0.5
"RPA3:ARL1",1,1,0.5
"RPA3:ARL6IP5",1,1,-0.5
"RPA3:BCL2",1,1,0.5
"RPA3:CDC42",1,1,-0.5
"RPA3:CHCHD2",1,1,0.5
"RPA3:CLCN6",1,1,0.5
"RPA3:COPS2",1,1,0.5
"RPA3:COPS5",1,1,0.5
"RPA3:CUL1",1,1,0.5
"RPA3:DDB1",1,1,-0.5
"RPA3:DDX1",1,1,0.5
"RPA3:GOT1",1,1,-0.5
"RPA3:HINT1",1,1,0.5
"RPA3:MAPRE2",1,1,0.5
"RPA3:MORF4L1",1,1,0.5
"RPA3:NOTCH3",1,1,-0.5
"RPA3:OAT",1,1,0.5
"RPA3:PAFAH1B1",1,1,0.5
"RPA3:PCMT1",1,1,0.5
"RPA3:PDHB",1,1,-0.5
"RPA3:PPP3CA",1,1,-0.5
"RPA3:RASA1",1,1,0.5
"RPA3:SARAF",1,1,0.5
"RPA3:SKIV2L2",1,1,0.5
"RPA3:SNAP25",1,1,-0.5
"RPA3:SNAP91",1,1,-0.5
"RPA3:STAU1",1,1,0.5
"RPA3:TBK1",1,1,0.5
"RPA3:TMEM30A",1,1,0.5
"RPA3:TXNL1",1,1,-0.5
"RPA3:UBE2D2",1,1,-0.5
"RPA3:VDAC3",1,1,-0.5
"RPA3:WASF1",1,1,0.5
"RPA3:YBX1",1,1,-0.5
"RPA3:YWHAQ",1,1,-0.5
"SKIV2L2:AGTPBP1",1,1,0.5
"SKIV2L2:ANK2",1,1,-0.5
"SKIV2L2:BCAS2",1,1,0.5
"SKIV2L2:CLCN6",1,1,-0.5
"SKIV2L2:DDX1",1,1,-0.5
"SKIV2L2:EFEMP2",1,1,0.5
"SKIV2L2:EPS15",1,1,0.5
"SKIV2L2:GOT1",1,1,0.5
"SKIV2L2:NDFIP1",1,1,-0.5
"SKIV2L2:PFN2",1,1,0.5
"SKIV2L2:PPP3CA",1,1,0.5
"SKIV2L2:PSMC6",1,1,0.5
"SKIV2L2:RASA1",1,1,-0.5
"SKIV2L2:RNF11",1,1,0.5
"SKIV2L2:SARAF",1,1,-0.5
"SKIV2L2:SNAP25",1,1,0.5
"SKIV2L2:SNAP91",1,1,0.5
"SKIV2L2:UBE2D2",1,1,0.5
"SKIV2L2:VDAC3",1,1,0.5
"SKIV2L2:YBX1",1,1,0.5
"SNAP25:AAAS",1,1,-0.5
"SNAP25:BCAS2",1,1,-0.5
"SNAP25:CHCHD2",1,1,0.5
"SNAP25:COPS5",1,1,0.5
"SNAP25:DDB1",1,1,-0.5
"SNAP25:EFEMP2",1,1,-0.5
"SNAP25:EPS15",1,1,-0.5
"SNAP25:MAPRE2",1,1,0.5
"SNAP25:NDFIP1",1,1,0.5
"SNAP25:OAT",1,1,0.5
"SNAP25:PFN2",1,1,-0.5
"SNAP25:PSMC6",1,1,-0.5
"SNAP25:RNF11",1,1,-0.5
"SNAP25:TBK1",1,1,0.5
"SNAP91:AAAS",1,1,-0.5
"SNAP91:AGTPBP1",1,1,-0.5
"SNAP91:BCAS2",1,1,-0.5
"SNAP91:CDC42",1,1,-0.5
"SNAP91:CHCHD2",1,1,0.5
"SNAP91:COPS5",1,1,0.5
"SNAP91:CUL1",1,1,0.5
"SNAP91:DDB1",1,1,-0.5
"SNAP91:EFEMP2",1,1,-0.5
"SNAP91:EPS15",1,1,-0.5
"SNAP91:MAPRE2",1,1,0.5
"SNAP91:NDFIP1",1,1,0.5
"SNAP91:OAT",1,1,0.5
"SNAP91:PCMT1",1,1,0.5
"SNAP91:PFN2",1,1,-0.5
"SNAP91:PSMC6",1,1,-0.5
"SNAP91:RNF11",1,1,-0.5
"SNAP91:TBK1",1,1,0.5
"SNAP91:TMEM30A",1,1,0.5
"STAU1:AAAS",1,1,0.5
"STAU1:AGTPBP1",1,1,0.5
"STAU1:ANK2",1,1,-0.5
"STAU1:BCAS2",1,1,0.5
"STAU1:CDC123",1,1,0.5
"STAU1:CDC42",1,1,0.5
"STAU1:CHCHD2",1,1,-0.5
"STAU1:COPS5",1,1,-0.5
"STAU1:CUL1",1,1,-0.5
"STAU1:DDB1",1,1,0.5
"STAU1:EFEMP2",1,1,0.5
"STAU1:EPS15",1,1,0.5
"STAU1:HINT1",1,1,-0.5
"STAU1:MAPRE2",1,1,-0.5
"STAU1:NDFIP1",1,1,-0.5
"STAU1:NOTCH3",1,1,0.5
"STAU1:OAT",1,1,-0.5
"STAU1:PCMT1",1,1,-0.5
"STAU1:PFN2",1,1,0.5
"STAU1:PSMC6",1,1,0.5
"STAU1:RANBP6",1,1,0.5
"STAU1:RNF11",1,1,0.5
"STAU1:RNF14",1,1,-0.5
"STAU1:SKIV2L2",1,1,-0.5
"STAU1:TBK1",1,1,-0.5
"STAU1:TMEM30A",1,1,-0.5
"STK39:AGTPBP1",1,1,-0.5
"STK39:ANK2",1,1,0.5
"STK39:ARL6IP5",1,1,-0.5
"STK39:ARMC1",1,1,0.5
"STK39:BCAS2",1,1,-0.5
"STK39:CDC123",1,1,-0.5
"STK39:CLCN6",1,1,0.5
"STK39:DDX1",1,1,0.5
"STK39:EFEMP2",1,1,-0.5
"STK39:EPS15",1,1,-0.5
"STK39:GOT1",1,1,-0.5
"STK39:KIF3A",1,1,0.5
"STK39:NDFIP1",1,1,0.5
"STK39:PAFAH1B1",1,1,0.5
"STK39:PDHB",1,1,-0.5
"STK39:PFN2",1,1,-0.5
"STK39:PJA2",1,1,-0.5
"STK39:PPP3CA",1,1,-0.5
"STK39:PSMC6",1,1,-0.5
"STK39:PSMD6",1,1,-0.5
"STK39:RANBP6",1,1,-0.5
"STK39:RASA1",1,1,0.5
"STK39:RNF11",1,1,-0.5
"STK39:RNF14",1,1,0.5
"STK39:RPA3",1,1,-0.5
"STK39:SARAF",1,1,0.5
"STK39:SNAP25",1,1,-0.5
"STK39:SNAP91",1,1,-0.5
"STK39:STAU1",1,1,0.5
"STK39:SUMO1",1,1,-0.5
"STK39:UBE2D2",1,1,-0.5
"STK39:VDAC3",1,1,-0.5
"STK39:WASF1",1,1,0.5
"STK39:YBX1",1,1,-0.5
"SUMO1:AAAS",1,1,-0.5
"SUMO1:BCL2",1,1,0.5
"SUMO1:CDC42",1,1,-0.5
"SUMO1:CHCHD2",1,1,0.5
"SUMO1:CLCN6",1,1,0.5
"SUMO1:COPS2",1,1,0.5
"SUMO1:COPS5",1,1,0.5
"SUMO1:CUL1",1,1,0.5
"SUMO1:DDB1",1,1,-0.5
"SUMO1:DDX1",1,1,0.5
"SUMO1:GOT1",1,1,-0.5
"SUMO1:HINT1",1,1,0.5
"SUMO1:MAPRE2",1,1,0.5
"SUMO1:MORF4L1",1,1,0.5
"SUMO1:NOTCH3",1,1,-0.5
"SUMO1:OAT",1,1,0.5
"SUMO1:PAFAH1B1",1,1,0.5
"SUMO1:PCMT1",1,1,0.5
"SUMO1:PDHB",1,1,-0.5
"SUMO1:PPP3CA",1,1,-0.5
"SUMO1:RASA1",1,1,0.5
"SUMO1:SARAF",1,1,0.5
"SUMO1:SKIV2L2",1,1,0.5
"SUMO1:SNAP25",1,1,-0.5
"SUMO1:SNAP91",1,1,-0.5
"SUMO1:STAU1",1,1,0.5
"SUMO1:TBK1",1,1,0.5
"SUMO1:TMEM30A",1,1,0.5
"SUMO1:TXNL1",1,1,-0.5
"SUMO1:UBE2D2",1,1,-0.5
"SUMO1:VDAC3",1,1,-0.5
"SUMO1:WASF1",1,1,0.5
"SUMO1:YBX1",1,1,-0.5
"SUMO1:YWHAQ",1,1,-0.5
"TAX1BP1:AAAS",1,1,-0.5
"TAX1BP1:ANKMY2",1,1,0.5
"TAX1BP1:ARL1",1,1,0.5
"TAX1BP1:ARL6IP5",1,1,-0.5
"TAX1BP1:ARMC1",1,1,0.5
"TAX1BP1:BCL2",1,1,0.5
"TAX1BP1:CDC42",1,1,-0.5
"TAX1BP1:CHCHD2",1,1,0.5
"TAX1BP1:CLCN6",1,1,0.5
"TAX1BP1:COPS2",1,1,0.5
"TAX1BP1:COPS5",1,1,0.5
"TAX1BP1:CUL1",1,1,0.5
"TAX1BP1:DDB1",1,1,-0.5
"TAX1BP1:DDX1",1,1,0.5
"TAX1BP1:GOT1",1,1,-0.5
"TAX1BP1:HINT1",1,1,0.5
"TAX1BP1:MAPRE2",1,1,0.5
"TAX1BP1:MORF4L1",1,1,0.5
"TAX1BP1:NOTCH3",1,1,-0.5
"TAX1BP1:OAT",1,1,0.5
"TAX1BP1:PAFAH1B1",1,1,0.5
"TAX1BP1:PCMT1",1,1,0.5
"TAX1BP1:PDHB",1,1,-0.5
"TAX1BP1:PPP3CA",1,1,-0.5
"TAX1BP1:PSMC2",1,1,-0.5
"TAX1BP1:PSMD1",1,1,0.5
"TAX1BP1:RASA1",1,1,0.5
"TAX1BP1:SARAF",1,1,0.5
"TAX1BP1:SKIV2L2",1,1,0.5
"TAX1BP1:SNAP25",1,1,-0.5
"TAX1BP1:SNAP91",1,1,-0.5
"TAX1BP1:STAU1",1,1,0.5
"TAX1BP1:STK39",1,1,-0.5
"TAX1BP1:TBK1",1,1,0.5
"TAX1BP1:TMEM30A",1,1,0.5
"TAX1BP1:TXNL1",1,1,-0.5
"TAX1BP1:UBE2D2",1,1,-0.5
"TAX1BP1:UBE2V2",1,1,0.5
"TAX1BP1:VDAC2",1,1,-0.5
"TAX1BP1:VDAC3",1,1,-0.5
"TAX1BP1:WASF1",1,1,0.5
"TAX1BP1:YBX1",1,1,-0.5
"TAX1BP1:YWHAQ",1,1,-0.5
"TBK1:SARAF",1,1,-0.5
"TMEM30A:AGTPBP1",1,1,0.5
"TMEM30A:BCAS2",1,1,0.5
"TMEM30A:CLCN6",1,1,-0.5
"TMEM30A:DDX1",1,1,-0.5
"TMEM30A:EFEMP2",1,1,0.5
"TMEM30A:EPS15",1,1,0.5
"TMEM30A:GOT1",1,1,0.5
"TMEM30A:NDFIP1",1,1,-0.5
"TMEM30A:PFN2",1,1,0.5
"TMEM30A:PPP3CA",1,1,0.5
"TMEM30A:PSMC6",1,1,0.5
"TMEM30A:RASA1",1,1,-0.5
"TMEM30A:RNF11",1,1,0.5
"TMEM30A:SARAF",1,1,-0.5
"TMEM30A:SNAP25",1,1,0.5
"TMEM30A:UBE2D2",1,1,0.5
"TMEM30A:VDAC3",1,1,0.5
"TXNL1:AGTPBP1",1,1,-0.5
"TXNL1:ANK2",1,1,0.5
"TXNL1:BCAS2",1,1,-0.5
"TXNL1:CDC123",1,1,-0.5
"TXNL1:CLCN6",1,1,0.5
"TXNL1:DDX1",1,1,0.5
"TXNL1:EFEMP2",1,1,-0.5
"TXNL1:EPS15",1,1,-0.5
"TXNL1:GOT1",1,1,-0.5
"TXNL1:NDFIP1",1,1,0.5
"TXNL1:PDHB",1,1,-0.5
"TXNL1:PFN2",1,1,-0.5
"TXNL1:PPP3CA",1,1,-0.5
"TXNL1:PSMC6",1,1,-0.5
"TXNL1:RANBP6",1,1,-0.5
"TXNL1:RASA1",1,1,0.5
"TXNL1:RNF11",1,1,-0.5
"TXNL1:RNF14",1,1,0.5
"TXNL1:SARAF",1,1,0.5
"TXNL1:SNAP25",1,1,-0.5
"TXNL1:SNAP91",1,1,-0.5
"TXNL1:STAU1",1,1,0.5
"TXNL1:UBE2D2",1,1,-0.5
"TXNL1:VDAC3",1,1,-0.5
"TXNL1:YBX1",1,1,-0.5
"U2AF2:AAAS",1,1,-0.5
"U2AF2:ADAM15",1,1,0.5
"U2AF2:AGTPBP1",1,1,-0.5
"U2AF2:ANK2",1,1,0.5
"U2AF2:ANKMY2",1,1,0.5
"U2AF2:ARL1",1,1,0.5
"U2AF2:ATP6V1E1",1,1,-0.5
"U2AF2:BCAS2",1,1,-0.5
"U2AF2:BCL2",1,1,0.5
"U2AF2:CDC123",1,1,-0.5
"U2AF2:CDC42",1,1,-0.5
"U2AF2:CHCHD2",1,1,0.5
"U2AF2:COPS2",1,1,0.5
"U2AF2:COPS5",1,1,0.5
"U2AF2:CUL1",1,1,0.5
"U2AF2:DDB1",1,1,-0.5
"U2AF2:EFEMP2",1,1,-0.5
"U2AF2:EPS15",1,1,-0.5
"U2AF2:GARS",1,1,-0.5
"U2AF2:HINT1",1,1,0.5
"U2AF2:KIF3A",1,1,0.5
"U2AF2:MAPRE2",1,1,0.5
"U2AF2:MORF4L1",1,1,0.5
"U2AF2:NDFIP1",1,1,0.5
"U2AF2:NOTCH3",1,1,-0.5
"U2AF2:OAT",1,1,0.5
"U2AF2:PCMT1",1,1,0.5
"U2AF2:PFN2",1,1,-0.5
"U2AF2:PJA2",1,1,-0.5
"U2AF2:PSMC2",1,1,-0.5
"U2AF2:PSMC6",1,1,-0.5
"U2AF2:PSMD1",1,1,0.5
"U2AF2:PSMD6",1,1,-0.5
"U2AF2:RANBP6",1,1,-0.5
"U2AF2:RNF11",1,1,-0.5
"U2AF2:RNF14",1,1,0.5
"U2AF2:RPA3",1,1,-0.5
"U2AF2:SKIV2L2",1,1,0.5
"U2AF2:STK39",1,1,-0.5
"U2AF2:SUMO1",1,1,-0.5
"U2AF2:TAX1BP1",1,1,-0.5
"U2AF2:TBK1",1,1,0.5
"U2AF2:TMEM30A",1,1,0.5
"U2AF2:TXNL1",1,1,-0.5
"U2AF2:UBE2V2",1,1,0.5
"U2AF2:USP14",1,1,0.5
"U2AF2:VPS35",1,1,0.5
"U2AF2:YWHAQ",1,1,-0.5
"U2AF2:ZC3H15",1,1,0.5
"UBE2D2:AAAS",1,1,-0.5
"UBE2D2:BCAS2",1,1,-0.5
"UBE2D2:CDC42",1,1,-0.5
"UBE2D2:CHCHD2",1,1,0.5
"UBE2D2:COPS5",1,1,0.5
"UBE2D2:CUL1",1,1,0.5
"UBE2D2:DDB1",1,1,-0.5
"UBE2D2:EFEMP2",1,1,-0.5
"UBE2D2:EPS15",1,1,-0.5
"UBE2D2:MAPRE2",1,1,0.5
"UBE2D2:NDFIP1",1,1,0.5
"UBE2D2:OAT",1,1,0.5
"UBE2D2:PCMT1",1,1,0.5
"UBE2D2:PFN2",1,1,-0.5
"UBE2D2:PSMC6",1,1,-0.5
"UBE2D2:RNF11",1,1,-0.5
"UBE2D2:TBK1",1,1,0.5
"UBE2V2:AGTPBP1",1,1,0.5
"UBE2V2:ANK2",1,1,-0.5
"UBE2V2:ARL6IP5",1,1,0.5
"UBE2V2:ARMC1",1,1,-0.5
"UBE2V2:BCAS2",1,1,0.5
"UBE2V2:CDC123",1,1,0.5
"UBE2V2:CLCN6",1,1,-0.5
"UBE2V2:DDX1",1,1,-0.5
"UBE2V2:EFEMP2",1,1,0.5
"UBE2V2:EPS15",1,1,0.5
"UBE2V2:GOT1",1,1,0.5
"UBE2V2:KIF3A",1,1,-0.5
"UBE2V2:NDFIP1",1,1,-0.5
"UBE2V2:PAFAH1B1",1,1,-0.5
"UBE2V2:PDHB",1,1,0.5
"UBE2V2:PFN2",1,1,0.5
"UBE2V2:PJA2",1,1,0.5
"UBE2V2:PPP3CA",1,1,0.5
"UBE2V2:PSMC6",1,1,0.5
"UBE2V2:PSMD6",1,1,0.5
"UBE2V2:RANBP6",1,1,0.5
"UBE2V2:RASA1",1,1,-0.5
"UBE2V2:RNF11",1,1,0.5
"UBE2V2:RNF14",1,1,-0.5
"UBE2V2:RPA3",1,1,0.5
"UBE2V2:SARAF",1,1,-0.5
"UBE2V2:SNAP25",1,1,0.5
"UBE2V2:SNAP91",1,1,0.5
"UBE2V2:STAU1",1,1,-0.5
"UBE2V2:SUMO1",1,1,0.5
"UBE2V2:UBE2D2",1,1,0.5
"UBE2V2:USP14",1,1,-0.5
"UBE2V2:VDAC2",1,1,0.5
"UBE2V2:VDAC3",1,1,0.5
"UBE2V2:WASF1",1,1,-0.5
"UBE2V2:YBX1",1,1,0.5
"USP14:AAAS",1,1,0.5
"USP14:ARL1",1,1,-0.5
"USP14:ARL6IP5",1,1,0.5
"USP14:ARMC1",1,1,-0.5
"USP14:BCL2",1,1,-0.5
"USP14:CDC42",1,1,0.5
"USP14:CHCHD2",1,1,-0.5
"USP14:CLCN6",1,1,-0.5
"USP14:COPS2",1,1,-0.5
"USP14:COPS5",1,1,-0.5
"USP14:CUL1",1,1,-0.5
"USP14:DDB1",1,1,0.5
"USP14:DDX1",1,1,-0.5
"USP14:GOT1",1,1,0.5
"USP14:HINT1",1,1,-0.5
"USP14:MAPRE2",1,1,-0.5
"USP14:MORF4L1",1,1,-0.5
"USP14:NOTCH3",1,1,0.5
"USP14:OAT",1,1,-0.5
"USP14:PAFAH1B1",1,1,-0.5
"USP14:PCMT1",1,1,-0.5
"USP14:PDHB",1,1,0.5
"USP14:PPP3CA",1,1,0.5
"USP14:PSMC2",1,1,0.5
"USP14:PSMD1",1,1,-0.5
"USP14:RASA1",1,1,-0.5
"USP14:SARAF",1,1,-0.5
"USP14:SKIV2L2",1,1,-0.5
"USP14:SNAP25",1,1,0.5
"USP14:SNAP91",1,1,0.5
"USP14:STAU1",1,1,-0.5
"USP14:STK39",1,1,0.5
"USP14:TBK1",1,1,-0.5
"USP14:TMEM30A",1,1,-0.5
"USP14:TXNL1",1,1,0.5
"USP14:UBE2D2",1,1,0.5
"USP14:VDAC2",1,1,0.5
"USP14:VDAC3",1,1,0.5
"USP14:WASF1",1,1,-0.5
"USP14:YBX1",1,1,0.5
"USP14:YWHAQ",1,1,0.5
"VDAC2:AAAS",1,1,-0.5
"VDAC2:AGTPBP1",1,1,-0.5
"VDAC2:ANK2",1,1,0.5
"VDAC2:ARL1",1,1,0.5
"VDAC2:BCAS2",1,1,-0.5
"VDAC2:BCL2",1,1,0.5
"VDAC2:CDC123",1,1,-0.5
"VDAC2:CDC42",1,1,-0.5
"VDAC2:CHCHD2",1,1,0.5
"VDAC2:COPS2",1,1,0.5
"VDAC2:COPS5",1,1,0.5
"VDAC2:CUL1",1,1,0.5
"VDAC2:DDB1",1,1,-0.5
"VDAC2:EFEMP2",1,1,-0.5
"VDAC2:EPS15",1,1,-0.5
"VDAC2:HINT1",1,1,0.5
"VDAC2:KIF3A",1,1,0.5
"VDAC2:MAPRE2",1,1,0.5
"VDAC2:MORF4L1",1,1,0.5
"VDAC2:NDFIP1",1,1,0.5
"VDAC2:NOTCH3",1,1,-0.5
"VDAC2:OAT",1,1,0.5
"VDAC2:PCMT1",1,1,0.5
"VDAC2:PFN2",1,1,-0.5
"VDAC2:PJA2",1,1,-0.5
"VDAC2:PSMC2",1,1,-0.5
"VDAC2:PSMC6",1,1,-0.5
"VDAC2:PSMD1",1,1,0.5
"VDAC2:PSMD6",1,1,-0.5
"VDAC2:RANBP6",1,1,-0.5
"VDAC2:RNF11",1,1,-0.5
"VDAC2:RNF14",1,1,0.5
"VDAC2:RPA3",1,1,-0.5
"VDAC2:SKIV2L2",1,1,0.5
"VDAC2:STK39",1,1,-0.5
"VDAC2:SUMO1",1,1,-0.5
"VDAC2:TBK1",1,1,0.5
"VDAC2:TMEM30A",1,1,0.5
"VDAC2:TXNL1",1,1,-0.5
"VDAC2:YWHAQ",1,1,-0.5
"VDAC3:AAAS",1,1,-0.5
"VDAC3:BCAS2",1,1,-0.5
"VDAC3:CDC42",1,1,-0.5
"VDAC3:CHCHD2",1,1,0.5
"VDAC3:COPS5",1,1,0.5
"VDAC3:CUL1",1,1,0.5
"VDAC3:DDB1",1,1,-0.5
"VDAC3:EFEMP2",1,1,-0.5
"VDAC3:EPS15",1,1,-0.5
"VDAC3:MAPRE2",1,1,0.5
"VDAC3:NDFIP1",1,1,0.5
"VDAC3:OAT",1,1,0.5
"VDAC3:PCMT1",1,1,0.5
"VDAC3:PFN2",1,1,-0.5
"VDAC3:PSMC6",1,1,-0.5
"VDAC3:RNF11",1,1,-0.5
"VDAC3:TBK1",1,1,0.5
"VPS35:AGTPBP1",1,1,0.5
"VPS35:ANK2",1,1,-0.5
"VPS35:ARL6IP5",1,1,0.5
"VPS35:ARMC1",1,1,-0.5
"VPS35:ATP6V1E1",1,1,0.5
"VPS35:BCAS2",1,1,0.5
"VPS35:CDC123",1,1,0.5
"VPS35:CLCN6",1,1,-0.5
"VPS35:DDX1",1,1,-0.5
"VPS35:EFEMP2",1,1,0.5
"VPS35:EPS15",1,1,0.5
"VPS35:GOT1",1,1,0.5
"VPS35:KIF3A",1,1,-0.5
"VPS35:NDFIP1",1,1,-0.5
"VPS35:PAFAH1B1",1,1,-0.5
"VPS35:PDHB",1,1,0.5
"VPS35:PFN2",1,1,0.5
"VPS35:PJA2",1,1,0.5
"VPS35:PPP3CA",1,1,0.5
"VPS35:PSMC6",1,1,0.5
"VPS35:PSMD6",1,1,0.5
"VPS35:RANBP6",1,1,0.5
"VPS35:RASA1",1,1,-0.5
"VPS35:RNF11",1,1,0.5
"VPS35:RNF14",1,1,-0.5
"VPS35:RPA3",1,1,0.5
"VPS35:SARAF",1,1,-0.5
"VPS35:SNAP25",1,1,0.5
"VPS35:SNAP91",1,1,0.5
"VPS35:STAU1",1,1,-0.5
"VPS35:SUMO1",1,1,0.5
"VPS35:TAX1BP1",1,1,0.5
"VPS35:UBE2D2",1,1,0.5
"VPS35:USP14",1,1,-0.5
"VPS35:VDAC2",1,1,0.5
"VPS35:VDAC3",1,1,0.5
"VPS35:WASF1",1,1,-0.5
"VPS35:YBX1",1,1,0.5
"WASF1:AAAS",1,1,0.5
"WASF1:AGTPBP1",1,1,0.5
"WASF1:ANK2",1,1,-0.5
"WASF1:BCAS2",1,1,0.5
"WASF1:BCL2",1,1,-0.5
"WASF1:CDC123",1,1,0.5
"WASF1:CDC42",1,1,0.5
"WASF1:CHCHD2",1,1,-0.5
"WASF1:COPS5",1,1,-0.5
"WASF1:CUL1",1,1,-0.5
"WASF1:DDB1",1,1,0.5
"WASF1:EFEMP2",1,1,0.5
"WASF1:EPS15",1,1,0.5
"WASF1:HINT1",1,1,-0.5
"WASF1:KIF3A",1,1,-0.5
"WASF1:MAPRE2",1,1,-0.5
"WASF1:NDFIP1",1,1,-0.5
"WASF1:NOTCH3",1,1,0.5
"WASF1:OAT",1,1,-0.5
"WASF1:PCMT1",1,1,-0.5
"WASF1:PFN2",1,1,0.5
"WASF1:PSMC6",1,1,0.5
"WASF1:RANBP6",1,1,0.5
"WASF1:RNF11",1,1,0.5
"WASF1:RNF14",1,1,-0.5
"WASF1:SKIV2L2",1,1,-0.5
"WASF1:TBK1",1,1,-0.5
"WASF1:TMEM30A",1,1,-0.5
"WASF1:TXNL1",1,1,0.5
"YBX1:AAAS",1,1,-0.5
"YBX1:AGTPBP1",1,1,-0.5
"YBX1:BCAS2",1,1,-0.5
"YBX1:CDC42",1,1,-0.5
"YBX1:CHCHD2",1,1,0.5
"YBX1:COPS5",1,1,0.5
"YBX1:CUL1",1,1,0.5
"YBX1:DDB1",1,1,-0.5
"YBX1:EFEMP2",1,1,-0.5
"YBX1:EPS15",1,1,-0.5
"YBX1:MAPRE2",1,1,0.5
"YBX1:NDFIP1",1,1,0.5
"YBX1:OAT",1,1,0.5
"YBX1:PCMT1",1,1,0.5
"YBX1:PFN2",1,1,-0.5
"YBX1:PSMC6",1,1,-0.5
"YBX1:RNF11",1,1,-0.5
"YBX1:TBK1",1,1,0.5
"YBX1:TMEM30A",1,1,0.5
"YWHAQ:AGTPBP1",1,1,-0.5
"YWHAQ:ANK2",1,1,0.5
"YWHAQ:BCAS2",1,1,-0.5
"YWHAQ:CDC123",1,1,-0.5
"YWHAQ:CLCN6",1,1,0.5
"YWHAQ:DDX1",1,1,0.5
"YWHAQ:EFEMP2",1,1,-0.5
"YWHAQ:EPS15",1,1,-0.5
"YWHAQ:GOT1",1,1,-0.5
"YWHAQ:KIF3A",1,1,0.5
"YWHAQ:NDFIP1",1,1,0.5
"YWHAQ:PAFAH1B1",1,1,0.5
"YWHAQ:PDHB",1,1,-0.5
"YWHAQ:PFN2",1,1,-0.5
"YWHAQ:PPP3CA",1,1,-0.5
"YWHAQ:PSMC6",1,1,-0.5
"YWHAQ:RANBP6",1,1,-0.5
"YWHAQ:RASA1",1,1,0.5
"YWHAQ:RNF11",1,1,-0.5
"YWHAQ:RNF14",1,1,0.5
"YWHAQ:SARAF",1,1,0.5
"YWHAQ:SNAP25",1,1,-0.5
"YWHAQ:SNAP91",1,1,-0.5
"YWHAQ:STAU1",1,1,0.5
"YWHAQ:UBE2D2",1,1,-0.5
"YWHAQ:VDAC3",1,1,-0.5
"YWHAQ:WASF1",1,1,0.5
"YWHAQ:YBX1",1,1,-0.5
"ZC3H15:ADAM15",1,1,-0.5
"ZC3H15:AGTPBP1",1,1,0.5
"ZC3H15:ANK2",1,1,-0.5
"ZC3H15:ARL6IP5",1,1,0.5
"ZC3H15:ARMC1",1,1,-0.5
"ZC3H15:ATP6V1A",1,1,0.5
"ZC3H15:ATP6V1E1",1,1,0.5
"ZC3H15:BCAS2",1,1,0.5
"ZC3H15:CDC123",1,1,0.5
"ZC3H15:CLCN6",1,1,-0.5
"ZC3H15:DDX1",1,1,-0.5
"ZC3H15:EFEMP2",1,1,0.5
"ZC3H15:EPS15",1,1,0.5
"ZC3H15:GOT1",1,1,0.5
"ZC3H15:KIF3A",1,1,-0.5
"ZC3H15:NDFIP1",1,1,-0.5
"ZC3H15:PAFAH1B1",1,1,-0.5
"ZC3H15:PDHB",1,1,0.5
"ZC3H15:PFN2",1,1,0.5
"ZC3H15:PJA2",1,1,0.5
"ZC3H15:PPP3CA",1,1,0.5
"ZC3H15:PSMC6",1,1,0.5
"ZC3H15:PSMD6",1,1,0.5
"ZC3H15:RANBP6",1,1,0.5
"ZC3H15:RASA1",1,1,-0.5
"ZC3H15:RNF11",1,1,0.5
"ZC3H15:RNF14",1,1,-0.5
"ZC3H15:RPA3",1,1,0.5
"ZC3H15:SARAF",1,1,-0.5
"ZC3H15:SNAP25",1,1,0.5
"ZC3H15:SNAP91",1,1,0.5
"ZC3H15:STAU1",1,1,-0.5
"ZC3H15:SUMO1",1,1,0.5
"ZC3H15:TAX1BP1",1,1,0.5
"ZC3H15:UBE2D2",1,1,0.5
"ZC3H15:USP14",1,1,-0.5
"ZC3H15:VDAC2",1,1,0.5
"ZC3H15:VDAC3",1,1,0.5
"ZC3H15:WASF1",1,1,-0.5
"ZC3H15:YBX1",1,1,0.5
