"Gene","GRNAvgExpr","GRNAdjPValue"
"BAIAP2",8.531746196,0.008019717
"CDH22",7.730510517,0.008019717
"CFLAR",7.306301374,0.008019717
"CHRD",7.368385786,0.008019717
"CYB5B",7.977261347,0.008019717
"FBXW7",9.355024573,0.008019717
"GABBR2",10.73367207,0.008019717
"GATM",9.735507945,0.008019717
"ISYNA1",6.812720821,0.008019717
"ITPR2",5.423055733,0.008019717
"LAMP2",8.399661036,0.008019717
"NEDD4L",8.866245777,0.008019717
"NOL4",7.743568203,0.008019717
"PHYHIP",9.707573999,0.008019717
"PLK2",7.957516821,0.008019717
"PTK2B",8.721784782,0.008019717
"QKI",7.063268948,0.008019717
"SLC6A12",7.284421617,0.008019717
"SSBP3",8.716088039,0.008019717
"TSPYL2",9.99542212,0.008019717
"WIPF1",6.114255846,0.008019717
"LDB2",9.006954188,0.008112696
"NCDN",10.12499351,0.008112696
"PLXNB2",8.761453617,0.008112696
"RGS7",8.845435373,0.008112696
"LRIF1",6.526422511,0.008170771
"CDC42",7.231488149,0.008221497
"EPHB6",8.954915485,0.008221497
"KLF4",7.314393148,0.008221497
"NUAK1",10.08111981,0.008221497
"TUBB2B",11.19821307,0.008221497
"RUNDC3A",10.25146588,0.008258198
"KTN1",9.510108689,0.008294878
"ARRB1",9.538439541,0.008346108
"BASP1",11.45314611,0.008346108
"CA2",9.452023421,0.008346108
"CAMK2B",9.059150996,0.008346108
"DLG4",7.04395231,0.008346108
"DNMBP",6.823339811,0.008346108
"DOC2A",7.421181492,0.008346108
"EEF1A2",10.8707735,0.008346108
"ELF1",7.651136648,0.008346108
"GAS7",11.20005355,0.008346108
"IKBKB",7.146284613,0.008346108
"INPPL1",7.646191095,0.008346108
"LEF1",7.491118669,0.008346108
"NECAB2",7.64054211,0.008346108
"NOTCH3",7.967540298,0.008346108
"PDE4A",8.197893567,0.008346108
"PHLPP2",8.077508264,0.008346108
"POLA1",6.579430272,0.008346108
"PPP3CA",11.11939427,0.008346108
"PRKCB",10.42022198,0.008346108
"RAB15",8.543520456,0.008346108
"RGL2",8.634678771,0.008346108
"RGS4",10.48421272,0.008346108
"RNF41",7.907216946,0.008346108
"RNPS1",10.15442522,0.008346108
"SFXN3",8.386259549,0.008346108
"SNCA",9.833060413,0.008346108
"SSFA2",8.967650142,0.008346108
"TUBB4B",10.95105635,0.008346108
"SEPT6",7.683198138,0.008419561
"CALD1",6.497374261,0.008419561
"DLG3",7.896189375,0.008419561
"HK1",10.50122799,0.008419561
"SCRIB",8.316085186,0.008419561
"SEPHS1",6.761984555,0.008419561
"YWHAZ",10.81948643,0.008419561
"KLHDC3",9.432494882,0.008454894
"SPARC",10.23469057,0.008454894
"TGFB1I1",6.679560313,0.008454894
"ADD2",9.657888973,0.008552568
"CYFIP2",9.29094564,0.008552568
"GABRA1",9.399176011,0.008552568
"STXBP1",11.38641667,0.00860036
"UBE2N",8.243184332,0.00860036
"ENO2",10.56231848,0.008842391
"SAV1",6.738236714,0.008842391
"SMC1A",7.782036285,0.008842391
"STMN2",10.20348161,0.008842391
"TUBB2A",12.05267622,0.008842391
"GNB5",8.731059422,0.00885988
"PPP3R1",7.834094688,0.008869659
"GNG3",9.525681815,0.008921526
"MAP3K11",7.891229735,0.008921526
"PNMA2",10.85348323,0.008921526
"STAG2",7.341856489,0.008921526
"RIMBP2",7.435254089,0.00895596
"PPME1",9.386887666,0.009041336
"ANXA4",7.414430724,0.00907608
"CBFA2T3",5.625016806,0.00907608
"DDX39A",7.810196088,0.00907608
"MAPRE2",10.25701057,0.00907608
"MDH2",8.258209009,0.00907608
"TRIM3",6.716843466,0.00907608
"USP11",11.22342049,0.00907608
"GRIA3",7.208809758,0.009093657
"RAP1A",9.099488746,0.00913781
"MMP2",7.051826137,0.009168002
"ROCK1",6.352474247,0.009168002
"SNAP91",9.359732806,0.009168002
"TBC1D2",5.869641615,0.009168002
"ID3",8.328907144,0.009215586
"MYH10",10.4383985,0.009215586
"MED12",7.587254028,0.009328808
"SOS2",7.984747225,0.009328808
"ANXA5",9.582468648,0.009396533
"ARL6IP1",10.95577003,0.009396533
"GDI1",11.38446009,0.009396533
"LAMB2",7.320828617,0.009396533
"MUTYH",7.858640769,0.009396533
"IRF2",6.381645614,0.009405335
"CAMKK2",8.91231108,0.009432492
"CD47",7.227471534,0.009432492
"CHD4",7.476911553,0.009432492
"NMI",5.863717413,0.009432492
"TLN1",7.307930142,0.009432492
"XPC",7.832093879,0.009432492
"ACOT7",8.9065712,0.009444514
"BNIP3",11.09811551,0.009468334
"TCF3",7.442535509,0.009511457
"PIN1",9.524918596,0.009519133
"A2M",10.76128164,0.009584843
"EPS8",8.322424451,0.009704469
"ASXL2",8.263742072,0.009734991
"DGKZ",10.38890301,0.009734991
"MITF",6.671036599,0.009734991
"CEP170B",8.759029698,0.009763247
"SYNJ1",8.999585303,0.009787446
"PRKACA",8.565229707,0.009811531
"UCHL1",11.11948858,0.009811531
"WASF1",10.123069,0.009811531
"PTPN13",6.775128229,0.009839257
"ATP6V1A",10.35219573,0.009846212
"COL1A2",7.937035328,0.009846212
"KCNAB1",8.200112792,0.009846212
"RAB27A",5.381207786,0.00997511
"PRPF19",9.454790887,0.009991443
"SOX13",6.848463299,0.009991443
"LIMA1",7.408190903,0.010101493
"SMARCE1",9.036127348,0.010113994
"CCNO",5.566565338,0.010140052
"ACTL6B",7.615619957,0.010340773
"DOCK2",5.789184389,0.010340773
"NKRF",8.447909308,0.010340773
"SRGAP3",8.706673724,0.010340773
"PTMA",9.568849741,0.010348914
"B2M",12.39086996,0.010395916
"MEF2C",10.12988547,0.010395916
"PPFIA3",8.040222068,0.010396195
"RBL2",7.433289061,0.010399431
"SNAP25",11.8003176,0.010403071
"ZIC3",4.765272893,0.010403071
"ID1",9.098125278,0.010529438
"FLI1",5.427261782,0.010530677
"L1CAM",8.935854305,0.010552099
"FKBP1B",8.982169504,0.010612212
"ITGB5",7.494784154,0.010649906
"TCF12",8.778375056,0.01065377
"PKP4",7.888744729,0.010718757
"MADD",8.550816882,0.010813072
"DVL2",7.565222803,0.010815209
"SUB1",8.58672028,0.010828342
"PRKCI",8.950841082,0.010864373
"NPTX1",9.374773878,0.011093736
"GPNMB",8.529212905,0.011109993
"YARS",8.912682934,0.011109993
"AMPH",8.666025747,0.011310722
"KPNA1",7.111417421,0.011434957
"LSM4",8.659713577,0.011457228
"PLCB1",9.636824433,0.011457228
"TERF2IP",10.69906796,0.011457228
"SYNCRIP",6.626047712,0.011457531
"ATP13A2",8.082292217,0.011476058
"RRAS",6.832260564,0.011487566
"GTF3C1",8.528890496,0.011511151
"PPP2R5D",8.792282229,0.011574041
"HRAS",8.588399114,0.011699806
"ITPR1",9.373734071,0.011719155
"GOLIM4",7.56803935,0.011786917
"CD2AP",4.668515699,0.011953035
"CACNA1C",5.172740667,0.011958246
"CTSH",9.630013888,0.011983691
"HPRT1",8.977368359,0.012041279
"STX1A",9.14216309,0.012150896
"C16orf45",9.543645558,0.012156635
"NUP160",4.712564937,0.012156635
"S100A4",7.213977723,0.012156635
"CD40",5.732453697,0.012255785
"CYCS",11.14980955,0.01226313
"CAMK1D",7.024855476,0.012276292
"GPI",10.2502347,0.012287627
"EDEM1",6.670145201,0.012470924
"HNRNPA2B1",10.19600802,0.01264537
"DDR2",7.113466249,0.01265175
"GLDC",7.42805351,0.012684269
"NOTCH2",8.521786628,0.012684269
"COPS8",9.7743439,0.012709882
"IGFBP5",9.761763432,0.012709882
"HSP90AB1",11.4931326,0.012786573
"HNMT",7.527307292,0.01286628
"PPP2R1A",9.436397741,0.01286628
"USP14",8.730289321,0.012897664
"CAV1",7.514862865,0.012957813
"GRPEL1",8.145915467,0.012967345
"GABARAPL1",8.926315896,0.013096393
"IL16",6.15240364,0.013096393
"PLCG2",6.428518422,0.013096393
"NINL",6.402865319,0.013102257
"NELL1",6.907054205,0.013106347
"ACTN2",7.505783079,0.013113325
"SREBF1",8.075499998,0.013145227
"ERC2",7.734997102,0.013409294
"PEX14",7.441216587,0.013507782
"CDKN1C",7.440500757,0.01352316
"IL17RA",7.825482167,0.01352316
"RPH3A",9.215483474,0.01352316
"SASH1",9.680954346,0.013549972
"FGR",6.616653828,0.013613027
"RANGAP1",8.88463022,0.013613027
"ATP6V1H",9.859498565,0.013806213
"TRIM38",5.425446644,0.013806213
"PMAIP1",4.79778091,0.01388601
"ENO3",4.933194433,0.013886768
"SNX6",7.938841226,0.013917836
"HTT",8.404156166,0.013929856
"ATXN1",7.743602312,0.0139473
"CDC34",8.008359457,0.0139473
"NEK9",8.289825087,0.0139473
"YWHAB",12.54093071,0.0139473
"SON",9.483480536,0.013985737
"YES1",6.792569734,0.013985737
"GULP1",6.786146452,0.014005316
"ITSN1",8.709224452,0.014005316
"DZIP3",7.355602124,0.014045017
"KALRN",7.827508846,0.014056345
"KAT6A",9.247051382,0.01414928
"STUB1",10.4753296,0.01414928
"TAL1",5.7980266,0.01414928
"PARD3",7.10266391,0.014368075
"PCP4",8.891308989,0.014370632
"TIPRL",8.4319461,0.014370632
"VAMP2",9.281289838,0.014370632
"AP2B1",9.702515693,0.014413004
"CHGB",7.584542713,0.014553591
"HSPH1",10.20617333,0.014553591
"TNFSF10",6.383464275,0.014785094
"NCK1",7.339824662,0.014986311
"SH3GL2",9.862096279,0.014986311
"IQGAP1",8.104279567,0.014990632
"TRAK1",7.892626958,0.01520801
"CDH1",5.176295844,0.015272256
"TRIP13",5.197170849,0.015279214
"NXT2",5.529189781,0.015284501
"ARAP1",8.054115871,0.015360575
"ATP6V1E1",10.67866634,0.015428983
"LPCAT4",6.861013489,0.015428983
"MAP4K5",6.644374899,0.015428983
"MCM5",5.491854514,0.015522836
"NDEL1",9.047943377,0.015525136
"KIT",7.280173552,0.015700749
"RECK",6.159017676,0.015878357
"STK3",6.344806998,0.016031194
"TCEAL2",10.66398677,0.016031194
"MYOT",5.617118866,0.016060173
"TCF25",9.722307596,0.016153499
"NEDD4",4.673682826,0.016226854
"CUL3",5.271410763,0.016237035
"AHCYL2",9.423270631,0.016292898
"DLG2",7.644522934,0.016306349
"CDK20",7.577829594,0.016435352
"CELSR2",9.118589422,0.016435352
"CTNNB1",8.868244599,0.016435352
"FXYD6",10.24805822,0.016435352
"MAP3K3",7.61872593,0.016435352
"SERPINI1",10.41085924,0.016459013
"PJA2",10.1851579,0.016539831
"MORF4L2",11.53169525,0.016634689
"LRPPRC",8.651052949,0.016747411
"VAMP3",10.40384957,0.016801611
"WNK1",10.2198479,0.016816573
"HSPB3",7.038991847,0.016873305
"CDS1",8.149002424,0.016896311
"TRIM23",6.908380492,0.016961434
"SSX2IP",8.602685862,0.017089038
"RCAN2",10.24196034,0.017545816
"UBE2Z",8.206347184,0.017593844
"MLF2",10.02452616,0.01764903
"SRPK1",5.927120836,0.01764903
"PCBP2",7.205362464,0.01775799
"CCND1",6.500399929,0.017937493
"CDK12",6.113530825,0.017963008
"ITGB1",9.957790699,0.018085598
"SOX10",8.916526256,0.018246909
"ABCD3",8.655726527,0.018287701
"MACF1",9.017354034,0.018559033
"DRG1",9.486546415,0.018683985
"ZFYVE26",6.486828748,0.018759233
"MATK",7.844693056,0.018769579
"ATP6V0C",11.58459902,0.018783539
"POLDIP3",8.996661936,0.018893443
"NECAP1",8.698318304,0.018949599
"SOCS6",4.270423652,0.01903957
"SWAP70",7.145395676,0.019084824
"NEDD8",10.01998893,0.019197901
"PFN2",11.43957211,0.019369428
"PPFIA1",7.146420426,0.019483437
"TRIM8",8.794770713,0.019544387
"KATNB1",8.724126459,0.019552837
"SNAP23",5.01555529,0.019552837
"EZR",9.795548951,0.01957633
"MLLT3",6.32967185,0.019619254
"DCTN1",9.67776869,0.01980259
"NUDC",9.714346878,0.019826523
"TMBIM4",8.159449956,0.019865626
"E2F3",6.350631697,0.019964014
"RAPGEF2",10.65083208,0.019964014
"TXNL1",10.06816869,0.019964014
"CDK5",8.611784606,0.019966138
"SIAH1",4.90869314,0.019966138
"MAP2K4",8.063604274,0.020029773
"PPP1CC",9.947922666,0.0200479
"DNM2",7.572129803,0.020131492
"CRMP1",9.714246025,0.020167689
"SRRM2",10.61032539,0.020167689
"EIF1B",10.49115754,0.020189579
"SNRPD1",7.209163038,0.020189579
"PGAM1",11.71463699,0.020227037
"COPG1",7.14005159,0.02028164
"MAPRE3",7.002264566,0.020305384
"S100A11",7.785230185,0.020388259
"ARL1",8.759885867,0.020414732
"NBPF1",10.02242633,0.020501822
"UBE2V2",7.682120865,0.020501822
"PDS5B",7.182158824,0.020508005
"KCTD12",9.319606523,0.020601559
"SCAF11",7.946520931,0.020621008
"TMEM165",8.133678956,0.020734792
"BAP1",9.34337552,0.020842647
"MAP2",7.512433429,0.020842647
"PNN",10.85741317,0.020862761
"PPP2R2D",7.259831491,0.02088031
"EEF1D",10.71442796,0.020915061
"UBE4B",6.680843388,0.021172653
"SMYD3",7.63070547,0.0212225
"ZNF24",9.231022093,0.021287916
"TPI1",11.15301268,0.021322549
"DYNLT3",10.19786859,0.021543422
"TTC1",8.679254206,0.021648047
"CSF1R",9.000401573,0.021810593
"PREP",6.60328468,0.02184377
"TIMP3",7.480032317,0.02184377
"NFX1",5.68016395,0.021968136
"HIPK2",8.809151179,0.022065861
"LAMP1",11.72868696,0.022076753
"SMC3",6.819618346,0.022076753
"PRPF40A",8.622174668,0.022211911
"NFKBIA",10.22412828,0.022350658
"PAK2",8.298243652,0.02247624
"PKD2",6.961697493,0.022590664
"PDS5A",4.308888246,0.022713123
"EGFR",8.488554116,0.023078348
"MRC2",8.123509419,0.023078348
"RASSF4",8.435267232,0.023078348
"ATP6V1B2",9.923832798,0.023148778
"HSPA2",10.12479225,0.023148778
"TMX1",7.887771383,0.023422826
"TERF2",8.935264613,0.023516911
"ALDOA",11.66150153,0.023684805
"FIBP",8.60280685,0.023762333
"RING1",9.81707915,0.023819479
"TSPAN4",7.092351979,0.023898894
"PLIN3",8.382450076,0.023959248
"USP3",6.894242224,0.024073283
"NAIP",5.905387369,0.024171899
"SP3",8.006043369,0.024181548
"SEPT8",8.380987099,0.024356346
"PPP2R2B",9.336832842,0.024437279
"TOR1AIP2",6.835348181,0.024437279
"GLI3",8.414614352,0.024528655
"LAGE3",8.647113535,0.024528655
"SFPQ",8.259429988,0.024528655
"TNPO1",9.590170248,0.024528655
"DLG1",5.647741439,0.024542702
"DDAH2",7.980177496,0.0246036
"ATG9A",8.247166049,0.024707231
"CLMN",5.502083319,0.02474391
"NDUFB8",10.46515754,0.024870982
"PILRA",5.94673654,0.024936909
"TUBB",10.54591244,0.025262693
"ARMC8",5.03872029,0.025304683
"ENAH",8.77780135,0.025317852
"TUBA4A",9.221567022,0.025317852
"SF3B3",7.339714875,0.025434666
"NOTCH1",7.522493073,0.026026255
"FKBP4",9.042660748,0.026042861
"IGF2R",6.776323189,0.026042861
"ACTN1",9.523008883,0.026242395
"GOT2",9.603261954,0.026252982
"JUP",7.204690804,0.026252982
"RIMS1",6.768877825,0.026252982
"RPL30",11.90490241,0.026252982
"INPP5D",6.9368372,0.026413223
"RNF114",8.966936853,0.026499321
"UBE2B",9.116158669,0.026499321
"LRCH3",6.807867948,0.026556402
"AP2M1",10.60666141,0.026659103
"GFAP",13.28338721,0.026739255
"GARS",9.763129174,0.026882842
"NFKB1",7.229081688,0.026890302
"SIVA1",5.767420735,0.026897737
"PLCG1",8.35350374,0.026918859
"NOTCH2NL",8.442538251,0.02692903
"PLEC",8.262710704,0.027066527
"SFXN1",6.989558445,0.02710064
"SORBS1",10.37857953,0.027145559
"SH3GLB1",8.616890521,0.027273026
"ANP32B",10.58579215,0.027381331
"PRPS2",6.771632722,0.027522968
"TBC1D2B",7.535457541,0.027522968
"AKAP6",6.920430617,0.027621631
"NLK",7.708987772,0.027678127
"APBB1",7.929879404,0.028094343
"SRPK2",9.182701181,0.028184855
"CHD3",8.036692985,0.02821805
"TOLLIP",7.437540443,0.028341465
"PNISR",8.295989994,0.028444771
"MIA3",6.672498149,0.028516132
"COL3A1",3.730321642,0.028642286
"RHOA",11.37941241,0.028705347
"MAP2K6",5.962716085,0.029123963
"RBBP5",5.105378612,0.029123963
"CPNE3",8.866009553,0.029132503
"KDM5A",8.186350973,0.029383182
"CTBP1",9.541299909,0.029490964
"BAZ2B",8.285808094,0.029554608
"UBE2J1",5.358310442,0.029693182
"NREP",9.517821807,0.029750437
"S100A6",9.716410217,0.029755566
"TYK2",8.423487173,0.02981063
"CTGF",7.490804787,0.029820878
"KHDRBS3",9.40873369,0.029921526
"RAB3A",9.516902069,0.029921526
"RORB",5.869166046,0.030051139
"NCKIPSD",9.019120183,0.030072473
"KIF5B",10.60323663,0.030160237
"MYL12A",7.861092135,0.030160237
"C1orf109",5.918386224,0.030170943
"TAB2",8.630287797,0.030202262
"ADAM17",6.63226025,0.030207062
"BST2",7.984114101,0.030223129
"TOMM34",7.999627356,0.030273301
"CCDC6",6.89447474,0.03031693
"FBXL5",9.520080395,0.030458958
"AKR1C1",8.544144988,0.030536045
"ATG4B",7.505622983,0.03062235
"FYB",5.963585095,0.030729918
"RBPJ",9.938644842,0.030735664
"PPARGC1A",6.579267172,0.030737617
"HERC1",9.034666651,0.030926843
"SERBP1",10.09367138,0.030926843
"CYP2E1",6.311892469,0.030929279
"TBC1D4",6.650197262,0.031191655
"VDAC3",10.98150974,0.031220486
"HSPA4L",5.854084001,0.031514118
"RAD21",8.855376698,0.031514118
"KAT2B",8.868109656,0.031595426
"TGFB1",6.984470655,0.031668839
"HABP4",7.879272319,0.031805666
"TBCD",7.621463282,0.03189989
"SF3B1",9.549521799,0.031943746
"PHGDH",9.047851939,0.032132674
"PRKAR2A",8.842983849,0.032132674
"BZRAP1",7.834869929,0.032215158
"RNF219",6.464650055,0.032220192
"ERBB3",7.39274849,0.032524259
"RELA",8.404025898,0.032926936
"SVIL",5.876636428,0.032948333
"NARS",10.70184748,0.03298766
"LAMA4",5.535100443,0.033437526
"MAGED1",10.88903821,0.033533597
"CDKN2C",7.300129454,0.033749838
"HLA-A",11.65803432,0.033826377
"SEPT2",10.98640871,0.033877379
"NOTCH4",7.846623993,0.033877379
"PSMD12",7.822703262,0.033877379
"MAGI1",5.960356764,0.034151294
"SRSF7",8.877021604,0.034151294
"TNIP2",7.057347356,0.034239955
"RAN",9.563633649,0.034416347
"HSPBP1",8.362712289,0.034449309
"GOLGA7",10.45547931,0.03446881
"CTBP2",5.936365613,0.034472365
"PPP2CA",10.21736295,0.034472365
"TCEA2",9.203285521,0.034490763
"MTCL1",8.048572519,0.034537161
"VAMP8",6.494886275,0.034731048
"LZTFL1",7.714949019,0.034737819
"VPS35",10.72936227,0.034878743
"YBX1",10.31812172,0.035029759
"MCMBP",5.500467244,0.035096165
"YWHAH",9.669056351,0.035148058
"CLASRP",8.518950896,0.035289794
"MYO1C",8.076547515,0.035341378
"FKBP8",8.507035097,0.035404267
"ITGB4",5.167918573,0.03572381
"CEP63",6.2727519,0.035843944
"CD22",7.717110858,0.035970299
"SMAD6",7.488073991,0.035976561
"FBLN1",6.871183284,0.036000848
"YTHDF2",8.408907369,0.036013377
"ZNF217",4.663175781,0.036018638
"IVNS1ABP",6.629860773,0.036035204
"CUL5",6.789707727,0.036080106
"GAPDH",13.35801213,0.036128004
"ABL1",8.819583903,0.036200921
"PCMT1",10.45516889,0.036429304
"CSNK2A2",7.568763002,0.036526021
"ERBB2",7.626923792,0.036582121
"RNF123",7.748910431,0.036764177
"BCAS2",8.561431407,0.03682748
"PSPH",5.239720446,0.036844445
"ATRX",4.773394044,0.036916421
"DYNC1H1",10.59922784,0.037128976
"EEF1A1",12.81293933,0.037242747
"TSPYL5",8.151600811,0.037546528
"AGPAT4",6.34796828,0.037720227
"USP7",9.399337998,0.037720227
"MED8",6.359693303,0.037720553
"CTNNA1",9.914041888,0.037731467
"MAPK6",9.392059959,0.037784739
"NAP1L1",10.33480569,0.037784739
"MED9",7.214717725,0.037981638
"CLN3",7.34618046,0.03814458
"TRIP10",6.699598197,0.038366944
"EVL",9.670475827,0.038417347
"RANBP9",10.04858475,0.038417347
"EPOR",5.389443156,0.038492939
"GNAL",6.538621601,0.038566123
"STAT4",6.810825481,0.038767446
"KEAP1",8.529438957,0.038799333
"NAPA",8.659958261,0.038799333
"SSR1",9.698216527,0.038799333
"RUVBL2",8.531238742,0.038804318
"CLCN6",8.363407009,0.038810963
"AKAP12",9.053903329,0.038843094
"ZFPM2",7.367559409,0.038933543
"SEPT7",7.319615248,0.039233357
"PSMD13",7.256631374,0.039376067
"CHCHD2",11.1762184,0.039541268
"TOB1",8.806650382,0.039571845
"CXCL14",9.726098039,0.039654595
"GABRG2",6.95951687,0.039787031
"HLA-C",10.8574719,0.039932047
"CAPNS1",10.92008606,0.040055781
"CACYBP",10.21538994,0.040079783
"FOXN3",8.223454381,0.040424009
"TMEM11",7.509756271,0.040489822
"DARS",10.21752483,0.040826591
"MAP3K5",8.640995275,0.040826591
"MAP2K1",9.04656881,0.04090057
"UBQLN4",7.756170452,0.04090057
"TP53TG1",6.759785677,0.040957112
"IFIH1",4.718335509,0.041041255
"CAPN3",8.297006562,0.041273084
"RPL11",11.71530732,0.041507472
"MCM4",5.857179817,0.04159342
"BCL2",7.541156966,0.041877384
"GRN",8.756205908,0.041993831
"HMGB1",10.00612891,0.042082048
"GAB1",6.235070026,0.042235825
"PASK",6.124361667,0.042577655
"NR1H3",5.685795718,0.042785345
"RPS16",11.25846737,0.042785345
"UBE2D2",7.038356624,0.042829575
"CTSK",5.992313599,0.042902344
"PLSCR4",8.600977258,0.043331394
"SOX2",8.956732944,0.043331394
"MED6",6.804240978,0.0433343
"ACTB",13.41091215,0.043459999
"FH",8.460978643,0.043604063
"ANKMY2",8.605408785,0.043884835
"BTBD2",8.461470823,0.043953335
"CASP8",4.546583699,0.044107671
"RAB9A",8.157185821,0.044289909
"PAN2",7.333108667,0.04430973
"HEY1",8.208044317,0.044448998
"SARS",9.273488995,0.044569687
"PEBP1",11.45085037,0.04458348
"SORBS2",8.731524645,0.044737612
"MAPK1",9.169407085,0.044905453
"RAP2A",10.51746189,0.044947079
"PSMD1",8.775376239,0.04499734
"APTX",7.516377463,0.045165345
"RAB26",8.303998347,0.045333391
"TRADD",7.437409327,0.045390659
"PIK3R1",10.41335926,0.045460718
"MAVS",6.805800767,0.045601857
"RPL7",11.93490585,0.045778573
"ENSA",9.764946985,0.045782692
"CHCHD3",7.246207299,0.04586649
"LEMD3",9.020746281,0.045894121
"KAT7",8.44050013,0.045934247
"IKBKE",7.167107505,0.045974074
"MAPT",11.36264389,0.046055005
"LCP2",6.623022853,0.046066011
"NECAP2",7.351910641,0.046184938
"MARK2",7.260869899,0.046187443
"R3HDM2",9.626285815,0.046187443
"RPS12",12.21264572,0.046308192
"CDKN1B",9.935136093,0.046335727
"PSME3",7.404087136,0.046542283
"THOC1",7.723473479,0.046542283
"LRRK1",6.945491873,0.046703332
"RFC1",6.273922879,0.047072981
"NDFIP1",10.40517292,0.047260477
"ALAS1",8.032760443,0.047386177
"ATPAF2",5.762001354,0.0474817
"TUBA1B",12.92859235,0.047790651
"SUPT16H",8.570649544,0.047914903
"PAK1",6.135437455,0.047951567
"ITGA6",6.448154256,0.04795534
"HIPK1",9.02219605,0.047966731
"ZC3H15",8.77678539,0.047966731
"SRRM1",8.925753188,0.047978823
"MSH6",7.728346413,0.048118219
"MCM3",7.060726426,0.048204991
"IRF7",6.423378346,0.0482321
"SNCG",7.749937841,0.048338443
"IRAK4",4.571810063,0.048485733
"NMT1",7.161826683,0.048576474
"MED14",6.610521559,0.0487732
"SKP2",6.565655229,0.04880893
"UBE2I",7.80608917,0.04880893
"MAP3K8",4.927592508,0.048879895
"TGFBR2",7.873792282,0.048968246
"MAN2A1",7.97509768,0.049018891
"LPP",8.310604531,0.049597332
"OFD1",7.825833052,0.049752637
"STAT3",10.09036284,0.050104453
"MSN",9.329467417,0.050137426
"FXR2",8.330246152,0.050488335
"KIF3A",6.825736849,0.050488335
"MOB1A",5.484221642,0.050503099
"MTUS2",6.345832153,0.050620146
"VAMP5",7.503081787,0.050636194
"CDC6",4.27206024,0.050867088
"RBM5",5.788408646,0.050918315
"C20orf27",7.158107455,0.051041582
"MEAF6",8.140826094,0.051454833
"TPM3",6.587609824,0.051476527
"EDC4",6.672105905,0.051700616
"HNRNPA1",6.328767171,0.051700616
"DSP",6.376716173,0.051747051
"ALDH5A1",9.324148894,0.051821493
"CREBBP",8.473088651,0.051844146
"CUL2",7.719151895,0.051931489
"SRF",7.269683447,0.052383659
"HCK",6.327285101,0.05284911
"RGS14",6.053060564,0.052867033
"SH3GLB2",7.532081789,0.052898197
"EEF2",12.04280689,0.052948405
"ANXA11",9.627827432,0.052983879
"PHKA2",6.928306205,0.053245145
"MECOM",6.279048177,0.053447517
"ZEB2",7.643493623,0.053711019
"KDM6A",4.588740841,0.053728278
"CD4",7.475073988,0.053785379
"MLPH",6.891023949,0.053819981
"RSL1D1",8.205870619,0.053819981
"DDX11",7.080110999,0.053889725
"MAP4",8.80448219,0.053969448
"COX5B",10.79659059,0.054187371
"KCMF1",9.039813898,0.054450644
"RNF14",8.097739415,0.054639533
"ARHGAP17",7.366679635,0.054748675
"TCEB1",9.377729907,0.054820311
"OXCT1",8.731188443,0.054825612
"SND1",8.285579806,0.054850541
"HCLS1",7.729330592,0.054881203
"NACA",11.95659717,0.055079136
"ASH2L",8.685698367,0.055185686
"ITGB2",7.376899857,0.055312311
"NRIP1",8.331239695,0.055362495
"CSNK2A1",7.534250562,0.055601244
"RAB3B",5.413251161,0.056333635
"TCEAL1",8.587409302,0.056445164
"SAFB",6.149222004,0.056455915
"USP20",7.692219524,0.056455915
"LARP1",9.632711534,0.056798219
"ACSL6",5.19162018,0.056825081
"SKP1",8.810531464,0.056825081
"CMTM6",8.209472527,0.056893594
"CCDC90B",7.317543393,0.057076158
"RANBP6",8.418227176,0.057117957
"ATRAID",8.65765437,0.05738576
"NDUFS3",9.405715697,0.05738576
"LAMC1",7.732516346,0.057950572
"F8",7.818039177,0.058138815
"SLC25A6",10.85120725,0.058318439
"CD55",7.450762724,0.058344364
"LIMK1",5.719879797,0.058344364
"FHL2",7.495209842,0.058472095
"DCX",6.148914504,0.058510818
"HLA-B",11.31565497,0.058896634
"TOMM20",10.82341618,0.05909331
"TLE3",7.290877657,0.059129313
"CDK1",3.80099928,0.059462042
"PECAM1",7.993110458,0.059462042
"USP34",10.02580587,0.060105491
"RWDD1",8.72622985,0.060163558
"SOX9",10.21633301,0.060292037
"ABI2",7.637511582,0.060841424
"SNAPC5",8.827229122,0.061009297
"ZNF512B",5.713472562,0.061050023
"DYSF",8.508688618,0.061177766
"PPFIA2",7.960386566,0.061265403
"RTCA",7.114803515,0.061341956
"C14orf1",8.237483235,0.061419582
"HES1",7.783645339,0.061419582
"RPS6",12.23536276,0.061525813
"UTRN",5.46795919,0.061579443
"TIA1",6.788877749,0.06171087
"PKP2",4.431442082,0.061786103
"PALLD",6.901493233,0.061837638
"RAB14",4.291948127,0.061837638
"VDAC1",9.743841642,0.061837638
"ERCC5",7.573863614,0.062140708
"POLDIP2",8.99999299,0.06252627
"CDC37",8.838391547,0.062592395
"SNRNP25",9.537154803,0.062592395
"SPEN",9.102375772,0.063476772
"COPS7A",8.614619815,0.06355008
"MED7",6.86467701,0.063902821
"PRMT2",4.40039017,0.064057516
"EFEMP2",7.756024083,0.064212661
"ALAD",9.025250258,0.064516317
"MPDZ",8.582182582,0.06463071
"NEK1",8.546103992,0.06463071
"ALMS1",8.04872,0.064651013
"SMARCC1",7.149130671,0.064651013
"STMN1",8.428888817,0.065069471
"GEMIN2",5.826723171,0.065148924
"SYNE2",6.134946813,0.065148924
"SLPI",6.727922012,0.065216931
"MECP2",8.638011294,0.06559801
"FYN",11.08793819,0.065681838
"TMEM30B",4.616005895,0.065796772
"DYNC1LI1",7.775748089,0.065801923
"ATP5L",8.457935259,0.066654231
"DDX24",9.964700578,0.06680287
"PTN",11.10920623,0.066820271
"NPDC1",9.666729679,0.066995774
"EFEMP1",7.153707222,0.066998267
"SAP18",8.951121116,0.06700039
"HMGXB4",7.85624792,0.067126985
"DNAJB1",8.496748713,0.067240271
"LMF1",5.841072356,0.067352832
"EP300",6.772455915,0.067423877
"ACOT8",7.390950774,0.067449919
"NDRG1",10.59502974,0.067459899
"GLMN",6.395368412,0.068132415
"MYBPC1",8.725064384,0.068132415
"ALOX5",6.015958717,0.068149514
"POLR1C",6.941804011,0.068225762
"GTF2F1",8.099064711,0.068248569
"PSMD3",8.296763197,0.068272986
"PIGH",6.650933199,0.068692524
"RPL22",9.588668596,0.068861873
"PABPC1",11.2200445,0.068891923
"SRSF4",9.459087429,0.069007004
"UBE3A",8.542513164,0.069007004
"USP39",7.022740092,0.069007004
"PTPN12",5.163696248,0.069218957
"MAP7",7.593096331,0.069475904
"MAPRE1",7.899252173,0.069477981
"MYOF",7.523506371,0.069538648
"CRKL",5.488904716,0.069651391
"CXorf56",5.762986038,0.069873834
"CNOT6",7.023282597,0.069944598
"EPAS1",11.30448917,0.070530102
"ITGB1BP1",8.5165951,0.070643909
"COPS3",7.749753721,0.070835187
"KIAA0408",4.695794123,0.071859025
"SPRY1",6.705841283,0.072043327
"VCAM1",5.506742771,0.072043327
"CNOT2",8.826921134,0.072073327
"ZNF593",6.727204234,0.072073327
"SNX11",7.638613043,0.07227498
"CD81",11.50416966,0.072283875
"NUP107",6.198349786,0.072375781
"NANS",6.992656805,0.072653204
"FEM1C",6.474960115,0.072671555
"RYK",6.123237264,0.073128467
"PRDX2",7.894535778,0.073386135
"TRIP6",8.613570049,0.073386864
"TFRC",10.05609346,0.073397316
"RNF8",7.847806973,0.073781911
"SLC35A3",4.926104647,0.073781911
"U2AF1",10.30512359,0.07465616
"CCDC85B",9.095787966,0.074660518
"CAMK4",5.351608808,0.074676798
"SMC5",6.512164296,0.074805613
"CBR3",7.025548039,0.075334263
"ZBTB5",8.126135552,0.075683311
"CDC7",6.140162888,0.075794703
"RPA2",8.211296047,0.0760647
"CDK19",8.654568676,0.076107026
"ARID1A",9.350957216,0.076477799
"ZWINT",5.842550444,0.076484131
"RANBP1",8.86903607,0.077035181
"TSR1",8.280028452,0.077040765
"GCC1",6.901864872,0.077303371
"MARK4",9.57333788,0.077303371
"RNF11",10.63033858,0.077315611
"RALGDS",10.15927214,0.077382043
"RNF19A",6.732276289,0.077524089
"MUS81",7.959637309,0.077537077
"UGP2",10.20028606,0.077549054
"SORBS3",8.877456508,0.077586986
"CLIC4",9.144124937,0.077693041
"VAMP4",9.177985893,0.078196616
"ZNF83",5.905416902,0.078241835
"EMC1",4.723738588,0.078512974
"SLC25A17",6.804039387,0.078540549
"MYO5C",6.755236219,0.078729828
"RBM39",9.028343136,0.078729828
"ATF2",8.501091131,0.078947675
"DDX17",11.24349,0.078947675
"SMARCA2",7.932362112,0.078947675
"PPP1R15A",7.296095206,0.079017183
"PHKB",7.118015569,0.079069124
"IMMT",8.86777926,0.079500785
"MYL6B",9.638776215,0.079578973
"SETD2",5.444559752,0.079651402
"SUMO3",10.50758689,0.079651402
"ZPR1",6.848860671,0.07979259
"SMAD3",8.232649338,0.079828494
"RPL12",11.03760422,0.079864339
"FKBP5",6.716992694,0.080286556
"CAND1",7.931739605,0.080302029
"GOT1",9.443346173,0.080642949
"MON2",8.024506576,0.080689653
"APLP2",10.91077174,0.080849053
"EIF4EBP1",6.489129914,0.080849053
"PKN2",8.226717095,0.080849053
"LIMK2",7.271288847,0.0809391
"PDE4D",8.251193401,0.081266298
"BRCA1",4.597641448,0.081287798
"STIP1",8.849261213,0.081417332
"CDC14B",7.911565461,0.08148008
"GORASP2",9.122770763,0.08158845
"LRP2",4.706715869,0.081819915
"HEY2",6.708722514,0.081889859
"MCM2",6.201458502,0.081918695
"NCAPD2",6.21278352,0.081927374
"CLTC",11.45202378,0.082021764
"FANCC",6.293576665,0.082119661
"MRPS11",8.020354889,0.082288361
"WASF2",8.124012819,0.083493823
"GNG13",5.562630601,0.083598229
"FLNA",8.079020483,0.083636983
"TRIP11",4.674884082,0.083636983
"HIP1",7.175995193,0.08363799
"NPM1",9.380427166,0.08363799
"PTEN",7.091052888,0.083750734
"PSMD11",7.276121638,0.084261706
"POLI",4.791587845,0.084477924
"EIF2S1",8.792118513,0.084837527
"PCGF3",6.66397304,0.084936905
"PTPN3",6.201724721,0.085067594
"HSPA9",9.522415076,0.085192578
"ECI1",7.585730301,0.085238166
"POLR2C",8.619834318,0.085314076
"HDAC6",8.549199554,0.085753323
"RB1",7.238213443,0.085753323
"SREK1",7.60836961,0.085789715
"SNAPC3",5.865551285,0.085924783
"RPS6KA2",9.565847921,0.08615452
"CCNH",8.163013337,0.08632396
"TXNIP",10.20222645,0.086491517
"PTPN11",8.417777608,0.086602237
"NACAP1",10.81469006,0.086726882
"NRG1",5.364081283,0.086726882
"FUBP3",7.489918885,0.086904782
"PRPF4",8.015954648,0.087204931
"NUCB1",7.921528269,0.087311663
"ARNT2",10.80594078,0.087573773
"BCAP31",9.084036578,0.087691166
"EWSR1",7.497521179,0.087786304
"MED15",8.222940599,0.087812484
"TFCP2",7.445964149,0.08876638
"U2SURP",8.128236191,0.088851218
"RPN1",7.346641975,0.089127706
"NCOA3",7.449553044,0.089305934
"RXRB",8.791797869,0.089310995
"PTPRF",7.447350873,0.089350159
"CNOT8",6.770934811,0.089728975
"EIF3A",8.957004474,0.089822541
"COX5A",10.52362925,0.089825043
"CS",10.19099667,0.089968988
"RABIF",7.35332998,0.090049986
"GFPT1",6.211423905,0.090055424
"SYNE1",4.100957127,0.090629312
"HINT1",10.88913272,0.091138835
"CALR",6.243487499,0.091495749
"FRS3",7.306405435,0.091679621
"CCT5",8.87312462,0.091684687
"DEDD",6.068817078,0.092028989
"PTGER3",5.011602393,0.092147533
"TNFAIP8",4.809532778,0.092226295
"ZBTB7A",5.893471946,0.092576902
"MGEA5",8.404780604,0.092588371
"MAPK7",6.392429903,0.092663287
"DCTPP1",8.190434305,0.092990785
"DUSP3",6.807545261,0.092990785
"CLK1",8.429843838,0.093020747
"ATM",7.607365024,0.093096387
"FLNC",7.058511682,0.093740232
"RAP1B",9.285370141,0.093919716
"SNIP1",4.999044095,0.094212424
"WIPI2",9.252906819,0.094330076
"RPL19",11.64118384,0.094449566
"TUBG1",7.825459005,0.094609562
"PHF3",6.918970999,0.095482682
"SPAG5",6.189822662,0.095482682
"PSMC5",10.07827214,0.095572559
"WAS",8.279974038,0.095596693
"ADRA2A",5.786755712,0.096373282
"KCND2",5.946309153,0.096429178
"DEAF1",9.51430701,0.096596865
"PTGS2",5.154442372,0.096987451
"RPS29",11.95493967,0.097084355
"MMP14",7.629951664,0.097165997
"H2AFV",8.318803633,0.097291853
"TPM1",8.4919289,0.097691874
"ARHGAP24",4.690747091,0.09782284
"SLC35A2",6.473428317,0.098083293
"TGFA",6.381180336,0.099142525
"CEP76",4.774048725,0.099203851
"PDE1B",6.92791028,0.099403318
"SNAI2",4.635724695,0.099510729
"MAD2L1BP",7.166422845,0.099766769
"AKAP5",5.213381539,0.099768043
"FRAT1",6.159253446,0.101208575
"LGR4",5.730198955,0.1013858
"DIXDC1",8.411108278,0.102177086
"CNOT4",7.346581751,0.102220396
"RPS17",12.23488908,0.102466868
"H2AFY",9.958089557,0.10268471
"PRPSAP1",8.967264831,0.10268471
"GOLGA4",6.365315276,0.102699402
"SMURF2",7.708333246,0.102742424
"TRAF3",7.840567495,0.102742424
"KLF6",6.845012573,0.103016497
"PRKCE",5.986501032,0.103046172
"ACTR1A",8.50032727,0.103460857
"LGALS14",4.21879023,0.103596657
"EXOSC8",6.882368426,0.103993438
"UBXN4",10.1742719,0.104753474
"VLDLR",6.626678968,0.105194977
"SPOP",9.398252985,0.105535723
"CEACAM1",4.588523163,0.105734832
"PPP6R1",8.090224814,0.1059108
"UBE2C",5.766886283,0.106034476
"DDX3X",9.898443259,0.106203307
"FAF1",8.437748977,0.106212182
"LAP3",8.716374297,0.10625787
"EFHC1",5.729549673,0.106277274
"SMURF1",7.334000722,0.106277274
"RBM14",7.512229229,0.106740293
"APLP1",11.17549543,0.106839753
"EPM2AIP1",9.011599668,0.106839753
"ATXN7",6.048345002,0.106966686
"AASDHPPT",8.357545758,0.107366576
"GNAI2",9.91024527,0.107830411
"NCAM1",10.39409302,0.107953223
"ACD",7.890962183,0.108080416
"MAPK14",8.047368068,0.108483277
"ERG",5.665926884,0.108982868
"CREG1",9.122922429,0.109247095
"HNRNPA0",9.947838339,0.109353467
"APP",10.39220139,0.109784871
"FEN1",7.011603685,0.109784871
"ILF3",8.951019165,0.109784871
"ZBTB18",5.218699353,0.109784871
"SEPHS2",8.489772652,0.110052324
"HNRNPUL1",8.058040207,0.110259664
"PFKM",10.13680957,0.110260334
"DST",8.212147426,0.110774742
"RALBP1",9.006007949,0.111118794
"BAX",5.643946676,0.111345415
"DCTN2",10.0360165,0.111629296
"NCBP1",3.749724911,0.111852765
"RAD17",6.669606613,0.112150622
"CEP70",6.649602509,0.112193972
"PDCD6IP",8.299844794,0.112652933
"CLIC1",8.227872517,0.112738923
"MEN1",8.017576349,0.112738923
"CDH11",8.010845903,0.113025958
"DDX1",9.923484426,0.113069457
"BTF3",11.10751651,0.11364874
"GNG7",7.469900788,0.11364874
"RTN4",12.20170077,0.113831778
"DAXX",7.179324837,0.11390709
"C1QBP",8.467045425,0.113949222
"BTG1",8.784651509,0.113979162
"GPBP1L1",7.980592556,0.114523265
"SMARCD3",9.108957688,0.114591465
"PGLS",7.386672574,0.115089058
"KPNA3",9.010837067,0.115910283
"SGCD",6.848364512,0.116142527
"CNGB1",4.841441929,0.116324559
"ARMC7",7.729536052,0.116412141
"TNFAIP3",6.659458281,0.116412141
"EIF3I",9.310145831,0.116426231
"RGS11",7.170161573,0.116442728
"CDK8",6.203611538,0.116456645
"ATP5C1",11.0311243,0.116813301
"RNF10",9.193503051,0.116813301
"MTA1",6.629769326,0.116858129
"LRRC47",9.674709049,0.116868811
"NUP54",7.217146663,0.117031837
"UQCRB",10.86170059,0.117031837
"SNX3",10.53969793,0.117433589
"LRP1",8.441498904,0.117869584
"USP1",7.78773425,0.117900426
"SUPT5H",8.661189519,0.118006364
"NRAS",6.128082177,0.118027946
"MBD3",9.297728398,0.118108553
"DHPS",7.579046988,0.118312153
"TXNDC9",7.313129874,0.118441796
"UPF3A",9.236353923,0.118801957
"FTSJ3",7.648717541,0.118905786
"HSD17B14",7.449813434,0.119315987
"WARS",8.82758335,0.119317569
"SNTA1",8.898150302,0.119557051
"PIBF1",5.399634732,0.119579213
"TLR3",3.829288802,0.119579213
"LRRC40",8.707173563,0.119594349
"GRB10",8.634818215,0.11966574
"SPG21",7.994270112,0.11966574
"GRB2",8.615251882,0.119785858
"ABI1",8.213588223,0.120072374
"KLHL22",7.956197205,0.120072374
"NFATC1",6.373284241,0.120194423
"OAT",10.58640927,0.120272613
"NIF3L1",7.904436674,0.120387579
"AIMP1",6.861063137,0.120725598
"NXN",8.33996866,0.120806013
"USP25",7.635170507,0.121658555
"SERPINA1",5.635291104,0.122511145
"NNT",7.798799808,0.123005825
"SDCBP",10.41865668,0.124535135
"HAUS7",7.552792547,0.124652992
"SMARCA1",6.784354794,0.124908598
"BIRC3",4.19203535,0.12528858
"KRAS",9.090529892,0.125351545
"TFG",9.854385747,0.126066671
"VPS37C",8.441221164,0.126085547
"TGM2",8.444545051,0.126113403
"TNFAIP1",8.643074619,0.126418055
"BAG6",9.509745758,0.126566666
"CPOX",7.033654502,0.126576708
"CTPS2",4.733424628,0.127207192
"APPL2",7.393730786,0.127478437
"MCTS1",7.434008247,0.127713029
"MAML1",8.238195857,0.127874754
"BCAT1",4.286321362,0.12847179
"RPS14",4.415281187,0.128929793
"SPOCK1",10.62784355,0.129202826
"COPS7B",7.177194614,0.129316465
"THRA",6.612822111,0.129316465
"ATP8B1",8.722904773,0.129327361
"PXN",7.774847094,0.129828744
"S100A9",7.57800158,0.129975574
"STX16",7.864586989,0.130057067
"ZMPSTE24",8.750273511,0.130103374
"RBM12",6.081463122,0.130132145
"RGS9",4.991351993,0.130366544
"ZBTB1",6.165950353,0.130794362
"MYL6",11.20114344,0.131108755
"BCKDK",7.105952249,0.131255258
"STK4",4.414571165,0.131290629
"SUGP1",6.984347041,0.131290629
"HMOX2",8.293156054,0.131310712
"FCER1G",7.699924404,0.131629144
"LAPTM5",10.13215757,0.131941896
"MLH3",6.422185941,0.132089885
"ZBTB14",6.293762632,0.133079456
"RPL6",11.80815048,0.133563456
"DBN1",8.718962544,0.133651117
"HNRNPL",8.390982773,0.133657663
"KCTD13",8.301011182,0.133744616
"UQCRC2",9.798543508,0.134253553
"SH2B2",8.624796769,0.134256425
"CCNE1",6.58912668,0.13427136
"UTP14A",6.164795676,0.134502521
"WDR11",7.11194254,0.13458846
"DYNLRB1",10.80876204,0.134716397
"NUP43",7.981837891,0.134749839
"PNO1",7.256047617,0.134749839
"GAS2L1",9.322426592,0.135017956
"GADD45A",8.735102512,0.135279663
"SPP1",11.24881748,0.135285789
"AUTS2",9.274599924,0.135782079
"PCSK5",6.059118072,0.135785093
"TRPC1",7.164588994,0.135785093
"HDAC4",7.451826483,0.135988126
"PRSS23",6.952065995,0.136208288
"SSNA1",7.317819683,0.136243106
"RPS4X",12.6144807,0.136483298
"DAZAP2",9.860561558,0.136751368
"AHSA1",9.546789525,0.137181255
"PAPOLA",9.109305156,0.137205287
"CYLC2",3.959892417,0.137231889
"MVP",7.165867107,0.137841256
"PPP5C",7.641476066,0.138259584
"SNRPA1",8.233905659,0.138287947
"USP18",5.623251438,0.138360293
"PPM1B",8.229200231,0.138546845
"SUMO1",5.778064467,0.138546845
"SNRPD2",10.83490588,0.138556033
"DLAT",7.231548894,0.138615139
"OGT",6.370598091,0.139688847
"CDK9",6.844198813,0.140010494
"RFC4",6.402971577,0.140846983
"PSMD4",9.635945987,0.14087435
"FBXW2",6.391556719,0.141302739
"SIRT7",7.688334166,0.141481254
"PSMC4",7.701501235,0.142260308
"CDK5RAP3",8.749329349,0.142312739
"WBP11",9.134904386,0.142441033
"FLOT2",5.881340595,0.142923429
"MAP3K14",5.796638595,0.143057183
"ANXA1",7.665693027,0.143167083
"CDH2",6.762535581,0.143605432
"SLC1A5",6.862647775,0.14406124
"TAGLN",9.09331456,0.144110756
"ARGLU1",9.044343957,0.144188835
"SET",10.40640061,0.144188835
"SULT1A1",8.817941057,0.144371155
"PDE4DIP",6.892033715,0.144947161
"COPS4",8.710345431,0.145302905
"RNF2",6.035742317,0.145302905
"GSK3B",7.832767609,0.146505453
"RABAC1",9.66037004,0.146869851
"MIS18A",5.612549375,0.146901403
"CD151",8.088740791,0.14710769
"AHCYL1",11.57777583,0.147187295
"TSN",7.255179423,0.14775808
"RERE",6.144445595,0.148576993
"CCNB1",4.839957679,0.149642445
"ANXA2",8.771761403,0.150096738
"PCF11",7.189402287,0.15019967
"BARD1",5.829038519,0.150370367
"KIAA0100",7.299915273,0.150581786
"THADA",6.29124811,0.150868008
"PPIG",8.917393079,0.151097932
"ALG13",5.481737907,0.151464532
"NSMAF",8.000928482,0.152355492
"TAC3",6.887681,0.152431766
"NDUFS1",8.420524937,0.152486187
"PRPF6",8.468772916,0.152486187
"TNIP1",8.020144144,0.152632838
"TSG101",9.162577999,0.152632838
"CAST",7.887006501,0.152904187
"LMO2",8.959759342,0.153480483
"KCNE4",5.717443349,0.153488236
"DPYSL3",9.342671479,0.15362287
"XRCC6",10.35608017,0.153823433
"OSBP",7.437664868,0.155098602
"RAB1A",7.490590303,0.156445451
"DYNLT1",9.131860258,0.156450661
"GNG5",9.833885327,0.156917404
"PRKDC",7.922678063,0.156917404
"PAXIP1",5.466523424,0.157117852
"BCAS3",7.69807205,0.157522682
"RFC2",6.213499798,0.157627417
"DPM2",7.732832198,0.158215266
"UBA52",11.42930984,0.158699972
"PAPSS1",10.1906087,0.15875265
"MRPL23",7.746786607,0.158952609
"TNFRSF1A",8.159051051,0.159174511
"CCNL1",8.30749816,0.159600067
"MUC1",5.891080709,0.15963924
"PTPN4",7.855571386,0.159986315
"PRDM10",5.937285001,0.16029494
"TNPO3",7.950265985,0.160412725
"TRIM5",4.117611394,0.160496697
"ING1",6.428564049,0.160500455
"RCBTB2",7.72679952,0.162164167
"UBXN7",7.259892337,0.162308776
"CYLD",8.118100978,0.162449469
"AGTPBP1",6.360830396,0.163148623
"TTC19",9.032879621,0.163148623
"TAX1BP1",6.153656752,0.163627484
"PCM1",7.980041546,0.163895748
"CEBPA",7.191666325,0.163905492
"RBM7",6.554581146,0.164375188
"SMAD4",7.285920961,0.164375188
"TOP1",9.129168042,0.164827846
"RRP1B",8.083542779,0.164900587
"PAFAH1B1",6.77968122,0.164901197
"UBE2L3",8.68633457,0.165029538
"PPP1CB",9.31248516,0.165035005
"TRAM1",7.284935269,0.165040863
"PFAS",6.746837539,0.16541669
"ANKRD10",7.801292905,0.165633047
"AGO3",7.972727699,0.165647425
"FBL",8.399002633,0.165647425
"CTSA",9.075111067,0.166062733
"TSC22D4",8.319202557,0.166124098
"TIMELESS",5.224825594,0.166522322
"ACTN4",9.631634428,0.166643221
"CXCL2",6.000192179,0.166653848
"GLRX5",9.629690965,0.166792291
"B4GALT3",7.600954945,0.167632219
"ZNF510",5.427772791,0.168322762
"KHDRBS1",10.36636263,0.168400575
"SF3B5",8.986815613,0.168624535
"PSMB4",10.20348773,0.169457122
"SF3B4",8.256473123,0.169997058
"ERH",10.94096239,0.170407859
"UNG",7.394304894,0.172078344
"CD44",7.794021832,0.172893345
"SDC2",6.779559521,0.173333556
"FN1",5.832378465,0.174265942
"TOMM40",7.95903494,0.174572527
"BTG2",8.738078703,0.175003565
"SF3A1",8.319032497,0.175003565
"PQBP1",7.561573627,0.175487905
"PDLIM2",7.801733947,0.175548175
"IFRD2",7.375053716,0.175630187
"IGFBP3",7.752144918,0.175771658
"LMO1",5.247219573,0.176148373
"SSBP1",5.278342855,0.176372662
"ARFIP1",7.21161407,0.17696582
"GMNN",8.000712439,0.177135557
"EXOSC4",7.409935316,0.177311283
"CIRBP",9.850357146,0.177337484
"SRSF6",8.279153372,0.177337484
"DVL3",8.052454611,0.177411922
"GSTP1",8.820876545,0.17746937
"HDGF",9.760801697,0.177519155
"NCK2",9.227193712,0.178735968
"CIAO1",7.045092629,0.178772056
"GPD2",4.994141413,0.178772056
"MAPKAPK2",7.990502202,0.178941154
"GOLGA2",8.877654563,0.179741608
"PLSCR1",6.221945936,0.180077531
"SLC26A2",6.809455657,0.180077531
"TRA2A",8.152087086,0.180686398
"ACTR2",7.692160651,0.180705567
"SMC6",5.681989013,0.18132101
"PSMA1",9.724398846,0.181355347
"HSPB7",5.573098835,0.181997506
"DHRS1",7.068080384,0.182457422
"VIM",11.94367361,0.182531538
"RAD23B",8.826555348,0.182655246
"ARPC2",10.23234923,0.182908271
"JUN",7.529603162,0.183130288
"PACSIN2",9.70362326,0.18361824
"EIF3E",9.966057002,0.183674805
"CBX4",5.582971822,0.183795171
"VCL",8.918535524,0.183875448
"PANK2",8.083843784,0.18418646
"TRIM32",7.12520524,0.185178425
"RBBP8",6.589142044,0.185332047
"RDX",4.871913923,0.185424776
"FXR1",7.892247087,0.18554457
"MYC",6.485864694,0.186094949
"SIRT1",7.068351125,0.186489286
"NAGK",8.76847412,0.186623019
"SPHK1",6.61487805,0.186832262
"DUSP10",5.811828867,0.186860172
"SEC24D",5.432256872,0.187091067
"POGLUT1",6.882885056,0.187270099
"RPL37A",4.219146186,0.187572488
"ATG12",7.438193201,0.187958264
"POLB",8.379321046,0.188809116
"TAF4",7.029718084,0.188809116
"NOL3",7.693890851,0.189167255
"MCL1",9.790958999,0.189389038
"IFITM2",11.05000074,0.189670976
"SEC23A",7.646819586,0.189670976
"EIF4ENIF1",8.560932149,0.189764822
"SS18",6.273555346,0.191137766
"USP4",9.382128163,0.191631028
"PRPS1",8.609542457,0.19174085
"ANK2",7.865129471,0.191826257
"HAT1",6.565846635,0.192562721
"MCM9",5.456522729,0.192906066
"PHB",8.089262244,0.192938462
"SCRN3",5.088903938,0.193792454
"HIPK3",4.415252792,0.194266795
"CSTA",4.508508054,0.19438475
"SPAG1",4.80838853,0.19496073
"KDM1A",8.098575802,0.196085239
"TNFRSF10B",6.352411529,0.196633256
"CFL1",13.16404329,0.196683749
"TACO1",7.333821828,0.196683749
"TRAPPC2L",8.055198906,0.198364285
"PIPOX",6.774062911,0.198458911
"STX17",5.71758725,0.198704301
"MFN2",7.289923586,0.198805407
"USP10",7.526991112,0.199169185
"GNG4",7.577086153,0.199461939
"TNFRSF14",6.360623714,0.199461939
"DHX15",8.45830195,0.199841793
"C6orf120",7.597417237,0.200773765
"CPPED1",4.80894615,0.200775187
"PEX19",7.704157836,0.20091386
"KDM3A",8.480028948,0.201091338
"DYRK1A",9.28772777,0.201365925
"ECHS1",10.52044678,0.202460375
"MORF4L1",8.70203874,0.202594426
"TRIP4",6.390683632,0.202628231
"AHCY",7.811500576,0.202637504
"REPS1",5.109048609,0.203012897
"PFDN5",11.28914155,0.204009359
"CPLX2",5.768966087,0.204813858
"XRCC5",9.311874191,0.204813858
"PSMB3",9.246986076,0.204914554
"CHD1",6.935944541,0.205555894
"CSNK2B",10.21618751,0.206233548
"EMD",8.331742619,0.206761708
"ENO1",10.34951419,0.206814877
"MSX2",4.162850112,0.206814877
"MYO15A",4.683260593,0.207192911
"HTRA2",7.360020873,0.207608102
"RPH3AL",4.906975082,0.20767555
"YEATS2",7.553268076,0.208022871
"YTHDF3",8.701861741,0.208022871
"PROX1",5.137570971,0.209563903
"TRAF4",7.834444776,0.209697763
"CABIN1",8.567755529,0.20985435
"TMED2",6.9853113,0.210560199
"PHLDA1",5.312889471,0.21078073
"DDOST",8.54638071,0.211929997
"ID2",10.55021411,0.212293112
"PPP4R2",4.371634581,0.212293112
"CTTN",6.248498563,0.212899837
"IP6K2",7.790116582,0.214163749
"WDR26",8.363544066,0.214386681
"TPP1",10.48587781,0.214393877
"KBTBD2",8.731995362,0.214400251
"HNRNPM",9.267032829,0.214809047
"KMT2A",7.331564066,0.214920531
"UBE2D1",4.056177294,0.215289617
"YWHAE",8.899390479,0.215450075
"KIAA0368",8.203555975,0.216173683
"NDUFS2",9.251938587,0.216736128
"CEP192",5.537889513,0.216886249
"SEC23B",8.133962157,0.217352241
"CLK4",8.721597541,0.218393399
"SIAH2",7.294485759,0.219599922
"BCL6",10.15891612,0.220082268
"NCOR2",9.708075702,0.220380209
"TNKS",8.44090078,0.220727288
"RAB5C",8.225002775,0.222110158
"TAGLN2",8.791462324,0.223076851
"CDC123",8.656982805,0.223151304
"PPP1R9A",8.019095433,0.223385563
"AP3S1",10.16979114,0.223777731
"SAMHD1",7.1322748,0.224326732
"HNRNPC",9.94522081,0.225099216
"GPN1",7.697718145,0.225417962
"RBL1",3.965428201,0.225621592
"ALDH7A1",6.238831624,0.225939615
"JMJD1C",7.868726556,0.226176936
"UBE2K",7.779901059,0.226960106
"RANBP2",7.028446666,0.227086882
"PDLIM3",7.564309125,0.227702391
"TWIST1",5.785228692,0.227963322
"RPL23A",13.03239232,0.228761756
"CEBPZ",7.515294619,0.228848975
"PLOD2",7.704202205,0.228848975
"NCSTN",7.810431591,0.228912773
"SNAPC1",5.594205131,0.229086613
"SRSF10",7.165739614,0.229265711
"DDB1",9.89475452,0.230116803
"SZT2",6.591869151,0.230167664
"ZZZ3",6.937811218,0.230352
"CDK2",4.921004594,0.230639784
"USP5",7.905349609,0.231440906
"RPS24",12.71469545,0.232502156
"MBD1",8.654606446,0.233229325
"DDIT3",8.497151242,0.233414279
"TRAK2",8.699884805,0.233414279
"HLTF",8.114588731,0.233878159
"CDK13",8.51492939,0.233950016
"CSK",7.715096142,0.234019724
"BECN1",8.326628763,0.234027085
"FLOT1",10.60424552,0.234088699
"ARL15",4.167529818,0.234468424
"GGA1",8.771318618,0.234743506
"EPN3",5.136849873,0.235183067
"PSMD6",9.336264727,0.235889221
"CPVL",5.924477236,0.235917266
"UBL5",9.572387345,0.23641855
"SH2B3",7.581565498,0.236625201
"PUM1",10.8373615,0.236691897
"RPA3",7.341274344,0.237533852
"CEBPB",10.12894183,0.238781298
"CLN5",5.840384736,0.238781298
"TNIK",8.701649764,0.239736838
"RARRES3",7.510842637,0.240019189
"CEP57",5.174671012,0.24013526
"TBP",6.631629317,0.240323742
"VAPA",11.00821359,0.240438645
"MAPK8IP1",6.735997696,0.240612381
"GABARAPL2",10.99822872,0.240855876
"HDAC3",7.757211303,0.241600236
"PIAS4",6.688068825,0.241845512
"PGRMC2",7.268605588,0.242306624
"TMSB10",12.4886186,0.242306624
"LSM2",6.861328452,0.242743574
"FEZ1",7.483467583,0.242754422
"FDFT1",10.69458049,0.243584939
"TPM4",7.492135721,0.243584939
"PRNP",11.68588097,0.243627759
"PDCL",7.049129605,0.243804996
"CCNA2",4.857495768,0.24413959
"DUSP7",7.818147445,0.24500194
"FCGR2A",5.719413318,0.245346078
"PRPF4B",7.397011262,0.245359666
"CRK",8.77898473,0.24646758
"PSMF1",7.861007606,0.246889388
"MMRN1",3.851713185,0.247123986
"DNM1L",8.075242718,0.247292805
"SF3A2",6.216587607,0.247556155
"AES",10.09437227,0.247572232
"GIGYF2",8.144614452,0.247572232
"ABTB2",6.856528732,0.247615303
"RPL15",12.38414902,0.247840493
"VPS72",8.878996188,0.248516037
"TCF4",10.39527438,0.249058622
"MCRS1",7.957786697,0.249073883
"RPS23",12.8002467,0.249537357
"MTHFD1",8.007314793,0.249779421
"TKT",8.96003019,0.249933222
"COPS6",8.973916774,0.249964958
"ASB13",7.811746926,0.250501284
"MT2A",12.37153258,0.252544022
"RAC2",6.649893453,0.252544022
"SOD1",11.67196776,0.252684633
"ALDH9A1",10.6425113,0.252685209
"BIRC2",8.28827014,0.252912341
"SDHA",9.66765634,0.253451968
"ASCC2",6.924920216,0.253749343
"RHOT2",8.776476703,0.253988627
"NF2",4.081729319,0.254543285
"PTP4A3",6.810764521,0.254810521
"STAT6",8.2851752,0.254810521
"ITSN2",7.078551679,0.256373781
"MSH2",5.828339363,0.25646495
"HADHA",9.222890455,0.257503527
"ASL",6.408569399,0.258639683
"SNRPB",7.891965908,0.258692234
"ADAMTS1",8.212854351,0.259092141
"ARHGEF7",6.61065558,0.25955655
"PSEN1",7.586193273,0.260767943
"ITCH",6.322159914,0.260819515
"SEC16A",8.387088244,0.261193181
"SYMPK",6.64335185,0.261285643
"FBXL18",7.796370197,0.261511785
"MT1X",11.86476432,0.261924236
"GAMT",7.555757031,0.262065701
"YWHAQ",11.11031428,0.262065701
"TNFRSF1B",7.206816768,0.262200187
"RPL32",12.757317,0.263061809
"STK39",8.288841417,0.263312333
"VCP",9.006951299,0.263519244
"CLU",9.77472631,0.263691215
"SLC11A2",8.178243804,0.264406596
"MED23",7.598530054,0.264771779
"ZNF544",7.323045673,0.265282284
"HNRNPH1",10.34836242,0.26554826
"POLR2L",9.266679183,0.266298949
"AUH",8.012232746,0.26759182
"TRA2B",8.435278205,0.267776687
"DDX21",8.596164367,0.269126353
"RCN2",8.684514765,0.269126353
"ANXA7",9.244579449,0.269161923
"HSPD1",9.360895621,0.270261605
"YTHDF1",9.051564105,0.270914161
"HERPUD1",9.969486637,0.271087236
"BRD4",7.343365537,0.27113325
"RBBP6",7.684030677,0.27228871
"USP2",7.064106495,0.274153748
"GTPBP4",6.432208836,0.274678817
"MAT2B",9.456839108,0.274797268
"ZNF32",8.342151607,0.276888389
"LMNA",7.315233745,0.277456104
"TLE1",9.065265521,0.278649588
"ERC1",7.576275212,0.279044311
"PIM1",7.205570175,0.279878382
"PPP1R12A",7.543902606,0.279878382
"SUZ12",8.130740913,0.281888275
"ESD",9.918069879,0.282101745
"RUVBL1",6.589518713,0.282252938
"WASL",8.71281994,0.282252938
"EIF4B",9.599996391,0.282341215
"TRDMT1",4.677133057,0.282712951
"PSMD2",9.601443769,0.283597247
"PPP2R1B",6.792630059,0.28360424
"SAMM50",7.584944124,0.283821333
"PLAA",5.966024579,0.284025095
"MAPK3",9.453615998,0.285706178
"CASP3",6.244567823,0.286464845
"GGH",6.441256491,0.286473609
"PLD2",7.618697436,0.286919914
"ACTR3",10.0630396,0.287292309
"DMWD",8.901538777,0.287420113
"GSAP",6.134401608,0.287909823
"CINP",4.784926879,0.28825377
"DOCK9",9.203376455,0.288908419
"CBLB",6.407546643,0.289044161
"AIFM1",6.600450247,0.289308674
"ARMC1",8.421918304,0.290470023
"PAK4",8.082124589,0.293858405
"RBBP4",7.775896981,0.294081828
"VDAC2",10.24835417,0.294218577
"CREB1",6.646730764,0.29429171
"ADRA1A",4.576448485,0.294776974
"HUWE1",13.0636037,0.296019937
"CSRP2",8.17456962,0.296318953
"ZNF12",7.455837271,0.296799709
"PDHB",9.953750746,0.296812554
"PPIF",7.172760421,0.297553799
"CKB",11.13249909,0.297586013
"ADAM9",7.398779581,0.29811986
"PPFIBP1",6.938495983,0.298148706
"CCSER2",7.675032351,0.298308085
"RPS10",12.54307353,0.298395702
"VPS11",7.76665839,0.298395702
"PDCD5",7.27648894,0.299451965
"CYFIP1",9.815182553,0.299975263
"SEL1L",5.7214835,0.300311728
"GPAA1",7.969160834,0.301075493
"TRIM27",7.142740684,0.30242861
"SMAD2",7.602059902,0.302969608
"TTF2",4.116058059,0.304664019
"TUFM",9.483266446,0.305200003
"KPNB1",8.056522252,0.306023322
"SRSF1",9.423248508,0.306399254
"NFYB",5.427161332,0.30650183
"GLRX3",7.701518731,0.307137798
"TMPRSS3",4.902361836,0.30731536
"PSMA7",6.870837521,0.308169018
"KIF1B",10.61504962,0.308244555
"LATS1",4.302809286,0.308572522
"TMED9",8.45301248,0.308669849
"RAD52",4.808437814,0.308728637
"NME7",6.581804055,0.309092696
"COPS2",6.013208176,0.309284577
"SPRY2",9.053367186,0.309314351
"FSCN1",8.120978959,0.311183114
"STX4",8.302152364,0.311768937
"SARAF",10.81242896,0.312512047
"ADSS",7.267071193,0.314396992
"JAK2",5.788521745,0.31562484
"KIN",5.410966324,0.317477438
"NUDT21",5.783555659,0.318120341
"PPP6R3",7.710290475,0.318120341
"RPS7",11.77187257,0.318354816
"RGS12",7.388666543,0.319611316
"CYHR1",7.388956788,0.319867969
"HOXB5",4.870520583,0.320546075
"ABCA5",6.800532199,0.320910489
"AGFG1",6.383060013,0.322181305
"AKR1B1",9.326820659,0.322321143
"SF1",8.549497617,0.322745096
"PRKAA1",4.095714116,0.323118148
"PROSER1",5.203057344,0.32325021
"STK11",7.97395118,0.323554751
"MRPL20",9.629679937,0.323574096
"RBM3",6.125680902,0.324180189
"GART",4.837783972,0.324221593
"GAB2",9.074170585,0.324748824
"MAP4K3",6.358694246,0.324988227
"TXN2",8.311331956,0.325543748
"CKS1B",7.151167123,0.325807821
"FURIN",7.585931381,0.32621538
"PCNA",7.745465575,0.327048211
"EPHX1",10.26742421,0.327739458
"NCOA2",8.256360556,0.327739458
"USP53",3.770207213,0.327908446
"REL",5.003389936,0.328267275
"YIPF3",7.495376034,0.328633713
"TUBB6",7.436329779,0.329226119
"UPF1",7.811553846,0.329364594
"TGOLN2",8.579532207,0.329837839
"CD24",6.459161199,0.329958127
"H2AFX",8.777911773,0.33102272
"ZFP36",8.906387879,0.331105047
"FAF2",9.19390168,0.331464459
"PPP1R12B",8.25919773,0.331479599
"CEP290",5.818935461,0.333586009
"ZBED1",8.432159669,0.333809074
"IRAK1",8.696756519,0.334092441
"HSPA5",10.09150474,0.334441742
"CNOT1",8.592532225,0.334884402
"SH3GL1",8.199834836,0.335330137
"CAPZA1",9.474835895,0.335447009
"CHST15",8.439252147,0.335980403
"DNMT1",7.426973022,0.338266272
"HSPA4",6.11692156,0.338715313
"DAP3",8.402221514,0.338761888
"XPO7",8.368587134,0.339647002
"MARCH7",7.553417415,0.339822148
"GNAQ",10.59077733,0.339822148
"EHMT2",7.890451523,0.340287978
"PGK1",11.09012632,0.340413106
"GSPT1",6.731730296,0.34060588
"EML2",8.076366423,0.341970887
"DCP2",8.329078003,0.342162874
"CUL1",8.018085945,0.343575103
"PPP1CA",8.531784015,0.343575103
"RFC3",5.484345187,0.343959669
"TCERG1",7.641470068,0.343959669
"ELP3",7.542992867,0.344214037
"TP53BP2",8.867547783,0.345283199
"RSRC2",7.956073185,0.346324503
"CSAD",7.380675452,0.348097397
"CENPF",3.882661177,0.348386814
"DAPP1",5.804189248,0.348689217
"DCTD",8.566954579,0.349170463
"HGH1",7.088286317,0.349344369
"RPS9",10.2287353,0.349855301
"BNIP3L",10.43061891,0.350387231
"SIRT2",9.693864322,0.350743987
"EPS15",9.15692616,0.350935998
"ZNF197",4.965521371,0.351819664
"SFTPB",7.136745472,0.353132821
"CUL4B",5.049614275,0.353155698
"FTSJ1",7.491320312,0.353155698
"RHOC",9.497215957,0.353155698
"ZCCHC6",6.906943709,0.354317015
"WBP4",5.366139357,0.355252758
"MAFG",8.668209898,0.355270649
"FBLN5",7.342904139,0.356681466
"YY1",10.38516363,0.357175269
"OGDH",9.032951303,0.357191474
"BHLHE40",6.595851411,0.358144782
"WWOX",6.589096365,0.358144782
"BBS1",9.064702879,0.358389232
"TAOK2",6.186675896,0.358592746
"CSNK1A1",6.898461953,0.359119525
"CNOT7",9.180923084,0.359434588
"LDHA",11.16727742,0.361696137
"ZNF638",8.974723584,0.362381859
"ZNF576",7.598920897,0.362446529
"TMEM38B",4.858560437,0.362548012
"ICAM1",6.910990688,0.363000069
"RIPK2",5.468190972,0.363669493
"MED1",7.507054563,0.363879056
"PLEKHF2",5.655300312,0.364926677
"TRRAP",7.682684264,0.364926677
"RAD23A",8.518784092,0.366153413
"SLC9A3R1",8.625233257,0.367433559
"ELSPBP1",5.333677449,0.370003953
"CBX1",9.417537541,0.371274772
"RND3",7.892228957,0.37153458
"TCEAL4",10.15311086,0.371537006
"RBKS",5.895895798,0.372447424
"RPS28",8.492896035,0.373228082
"AMFR",5.929232222,0.373761499
"WDTC1",7.609089118,0.373761499
"CYB5A",7.50112855,0.373915623
"HDAC5",8.035758199,0.374482871
"WIZ",6.351949558,0.374711545
"TP53",5.670003207,0.375238912
"CORO1A",7.946534445,0.375677851
"CGGBP1",7.159476634,0.377524563
"BCLAF1",7.439052872,0.377798212
"TNKS2",8.298990647,0.377915063
"TWF2",8.042220625,0.37872065
"SORT1",5.845184944,0.379634029
"PLAT",7.867710745,0.379833872
"PAFAH1B3",8.049193776,0.38008095
"SART3",7.367442859,0.38027357
"RAC1",11.67251941,0.380604922
"KLHL12",6.140081497,0.381210393
"MED16",7.957714217,0.381210393
"RGS3",7.791061202,0.381677107
"CBX5",7.34938767,0.382186406
"RGS2",8.792926207,0.383058317
"CRY1",7.340659206,0.383254685
"GIT1",8.610580791,0.38567762
"MSH3",6.291463896,0.385836755
"LZTR1",8.352383496,0.385942089
"UCHL3",6.901055207,0.386356755
"NUP37",6.343317858,0.386535976
"MAFF",8.843722051,0.389095163
"TXNL4B",7.64694021,0.38949964
"ETS2",7.966387087,0.389790334
"NCOR1",6.614937554,0.390172108
"CENPU",4.245542447,0.39026772
"SKAP2",5.773226387,0.390513349
"ZBTB16",10.04486275,0.390655961
"IFRD1",7.505327269,0.39118889
"ZNF573",6.736964716,0.391766149
"LASP1",9.965608496,0.391924451
"ZNF292",9.067783351,0.39201598
"TUBGCP2",6.337396727,0.392251604
"PA2G4",8.917259275,0.392637307
"ADNP",8.52649664,0.39287632
"SRP72",8.878476361,0.392963409
"PRPF3",6.675319245,0.393057791
"RPL18",11.52333934,0.393151295
"CASP9",7.161623795,0.393805535
"GTF2B",7.844867487,0.394662206
"ACOX1",6.397762143,0.396431096
"FOXO4",7.557729355,0.396914153
"MEIS2",9.11852231,0.397592031
"COPS5",9.273108028,0.398175881
"SAT1",10.79150746,0.398234914
"NCKAP1",8.751699953,0.398449125
"KRIT1",6.159319834,0.398876333
"SLC39A1",6.61139786,0.399413119
"ADSL",7.619321229,0.399514306
"GOLGA3",8.072023382,0.400135607
"MBP",8.780411123,0.400246664
"FBXO3",7.513323524,0.400386308
"CEP72",4.906166451,0.401430958
"S100A8",9.394253528,0.402485825
"PRKAB2",4.956346054,0.403331855
"VASP",7.647518796,0.404078317
"XPOT",8.609716661,0.405585363
"ARL6IP5",9.853291056,0.405793956
"PFKL",8.274740941,0.407370163
"MSC",5.932184654,0.407774668
"NEU1",7.70865981,0.409123167
"HNRNPK",11.10473116,0.409837415
"P4HB",9.432273447,0.411129795
"PRMT1",8.997344492,0.411184374
"HAP1",7.269049547,0.411422726
"CD63",11.18135423,0.41229667
"CCND3",9.473415618,0.413415983
"CSTF1",4.839079306,0.417898322
"GIPC1",8.800344034,0.418289428
"PRR13",9.208561849,0.418687847
"PUM2",9.629850446,0.418728101
"RUNX1T1",7.050755052,0.419414291
"OSTF1",6.270709132,0.420350401
"TBCA",10.64003586,0.42196156
"PAPOLG",6.651287616,0.423158935
"XPO1",9.470427968,0.424383754
"SSRP1",8.41270703,0.424907026
"SHC1",6.437792596,0.426071719
"NDUFB11",9.34631687,0.42736655
"XPA",7.033454481,0.429343138
"PIH1D1",8.933231472,0.429524553
"PTK2",9.86123637,0.429961398
"FHL1",8.189688833,0.430448995
"RSRC1",7.282824494,0.430517811
"NAA50",7.901604589,0.431755783
"GHR",4.512427215,0.432429464
"FKBPL",6.52264331,0.434127542
"BANF1",9.731725019,0.435800181
"SNW1",9.184908057,0.439788307
"CNOT3",5.009011526,0.44073943
"PMPCB",9.224896626,0.442318042
"U2AF2",7.140023559,0.442318042
"CUL4A",6.455535041,0.444596797
"TDG",7.02232508,0.446010439
"NRG2",5.771084785,0.446912729
"STAT5B",6.748660911,0.447875244
"UBE2L6",8.885828255,0.45016504
"DYNC1I2",10.21432747,0.451556043
"GCH1",5.638631253,0.452116885
"PHYH",8.563376361,0.452498154
"TRIM2",6.288461749,0.452691377
"GNA11",8.440242984,0.453228664
"POLH",4.376941866,0.453547029
"AKR7A2",8.224997214,0.453838054
"BRAP",7.292112058,0.453918978
"CSF2RB",4.495915152,0.454812948
"FPR1",7.899389146,0.454812948
"MVK",9.258691757,0.454818124
"IGBP1",8.425198793,0.456241834
"UBC",13.77281057,0.456700139
"MRPS7",8.124845528,0.457944968
"SGTA",8.601070234,0.458440218
"CCT7",9.45108865,0.460649445
"PSMC6",7.823648965,0.462125183
"FANCF",6.411481636,0.462831473
"TRIM33",4.575090304,0.463620157
"XPNPEP1",7.490102449,0.463916105
"MRPL42",6.594161127,0.464961709
"TSC2",8.408384014,0.465425957
"MARK3",7.872793801,0.466781231
"ZNF606",6.541280548,0.468014656
"JMJD6",7.439230825,0.470405984
"TGIF1",6.327119488,0.470405984
"EED",4.204558901,0.472593226
"CRCP",7.140546475,0.473107956
"EIF5A",6.625181816,0.473676374
"MMS19",7.728627105,0.473962359
"RIPK1",5.457166788,0.474835251
"FAM96B",10.11094789,0.474844049
"TPD52L2",8.410535393,0.474884575
"SENP7",3.92330817,0.476150211
"LYN",5.988115075,0.476549411
"HNRNPU",10.77921715,0.477438837
"TMOD1",8.048829667,0.478165975
"MRPL9",7.142650066,0.480411814
"MLF1",7.098754041,0.480880745
"PRDX6",9.997364872,0.481001072
"PSMB6",8.970487957,0.481131139
"BRWD1",5.061793295,0.48250369
"MED28",6.141833385,0.48301866
"NAP1L4",9.373241636,0.483317784
"EXOSC5",7.200219838,0.483652721
"KIAA0141",7.268419868,0.483894354
"YY1AP1",8.254522854,0.483894354
"UBE2H",7.786074237,0.483984652
"TCOF1",7.218841184,0.484194256
"GNE",6.869382389,0.485415109
"EIF3H",10.33254942,0.487580213
"PTBP3",4.431321236,0.488515355
"THUMPD1",8.014200716,0.489892857
"CA9",6.367867176,0.490734552
"CPSF6",7.409155348,0.491090608
"ILF2",8.432350083,0.49329083
"RRS1",8.210851611,0.493494298
"HEATR3",5.107956092,0.494343698
"RQCD1",7.108476457,0.49543849
"RAB11B",6.124034729,0.495471767
"HCFC2",5.818023164,0.495478381
"EIF3M",4.36992827,0.49555265
"NONO",8.045225301,0.49555265
"POLR3C",5.463881866,0.496018047
"FHIT",6.623102181,0.4962946
"WWP1",8.442501638,0.496357072
"EDRF1",7.42583064,0.498818086
"COX6A2",5.084871944,0.499076318
"UBE2D4",8.570278027,0.499520653
"SFN",7.104726275,0.499681388
"HEXA",8.159568585,0.499902096
"GINS3",4.277163444,0.50042566
"TARDBP",7.744531454,0.50042566
"ACAT2",7.207343257,0.501558176
"TUBGCP3",4.678049707,0.502098509
"WDR48",8.75289939,0.503407133
"KAT2A",8.577762115,0.505321663
"LIG4",5.97539608,0.505321663
"PARD6A",7.994611793,0.506033333
"STX2",8.064702702,0.506152362
"CIC",8.723899935,0.50731972
"IMPDH1",7.536812681,0.508154855
"L3MBTL1",4.780381023,0.509509816
"UBE2G2",8.804031133,0.509562315
"CASP7",6.339545601,0.511077298
"RPAP1",7.454616673,0.51142557
"TUBA1A",12.45449239,0.512222122
"SKIL",6.655839688,0.514091107
"IRS1",6.808795172,0.515246513
"CTAGE5",6.412488697,0.515789395
"SNTB2",7.851069077,0.516714515
"PNP",7.791987683,0.516855239
"KRR1",7.188404657,0.517340788
"SEC61B",9.740849784,0.518955857
"ZNF764",4.751992838,0.519205104
"SAR1A",5.859472465,0.519264
"TMEM30A",7.947638701,0.519783273
"FOS",7.866285621,0.524833932
"DR1",5.080490897,0.526297786
"LRBA",4.90448982,0.526713343
"RBM48",4.84703104,0.527110371
"UFC1",10.30257523,0.527480337
"C11orf68",8.848210388,0.528698311
"FKBP3",10.16014564,0.529529949
"TSNAX",8.289989868,0.529980376
"FBP1",5.730985037,0.532123723
"SPTBN1",12.45904613,0.532225764
"EIF3G",9.080316603,0.532873135
"SEC63",8.379024046,0.533895293
"ERCC8",5.921234215,0.534582148
"GIT2",7.168165351,0.535832908
"PSMC2",8.544363037,0.537756697
"HSF1",4.986361672,0.538019872
"FMR1",9.220872829,0.538821654
"PIAS1",8.944351366,0.541113195
"CPSF7",8.759834431,0.544408891
"CTNNAL1",7.089219729,0.544926499
"PAM",9.745432609,0.548558514
"CHEK1",3.777655438,0.549419708
"MFN1",5.376540609,0.549755023
"KHDRBS2",6.304247181,0.54983271
"MED22",7.030324467,0.550007057
"CALU",7.956264,0.550160562
"NDUFS6",9.419338504,0.550495287
"CHAF1A",7.409495165,0.551396944
"CDC42BPB",7.859366951,0.551506951
"TERF1",8.067954999,0.551677532
"PALM",9.913359822,0.553512314
"HUS1",4.889718282,0.553738624
"SEC24A",4.87559315,0.553827348
"ITGB3",5.189790147,0.553863049
"RPL38",12.43234277,0.55415713
"RFC5",5.541425288,0.554701541
"DHX8",6.986951642,0.555480852
"POT1",6.941176183,0.556154373
"ACAA2",8.892648722,0.55934388
"FABP5",9.248171898,0.560162994
"BLZF1",3.830330294,0.56159892
"FGF2",6.384984909,0.561755691
"PPP6C",7.866113402,0.56256658
"MFAP1",7.959923765,0.562584961
"DPF2",8.14507885,0.563314515
"SIK3",8.49819215,0.564096654
"GNA13",4.895184472,0.564451141
"JUNB",8.086258338,0.564517205
"PDCD10",9.143426787,0.564517205
"FEZ2",10.05300194,0.564967056
"PDGFA",7.428317197,0.566540499
"APPBP2",7.057110456,0.566651177
"ING4",7.733249248,0.567467803
"CRLF3",7.286572296,0.572044606
"CANX",9.223217731,0.573092543
"ANKRD27",8.222436002,0.573334568
"EIF2S3",5.868199265,0.576319776
"EPRS",6.925069071,0.577500661
"IKBKAP",4.049077194,0.578492854
"BID",6.700530732,0.578803639
"PEX7",5.951839013,0.579057105
"CCNC",8.10686867,0.580193898
"SNRPB2",8.441909865,0.580560024
"MLLT10",5.715568393,0.582763814
"DENND4A",5.214601772,0.584612129
"PRKCQ",6.390552858,0.58481149
"PRDX3",9.737994211,0.585092683
"RARA",7.052068437,0.586681614
"CORO1C",8.249567947,0.587274226
"RARS",7.270024544,0.590496456
"RABGGTB",7.45231207,0.591474971
"JADE2",8.964062737,0.591486279
"RBBP7",9.252892588,0.592950927
"SAP30BP",7.135355615,0.593239491
"SUPT6H",8.427274949,0.593541967
"NEDD9",6.618550244,0.595489471
"ADD1",10.15960124,0.596742157
"VPS26A",9.631019386,0.599115024
"ZCCHC10",5.586793361,0.599848081
"BAZ1B",8.247104634,0.600578458
"VHL",3.75236501,0.600673571
"SNRPA",8.025869285,0.602995117
"POLE",6.657063401,0.60305519
"TICAM1",6.707517442,0.603141915
"PRRC2A",8.812129494,0.603288378
"PHC3",5.457120055,0.60477534
"MAPKBP1",8.643755048,0.604915022
"CCDC9",7.360335397,0.606387251
"IK",8.857543143,0.606592207
"EIF3L",11.3737112,0.608656404
"CCHCR1",5.327181826,0.610228135
"ZCCHC8",7.256197773,0.612514792
"CSTB",11.17116989,0.614809734
"HTATSF1",8.725924544,0.614902381
"HOXA3",6.709243747,0.618123138
"DVL1",8.552387042,0.618705712
"MCM6",8.298916188,0.620298587
"GTF3C3",6.43995102,0.623203123
"GFPT2",7.599817886,0.623363342
"MYH9",7.896273968,0.624224464
"RNF167",9.175645098,0.624875589
"EIF4G1",9.147591645,0.62745248
"RGS16",6.829931008,0.629528231
"PGRMC1",10.56705784,0.629941949
"DERL1",6.872788099,0.630312704
"POP5",8.05324028,0.630845761
"RPL35",11.66189287,0.630845761
"BCL2L1",8.684807149,0.631213123
"STRN",5.497455628,0.631254477
"SLC25A1",7.334801496,0.631940517
"TMCO1",8.772532352,0.632027963
"GRK5",7.620422755,0.633094731
"PRKAA2",5.882225899,0.633325374
"USPL1",6.792210904,0.634553134
"MGMT",7.369616784,0.634687009
"HAND1",5.82793286,0.634716781
"E2F1",5.991651433,0.634948971
"NEB",4.591604746,0.634948971
"PSMA3",8.457568719,0.635731458
"FUS",7.978076895,0.636009086
"APEX1",9.631983235,0.639763146
"SURF1",9.556259859,0.641102664
"ZNF587",7.929755944,0.641402039
"CENPQ",4.331644194,0.642556362
"GBP2",6.849927706,0.642559345
"TMOD2",4.263606275,0.642559445
"BRPF1",7.591712106,0.644193049
"LAMTOR5",9.882387849,0.644193049
"COMMD8",7.47732407,0.645766339
"HLCS",6.401003542,0.645984768
"PLK3",6.6483276,0.646795976
"DSTN",11.53832954,0.647709127
"ALDOC",12.17215112,0.647952688
"UBE2D3",9.633325003,0.648384526
"EIF2AK2",7.638768538,0.649639353
"SF3B2",9.515289471,0.65052469
"TARS",7.810162536,0.652510626
"ZNF211",7.100321646,0.654511303
"ISG15",8.423675194,0.655268581
"PLGRKT",5.760140558,0.658901838
"RNH1",8.151769222,0.659957196
"MTHFD2",6.400006041,0.661467753
"RPL3",11.1736573,0.661710208
"MTOR",6.797834369,0.66354052
"TSC22D1",12.29324967,0.663569533
"PAICS",6.26972148,0.663855028
"BCOR",5.015496778,0.663879668
"GMPS",7.483741659,0.664344901
"MGAT4B",7.41289065,0.665496002
"CPSF4",8.432490611,0.66645328
"LRRC14",6.361783769,0.669533478
"UBE2A",7.870475641,0.669533478
"UPF3B",7.169866029,0.671448413
"APEH",7.284975143,0.676252614
"PDE4B",3.727608608,0.676581931
"RRM1",7.429317119,0.676581931
"ATF7IP",6.961882944,0.680033438
"UVRAG",6.660416807,0.681308228
"RANBP3",8.280760894,0.683348596
"PRKCA",6.583333946,0.683923765
"PSMA2",7.9944187,0.683923765
"XBP1",7.159572346,0.683923765
"OTUD4",7.202364833,0.684615731
"PDGFB",7.355531706,0.686300483
"COL13A1",4.442819071,0.686335978
"HSP90AA1",12.24747264,0.690320276
"SOGA1",6.859564377,0.690320276
"PTCD3",8.088789531,0.692674502
"NGLY1",6.891110403,0.693331392
"NFKB2",5.333036111,0.695641786
"MAPK8",5.086116297,0.695846795
"TRAF3IP2",4.147466217,0.695917463
"HCFC1",8.497796767,0.697757671
"ERCC6",4.740247575,0.698060577
"SEC13",8.771779552,0.698800193
"LSM3",9.026531148,0.699287949
"CSDE1",9.355054175,0.699667278
"GADD45B",8.063411668,0.700197303
"UTY",3.795428302,0.702317893
"DES",5.998629197,0.70326992
"RCHY1",5.000574383,0.703775102
"TOPORS",6.574424411,0.703775102
"ZFC3H1",7.23775458,0.703775102
"PLCB4",6.508767725,0.706063846
"TDO2",4.18513781,0.706094923
"TNRC6B",7.379519738,0.707736915
"PRDX4",7.705836551,0.708636011
"SH3GL3",9.431414654,0.710533469
"MAGED2",7.513033219,0.710884085
"MAP3K7",6.320797024,0.710884085
"THBS1",4.151058422,0.711498973
"GANAB",9.104739808,0.712661801
"SMNDC1",7.635030332,0.712778424
"CTNNBL1",7.966857677,0.713752368
"EGLN3",6.215282986,0.713752368
"THUMPD2",6.003216296,0.716197355
"TMEM8A",6.598706693,0.716997199
"NFIL3",7.540673032,0.719394243
"AMD1",8.254880358,0.719747235
"MRFAP1L1",9.243410472,0.719931527
"PLS3",9.240998517,0.720225897
"PSG1",4.223608388,0.720350225
"EIF2S2",9.542991549,0.720354226
"SETDB1",7.415759145,0.723293546
"NAA10",8.031802238,0.723424774
"RGL1",10.05953926,0.725381962
"ASB8",8.018415622,0.725869734
"PCBP1",8.949412931,0.726154103
"CHFR",7.170652614,0.727402817
"ERBB4",5.014622566,0.727402817
"PPP2R5A",8.680478624,0.727785087
"TRIM24",6.826022851,0.728231388
"UNC13B",8.542100678,0.729151456
"MDC1",6.748274396,0.729252102
"VPS45",8.807020037,0.731999706
"SNRNP70",8.886736154,0.732988703
"RXRG",5.42914171,0.73544464
"ACAT1",8.717684742,0.735607367
"MICB",4.556882156,0.736882865
"DDX3Y",4.942924488,0.73777688
"NAA15",6.86393147,0.739342169
"CDK6",5.263751403,0.740209746
"ANKRD7",3.883021811,0.740244133
"RPIA",6.370414205,0.741385238
"CIR1",6.02116324,0.742380721
"CSTF2",6.935496496,0.74512888
"PPP2R2A",8.780998977,0.751792898
"RPS21",7.255196961,0.752040503
"CASK",7.826660758,0.752653836
"COIL",6.773418497,0.752918868
"PSAP",10.51029379,0.755355717
"TTLL12",7.594275448,0.755355717
"NUP85",6.945783032,0.755792855
"ICE1",8.088147294,0.756628629
"ELAC2",7.400565098,0.760001764
"METTL9",9.943578528,0.763109793
"POLD3",6.89299772,0.764688543
"NR1H2",7.980775445,0.765457642
"RBM10",7.923594242,0.765457642
"AIP",7.252459458,0.767266511
"SDF4",7.19566401,0.769493979
"CLPP",8.392103492,0.770268301
"CCL2",6.640386206,0.770625403
"DDX42",8.608407892,0.772086796
"PSMB1",9.881802622,0.772875044
"CHMP6",7.136125551,0.774137431
"HDAC2",8.005501627,0.774538004
"PRKAB1",7.039542524,0.774852209
"MICA",5.586911035,0.77557077
"DACH1",4.744568709,0.777743788
"SCYL2",5.856807612,0.777875509
"BIN1",9.853333177,0.778120198
"USP21",7.565045319,0.78036558
"TBK1",8.053771296,0.78252934
"BPGM",6.448639159,0.783040108
"MED20",6.245920263,0.783040108
"RPA1",8.800434372,0.783040108
"PRDX1",10.82512956,0.783925306
"LPL",7.5993476,0.784250003
"PGD",7.793722603,0.785497069
"GNL1",7.398504039,0.78612002
"ALPL",7.140200059,0.786308875
"TPP2",6.443748334,0.786738945
"PPIB",9.816619508,0.787353991
"SFMBT1",6.147850494,0.787458449
"BCL10",7.094397856,0.790437862
"HMOX1",7.028106892,0.79085486
"SERPINB9",7.043673448,0.79085486
"EPN1",7.61584677,0.79184294
"TALDO1",10.13451227,0.79310285
"PCBD1",7.649692931,0.793172752
"PDIA6",8.103547014,0.793403497
"FOXO3",9.611858507,0.794542583
"HSPE1",8.352131939,0.794830454
"AP4M1",6.416032711,0.795217442
"ZBTB10",4.071347287,0.795516982
"DHX29",6.872734519,0.798390353
"IKBKG",7.736214612,0.79879343
"HSPB1",10.58125753,0.798810216
"FAS",4.562512239,0.799551364
"DCUN1D1",6.809947107,0.802588852
"GGA3",5.785769115,0.803993258
"PCK1",4.599633405,0.80719252
"CDKN1A",9.146658085,0.80741319
"UBAC1",8.252808555,0.811351404
"RLF",7.090178011,0.811582953
"C8orf33",8.251202645,0.81160058
"GEMIN4",6.11974888,0.811758719
"ATN1",8.30962123,0.812804152
"SUN1",8.916948057,0.813960084
"AIPL1",4.472648303,0.814861025
"RAI2",7.406729894,0.815312029
"MINK1",8.502043807,0.816074351
"PTPRM",8.462836531,0.816619112
"CBX3",9.000462187,0.819357456
"TIMM13",7.894735711,0.820328108
"PCDH17",9.526238219,0.823230283
"DPP8",9.50840022,0.823454401
"DNTTIP2",8.860410414,0.823705598
"DIDO1",6.436047184,0.825307962
"PPP2CB",11.91859576,0.829029238
"SETMAR",5.251317966,0.830983661
"SERINC1",11.23155858,0.832166404
"DHX9",6.784681347,0.8325667
"SMAD1",7.938495619,0.833743518
"GADD45G",6.439883749,0.833943756
"EIF3D",9.054968399,0.834262687
"SOCS3",5.684437595,0.834822224
"PML",5.397048722,0.836659857
"CNTFR",6.934487972,0.837199666
"CBR1",8.858564968,0.837798962
"STAU1",10.30677495,0.838446432
"TRAF5",5.212768833,0.839359552
"SRP14",11.92990984,0.840820365
"UPF2",7.635632671,0.841339712
"ZNF16",6.472934929,0.842924539
"SEC23IP",6.460618761,0.843720005
"CLNS1A",9.29529174,0.84455151
"CASP8AP2",6.483679755,0.844751741
"TDRD7",7.543132081,0.847454563
"NPEPPS",8.845305514,0.849103936
"ARF6",7.437997382,0.849964445
"POLR2I",9.796483412,0.851458319
"TEAD3",5.705681407,0.85163836
"RPL24",12.30668019,0.851699927
"NELFCD",8.701893182,0.853121355
"CCDC130",7.568421933,0.853909763
"MLH1",8.110521366,0.854216794
"TBXA2R",5.993142167,0.855746481
"TBCE",5.008718616,0.856530372
"NUBP2",8.457753335,0.857423005
"LMNB1",5.073678824,0.857510458
"PAF1",7.581826829,0.858647256
"UTP20",5.420372613,0.85870415
"SH3BGRL3",9.092044335,0.858724161
"SOS1",5.965905652,0.858823584
"ITK",4.083589909,0.859883473
"XRCC1",7.520809081,0.859883473
"RAB21",8.11710472,0.860917557
"MED17",7.263452984,0.861760687
"PTPRA",9.15713166,0.862674238
"SIK1",7.162126586,0.863757197
"THAP1",5.739582222,0.86408524
"BTBD1",9.648097636,0.865275708
"MCC",6.135544326,0.868913773
"ALDH1A1",7.834839805,0.869102879
"ARFGEF2",8.275486461,0.86971177
"TRIT1",6.789489676,0.871767557
"MYOZ1",6.549392504,0.872395868
"RIT1",5.982391783,0.872405579
"APEX2",5.945387803,0.873329778
"NOP2",7.848551105,0.874543572
"LAMTOR3",7.863062004,0.875939774
"ECT2",4.495932809,0.878470826
"PARP1",8.190492455,0.880352852
"NOL11",7.033237097,0.881245726
"TBC1D17",8.126092081,0.881396854
"UBR4",8.939931432,0.881709455
"PAAF1",9.203064543,0.883022875
"SEPT9",10.67094855,0.883272648
"WWP2",6.087181948,0.883758528
"NMB",7.623152097,0.884117066
"NUP62",6.241121535,0.885698892
"WRAP73",5.910253256,0.887709381
"DNMT3B",5.609614735,0.888297835
"HELZ",7.657697326,0.888767575
"GABARAP",11.3999698,0.888943606
"NUP214",7.112069228,0.889093616
"ARIH2",7.020591815,0.889131059
"USP13",7.782508765,0.890020175
"RCOR1",6.035792821,0.890767666
"KMT2B",7.664009621,0.890980514
"ZNF264",7.68314417,0.891031338
"CCDC59",7.14305527,0.891507519
"PIK3R3",8.335946474,0.891507519
"KAT8",6.55512993,0.89261861
"ZNF335",6.111758413,0.895558446
"ZNF91",9.889916061,0.895945112
"GRWD1",7.217342336,0.899485088
"TMSB4X",12.60407291,0.900193719
"BBS10",5.640163546,0.904229839
"TAB1",5.650116686,0.904280534
"MRPL40",8.312514752,0.908952663
"ATXN2L",7.571127017,0.909851624
"SKIV2L2",7.835736137,0.911399328
"PIAS3",7.287327465,0.912359992
"CTSZ",5.762863381,0.913090162
"DCAF7",7.787681797,0.915207371
"SEC14L4",5.677956292,0.915802535
"DPYSL2",12.84424346,0.916521506
"ZNF440",4.166185726,0.916905206
"CTDP1",7.349449422,0.917028407
"PFN1",9.445653596,0.917560146
"LONRF1",5.862943426,0.920649493
"BRMS1",7.264737267,0.920815208
"DNPH1",8.143374484,0.922747858
"SHMT2",8.577703029,0.92285351
"GIN1",5.335511252,0.923298668
"RASSF1",6.727535481,0.923537301
"PTGES3",10.42402956,0.924253645
"VKORC1",8.256503768,0.925574191
"HRSP12",8.882907147,0.925739155
"ARRB2",8.131693665,0.92596747
"C1orf123",8.2557089,0.927800682
"PRKRA",8.497203689,0.92787413
"SRI",9.934255045,0.928401196
"AKT1",8.445403347,0.930566203
"RCAN1",7.28251474,0.93081968
"XIAP",4.012497489,0.933132678
"VAV2",6.180135317,0.933622657
"NPLOC4",8.865301792,0.935737725
"SF3A3",7.504434933,0.937823543
"FANCG",6.716757725,0.937853795
"NUP88",6.931203195,0.938899619
"CRADD",7.105307665,0.941025898
"TRPC3",4.452937554,0.941619335
"LDB1",8.140234818,0.942058806
"CLP1",6.664646437,0.942650922
"ZDHHC17",8.571920578,0.943378631
"SMAD7",7.631813992,0.94715574
"POLR2H",8.331612202,0.948124456
"CTSD",7.800282027,0.949207293
"RAD9A",5.712876166,0.950522871
"SEC24B",8.387344628,0.952349021
"GP6",4.871608494,0.952357988
"PLAUR",6.554691116,0.953106562
"NCOA6",8.640035157,0.954521118
"PUF60",9.274458286,0.956918563
"ASB9",4.073852595,0.959278043
"CSN2",4.2170629,0.959828658
"KDM5C",8.071274605,0.960121996
"MED4",7.243111118,0.961641971
"EIF4E2",6.251047882,0.96174439
"NUP133",7.560456169,0.962064539
"ING2",7.092391842,0.963807676
"GDPD5",7.56040342,0.963922202
"DNPEP",8.313802254,0.965270411
"POLD2",8.284066932,0.966320824
"ITGA9",5.282432211,0.968598898
"RAB27B",3.74194386,0.968747378
"ARID4A",6.673728016,0.969336331
"TDP2",9.059753918,0.973944626
"PIR",7.070462308,0.974190324
"SCRN1",10.83017425,0.977721008
"UNC119",8.18877253,0.977837442
"RANGRF",7.559645753,0.979355686
"MBIP",6.109999372,0.980270809
"DAAM1",8.204906953,0.981497675
"HSP90B1",8.551231588,0.981497675
"PIGA",5.197921546,0.982725142
"RAB1B",8.785483325,0.983412205
"STRN3",6.184693173,0.983412205
"NR4A1",8.067338139,0.984733539
"RASA1",7.206602314,0.986205732
"UBA2",8.685255973,0.986241477
"BAG3",9.258449342,0.987483762
"ZNF135",5.14083986,0.989304918
"ABL2",4.6648233,0.990176761
"PDIA3",9.189038931,0.990530223
"PGM1",9.387297324,0.993515863
"HPS6",7.471816566,0.997217347
"KRT31",5.588878497,0.999610043
"CAPN1",7.651064703,0.999982079
