"Gene","VCPAvgExpr","VCPAdjPValue"
"DCP2",5.688928009,0.409155903
"PRSS23",8.867112212,0.522212085
"UCHL3",8.762781561,0.522212085
"KAT6A",3.893977454,0.522212085
"SERBP1",7.71151462,0.522212085
"NIFK",7.956953607,0.522212085
"TXNDC9",8.439129726,0.522212085
"ANXA11",7.293344647,0.522212085
"GRB2",7.659728099,0.522212085
"RAPGEF2",4.930256297,0.522212085
"ATM",6.404687855,0.522212085
"JMJD1C",7.155262469,0.522212085
"SAMHD1",6.551308209,0.522212085
"TERF1",7.933853193,0.522212085
"GART",6.465410694,0.522212085
"PTPN4",7.785104132,0.522212085
"TRIM55",8.339666413,0.522212085
"WASL",7.529858821,0.522212085
"UBE2Z",7.026698433,0.522212085
"ALDH7A1",6.620937878,0.522212085
"CBX5",6.736136973,0.522212085
"SYNCRIP",7.820407383,0.522212085
"BRWD1",6.857250276,0.522212085
"RUVBL1",6.326844219,0.522212085
"WNK1",5.736315272,0.522212085
"EMC1",6.503492073,0.522212085
"MYC",7.041862591,0.522212085
"MORF4L2",5.513700145,0.522212085
"BRD4",7.811606286,0.522212085
"DDX24",7.248282471,0.522212085
"PAK2",6.79161307,0.522212085
"TCF4",8.677714257,0.522212085
"SON",7.99545913,0.522212085
"HSPH1",8.690213392,0.522212085
"GAB1",7.375700185,0.522212085
"DACH1",3.711678648,0.522212085
"KPNB1",9.638150329,0.522212085
"MED11",7.751912085,0.522212085
"SEPHS1",7.801658492,0.522212085
"TIPRL",8.480854222,0.522212085
"XPO7",5.509135287,0.522212085
"ARHGEF7",6.267105382,0.522212085
"UNG",7.31262454,0.522212085
"KMT2A",5.150901823,0.522212085
"TARS",8.74745559,0.522212085
"MPDZ",7.815102378,0.522212085
"PPIL1",7.674833054,0.522212085
"DYNC1I2",6.893395835,0.522212085
"DNM1L",7.668264245,0.522212085
"SAT1",7.219214127,0.522212085
"GSAP",5.891615917,0.522212085
"CPSF6",6.580627611,0.522212085
"FEZ2",10.43088902,0.522212085
"UPF3A",7.868431779,0.522212085
"AGO3",7.442670133,0.522212085
"DNMT1",6.425500373,0.522212085
"GPNMB",8.467331986,0.522212085
"UTP14A",6.693261674,0.522212085
"PKP4",5.271834348,0.522212085
"TARDBP",8.761657564,0.522212085
"LSM4",8.37895129,0.522212085
"ADAMTS1",7.883876471,0.522212085
"SREBF1",6.911932324,0.522212085
"SSR3",8.655691309,0.522212085
"XPNPEP1",7.081044395,0.522212085
"SART3",6.917649746,0.522212085
"PTBP3",6.925414532,0.522212085
"CCDC90B",8.206174864,0.522212085
"IFRD1",7.889266306,0.522212085
"HIVEP3",3.884631036,0.522212085
"SYNE1",8.641040229,0.522212085
"ACTR2",6.493596718,0.522212085
"ZBTB10",5.135843754,0.522212085
"TNPO1",8.99633842,0.522212085
"MBP",8.242528117,0.522212085
"SREK1",5.395213191,0.522212085
"ZWINT",4.204666774,0.522212085
"TMBIM4",10.1566828,0.522212085
"CYCS",6.836225051,0.522212085
"SEPT2",7.834223427,0.522212085
"HRSP12",8.716048889,0.522212085
"ENAH",8.147397948,0.522212085
"VPS45",8.11748067,0.522212085
"CYB5A",8.000625104,0.523347703
"PAN2",7.06397333,0.523347703
"KDM5A",7.933038172,0.525409251
"APPBP2",6.595975856,0.525409251
"KRR1",8.528617105,0.525409251
"PPP4R2",3.70684645,0.525409251
"GAMT",11.07646236,0.527407966
"CEP57",6.447017311,0.527407966
"TTF2",3.865041404,0.527407966
"PRPF4",6.764656415,0.527824904
"LTV1",7.609304596,0.527824904
"EIF3M",4.465007768,0.527824904
"RUVBL2",8.982609019,0.527824904
"DDX39A",6.84930861,0.527824904
"BCOR",6.39813231,0.527824904
"AHCY",8.137243669,0.527824904
"ELP3",8.350821184,0.527824904
"CD47",5.623100294,0.527824904
"DYNLT1",10.32629538,0.527824904
"NUAK1",8.939000476,0.527824904
"SGCD",10.03860826,0.527824904
"TXNDC17",8.332192529,0.527824904
"MLH1",9.908645515,0.527824904
"SMARCA2",9.3603023,0.527824904
"SLC35F6",5.10490467,0.527824904
"PAICS",8.020764543,0.527824904
"ITGB1BP1",8.323918594,0.527824904
"SRSF7",7.578589275,0.527824904
"EAF1",5.638404209,0.527933363
"UBE2D1",11.70430865,0.527933363
"U2AF1",6.813713461,0.528201476
"CASP3",6.171023312,0.528602828
"RGS2",6.565131631,0.531137408
"GLMN",6.160989966,0.531137408
"TNPO3",7.84291002,0.531137408
"USP28",6.259768001,0.531137408
"C1QBP",9.683432494,0.531137408
"TCF3",6.186701215,0.531137408
"PLGRKT",8.759818642,0.531137408
"PNN",6.467124295,0.531137408
"FOS",5.939304223,0.531137408
"TUBA4A",11.40917497,0.531137408
"LNPEP",4.62843233,0.531137408
"LIG4",6.297559728,0.533987564
"PPM1B",9.467859073,0.533987564
"TRIM38",6.693202855,0.535252306
"NAIP",5.418165921,0.535252306
"SMAD1",8.694286221,0.535252306
"MRPS11",8.215783649,0.535252306
"CEP70",6.529583543,0.535252306
"PPP1R12A",7.199755168,0.535252306
"STAT3",9.405161241,0.535252306
"TNRC6B",7.252932652,0.535252306
"UBXN7",6.4750406,0.535252306
"DDX5",7.628246336,0.535252306
"DEAF1",6.333309705,0.535252306
"CALD1",6.550536379,0.535252306
"UBE2H",9.233922728,0.535252306
"TIRAP",6.263037857,0.535252306
"TUBB4B",9.539453367,0.535252306
"SLC26A2",6.934827593,0.535252306
"EPRS",6.382450493,0.535252306
"MRE11A",3.946314955,0.535252306
"ACOX1",7.169119198,0.535252306
"PDCD6IP",7.75291151,0.535252306
"JAK2",7.337188641,0.535252306
"AASDHPPT",8.318686369,0.535252306
"TFG",4.274235643,0.535252306
"MAPRE1",7.378624078,0.535252306
"UBE2K",8.519968342,0.535252306
"WWP2",5.249077576,0.535252306
"IGF2R",7.521500764,0.535252306
"NAA15",7.967698448,0.535252306
"LSM3",10.26173697,0.535252306
"KPNA1",8.402970327,0.535252306
"USP53",3.899341399,0.535252306
"DDX17",9.325762369,0.535252306
"CAST",9.431400167,0.535252306
"STAG2",8.274308955,0.535252306
"FUNDC1",7.581827251,0.535252306
"CDK9",4.525683258,0.536244546
"GOLGA4",7.993029208,0.537622439
"GSK3B",7.397423844,0.538234982
"VAPA",8.265465594,0.538234982
"EFTUD2",8.795321153,0.538938947
"SNRNP200",6.180783712,0.540033066
"SORBS2",4.341010976,0.540510534
"KPNA3",10.43425568,0.541651314
"RBL2",7.172425718,0.543325585
"PQBP1",6.762390037,0.543325585
"FOXN3",10.15704855,0.543817038
"NUP43",8.721147973,0.543817038
"PSMC4",8.33288366,0.543817038
"RAN",10.05725233,0.543817038
"HCFC2",6.187437516,0.543817038
"SYNJ1",6.474922562,0.543817038
"RSRC1",4.899307919,0.543817038
"STRN",5.454546202,0.543817038
"NEB",10.29313769,0.543817038
"GTPBP4",6.958818197,0.543817038
"ADSS",5.818280538,0.543817038
"SNRPA1",7.523217238,0.543817038
"MYOZ2",11.72369906,0.543817038
"RBM39",8.330897012,0.543817038
"PHKB",6.122058031,0.543817038
"ACSL6",3.679628496,0.543817038
"TNIK",7.583382136,0.543817038
"PLCG2",5.839493834,0.543817038
"UBE2N",9.900497798,0.543817038
"KHDRBS1",9.233555722,0.543817038
"SLC25A1",5.699155857,0.543817038
"TIA1",7.325451878,0.543817038
"TOP1",6.400478617,0.543817038
"PLIN3",9.116716461,0.543817038
"MOB1A",5.26016146,0.543817038
"PHLPP2",5.44612221,0.543817038
"KLHL12",7.544357515,0.543817038
"SF3B1",9.385698882,0.543817038
"ACTR3",9.613662738,0.543817038
"MCTS1",8.40726092,0.543817038
"MTFR1L",9.283832033,0.543817038
"SDHAF2",7.012752216,0.543817038
"AHSA1",8.956641146,0.543817038
"GNL1",5.728277589,0.543817038
"GADD45A",7.949504722,0.543817038
"HSPA2",11.11960409,0.543817038
"MMS19",7.584672483,0.543817038
"TRNT1",6.606505702,0.543817038
"TTC19",8.655588129,0.543817038
"WRAP73",5.473519871,0.543817038
"RIPK3",6.421032234,0.543817038
"MRI1",7.384520643,0.543817038
"SRP72",8.536252032,0.543817038
"EIF3D",9.446374299,0.543817038
"HSPA4",8.559458486,0.544148278
"RAP2A",9.196484077,0.544170267
"CDC14B",4.189942347,0.544170267
"C6orf120",7.903621795,0.544170267
"ZNF573",6.355953865,0.544170267
"ZC3H15",9.317534003,0.54881249
"SSBP1",9.931530573,0.54881249
"PIAS1",8.24186573,0.54881249
"SORT1",8.04411212,0.54881249
"ZCCHC6",7.285571292,0.54881249
"CORO1C",6.957762776,0.549092474
"FBXL17",5.074719155,0.549092474
"SUV39H2",5.959911067,0.549092474
"SRSF10",7.852793006,0.549092474
"E2F3",6.247858561,0.549092474
"PPP2CA",7.946223512,0.549092474
"GARS",8.947116206,0.549092474
"SVIP",4.408184258,0.549092474
"PPIG",8.925423096,0.549092474
"MAP2K1",8.756989613,0.549092474
"PSAP",9.777689781,0.549092474
"MRPL10",8.596442271,0.549312866
"STX2",6.803538813,0.550758614
"SUGT1",6.628294407,0.550758614
"IRAK1",8.021961989,0.550758614
"SF3B2",8.042683417,0.550758614
"SCYL2",8.038651784,0.550758614
"RPL37A",4.70799136,0.550758614
"HPRT1",8.179590742,0.550758614
"SSX2IP",5.059334311,0.550758614
"DR1",5.227075665,0.550758614
"TUBB",9.839654356,0.550758614
"C15orf57",4.538699406,0.550758614
"BRAP",7.318589668,0.550758614
"MEIS2",5.06133046,0.550758614
"PTPN14",10.23687672,0.550838443
"YIPF3",7.188972369,0.550966734
"PTEN",7.318647079,0.550966734
"EIF3E",11.44460505,0.551861771
"PPM1L",4.31290427,0.551861771
"ATP6V1A",6.257237089,0.551861771
"NR1H3",5.378025115,0.551861771
"PSME3",5.334916018,0.551861771
"TUBB2B",5.290773058,0.551861771
"NANS",6.70838422,0.551861771
"MED31",7.861278398,0.551861771
"MAP4",7.264886872,0.552376436
"FTSJ1",7.390004635,0.552376436
"NFIL3",7.511679613,0.552376436
"SOX13",4.186070278,0.552629233
"POT1",5.693906666,0.552629233
"TRAPPC2L",8.456679409,0.552629233
"SLC11A2",6.845653473,0.552629233
"SDF4",6.318890308,0.552629233
"REPS1",4.699317662,0.552629233
"TTN",11.76091172,0.552629233
"TIMM13",7.89206268,0.552713549
"DOCK8",3.314648609,0.55301822
"P4HB",9.792695643,0.553163275
"YIF1B",6.812206909,0.553361094
"ZMPSTE24",8.053986294,0.553361094
"HNRNPUL1",8.215495821,0.553361094
"TAL1",4.679987485,0.553361094
"SPAG5",4.596189592,0.553361094
"NSUN2",7.860692172,0.553361094
"EIF4ENIF1",7.402189007,0.553361094
"ERG",4.031580081,0.553361094
"NEK1",7.17970735,0.553361094
"XPOT",6.814023619,0.553361094
"ERBB3",4.954993147,0.553361094
"RTN4",7.372262767,0.55404697
"ZNF599",3.330776208,0.55404697
"PRMT2",6.939499103,0.554403296
"NCSTN",7.675931396,0.555144928
"RPL22",10.46379231,0.555451069
"POGLUT1",4.788373637,0.555803164
"IKBKAP",7.673034162,0.555803164
"SURF4",8.417406939,0.555803164
"MED1",8.766490694,0.555803164
"PNISR",6.487897145,0.557664416
"FAS",3.791043166,0.557664416
"RCN2",8.739914637,0.557664416
"CTNNA1",9.604127389,0.557664416
"TRIP11",7.305961497,0.557664416
"PSMD11",7.926901651,0.557664416
"CAND1",4.408930425,0.557664416
"PHYKPL",6.889992841,0.557664416
"UACA",5.805049563,0.557797431
"CDKN1B",10.08839065,0.558281636
"SOX9",6.724004692,0.558281636
"SRSF1",7.872267964,0.558281636
"MYL12A",6.409512183,0.558281636
"ZCCHC10",6.026736308,0.558281636
"S100A8",6.327793164,0.55859445
"SRRM1",8.364492969,0.55859445
"MAPK8",6.857057444,0.55859445
"PTPN3",7.141213314,0.55859445
"HSP90AA1",12.15682237,0.55859445
"POP5",7.568725446,0.55859445
"HLTF",8.162924397,0.55965843
"FRK",6.639147074,0.55993167
"VPS35",6.309521317,0.55993167
"SCRN3",3.856840483,0.55993167
"ACTN1",6.98003847,0.55993167
"TUFM",6.031374151,0.55993167
"TAOK1",7.901607409,0.55993167
"MOB3C",6.222364892,0.55993167
"EIF2S3",6.170520001,0.55993167
"CYLD",3.993201484,0.55993167
"NFX1",5.95456383,0.55993167
"MLLT3",4.447170698,0.55993167
"LMNA",8.287047283,0.55993167
"AMOT",5.319830372,0.55993167
"ERC1",6.68573655,0.55993167
"PACSIN2",8.495281326,0.55993167
"ZNF638",8.881015796,0.560319083
"CPEB4",9.776137319,0.560849932
"PTK2",5.445151837,0.560849932
"NNT",3.628502444,0.561905749
"ILF2",8.680214909,0.561993426
"UGP2",12.23411281,0.561993426
"BID",4.536561702,0.561993426
"ASB8",9.678489909,0.561993426
"UBXN4",9.272016102,0.561993426
"CDKN1C",7.008232771,0.561993426
"VPS37C",8.910298181,0.561993426
"ATP6V1E1",9.591047832,0.561993426
"UBE2J1",6.662090751,0.562062235
"CENPU",4.170717808,0.562062235
"LATS2",8.397098663,0.56231801
"NUDT21",4.377181332,0.562484251
"MYBPH",7.087134383,0.562488007
"ECI1",8.85348937,0.562816737
"ARHGAP17",8.26507057,0.562952085
"NUP214",6.350860122,0.563178135
"WDR26",8.635211394,0.563178135
"MAP3K8",3.62273694,0.563374197
"PEX7",6.538526859,0.563374197
"PRKAB2",7.299761392,0.563374197
"ITGA6",6.311802642,0.563374197
"FYB",4.579596558,0.563374197
"EPOR",4.13282969,0.563374197
"FCER1G",5.85684837,0.563374197
"CCDC33",5.749341674,0.563374197
"PPP1R12B",8.073648105,0.563374197
"ELAC2",7.873335048,0.563677501
"TMEM165",7.186763269,0.563677501
"QKI",9.036233328,0.563707257
"CCDC50",7.719238246,0.56386632
"RHOA",9.476268644,0.564453676
"MDC1",6.36567178,0.564453676
"SRPK2",5.275137897,0.564453676
"TAX1BP1",9.910522309,0.564453676
"GADD45B",6.465799499,0.564453676
"PAPOLA",8.506053934,0.564913158
"RPS6",12.50270927,0.565244939
"RAP1A",7.768921054,0.565270638
"HNRNPC",5.107181675,0.5654457
"ITGA9",5.050768114,0.565543087
"GOLIM4",7.195282307,0.565543087
"SF3B5",9.42165607,0.565543087
"GORASP2",8.728004795,0.565543087
"PRDX3",11.34379955,0.565543087
"MED28",6.255414826,0.565543087
"CCDC14",6.548093507,0.565543087
"TNFAIP8",4.157516389,0.565543087
"ZNF260",6.537632191,0.565543087
"STIP1",8.524764163,0.565813427
"TPP1",6.608862146,0.566008524
"STK3",7.863004869,0.566008524
"PCED1A",5.855176631,0.566008524
"PECAM1",8.341723042,0.566008524
"CFL1",11.24621569,0.566300478
"THUMPD2",6.927245655,0.566425347
"AGFG1",3.727466228,0.567120527
"PMAIP1",4.254087864,0.567120527
"UBE2V2",7.00692635,0.567120527
"RAB1A",7.548648037,0.567120527
"PRKAR2A",10.60502688,0.567120527
"MYOZ3",7.910206964,0.567120527
"NLK",4.632899682,0.567120527
"EIF3A",9.372674689,0.567120527
"ANKMY2",8.881326968,0.567238547
"CHFR",5.704460051,0.56734551
"SRA1",7.494605553,0.56734551
"POLI",3.849789247,0.56747657
"NEDD9",5.927132134,0.567873356
"POLE4",7.605076326,0.568197599
"PAXIP1",6.281844018,0.568197599
"MCM3",6.478704053,0.568197599
"RCHY1",6.014546877,0.568197599
"CLMN",3.835061883,0.568197599
"PTPRM",8.959964325,0.568197599
"USP14",10.16830111,0.568197599
"DIDO1",5.223554799,0.568197599
"HSPE1",9.149729428,0.568197599
"CSNK1A1",8.726224842,0.568197599
"CSNK2A1",8.224541425,0.568197599
"MCC",6.492627543,0.568197599
"FUS",7.349265699,0.568197599
"PRDX4",8.908569372,0.568197599
"MYOZ1",13.46323763,0.568197599
"RIT1",5.360333921,0.568197599
"VDAC2",11.86117288,0.568316583
"STK39",5.292699277,0.569293292
"CD55",8.702010342,0.569768122
"BIRC3",4.515360228,0.569768122
"PPBP",4.896071451,0.569954979
"SUB1",9.376650361,0.570033607
"TCF25",7.64103206,0.570033607
"SPEN",8.38243622,0.570033607
"PPFIBP1",7.279312952,0.570033607
"ERBB4",3.461176587,0.570033607
"NMRK2",9.596894906,0.570033607
"GABARAPL2",10.84145714,0.570033607
"RAB15",6.420121518,0.570033607
"PDLIM2",7.959029514,0.570033607
"NGLY1",6.636874828,0.570033607
"PGM2",3.758950024,0.570033607
"GSPT1",7.624170801,0.570033607
"BHLHE40",6.697674596,0.570091958
"TGIF1",3.627653307,0.570091958
"CDKN2B",5.532080491,0.571015428
"NCKAP1",9.496915177,0.571168877
"CD63",11.49099303,0.571408092
"CHD1",7.61442287,0.571408092
"HIPK2",5.797817477,0.571408092
"HIPK3",12.17358253,0.571408092
"GPIHBP1",7.17969734,0.571408092
"LAPTM5",6.484947616,0.571408092
"U2SURP",7.039160366,0.571408092
"DYNLT3",8.221568865,0.571408092
"ZNF135",3.480410601,0.571513143
"TNFAIP3",7.574998116,0.571513143
"TFRC",10.63888692,0.571513143
"SUZ12",8.540051797,0.571513143
"CYB5B",7.001581006,0.571513143
"TRA2B",6.217896612,0.571513143
"RAD17",7.428929702,0.571513143
"CAMK2D",9.437092576,0.571513143
"TRIM25",7.578227983,0.571513143
"RNF10",10.08782802,0.571721839
"RFC3",3.578181277,0.571721839
"PSMD6",10.26189471,0.571721839
"SSR1",5.841646833,0.571721839
"PFN1",9.571963798,0.571721839
"DAAM1",6.503408286,0.571721839
"RBM12",6.658699625,0.571721839
"PNO1",7.825048833,0.571721839
"JADE2",6.835942614,0.571721839
"DZIP3",7.590500047,0.571721839
"CAMKK2",6.15740726,0.571721839
"INO80C",4.612691314,0.571885595
"PDE4DIP",12.29426571,0.572125929
"CCT5",9.399117967,0.572514672
"CFLAR",3.629908313,0.572514672
"ZFP36",8.694564479,0.572880767
"MECP2",6.333425879,0.572975195
"GGA3",6.546927636,0.572975195
"HSPA5",9.925416983,0.574181553
"DHX9",6.200644774,0.574204363
"ARMC1",9.033644085,0.574807085
"DERL1",8.006607645,0.574807085
"UBR1",8.634398968,0.574807085
"ATRX",3.534150556,0.574807085
"SIRT2",6.552846009,0.574910382
"HIP1",5.50760417,0.574934576
"PSMD1",10.6139837,0.575035852
"SORBS3",5.563244065,0.575035852
"PARP10",6.542235242,0.575035852
"HINT3",5.064582975,0.575671284
"CCND1",5.449661517,0.575729121
"BRAF",5.884467773,0.575729121
"TALDO1",9.940439762,0.577309086
"CTTNBP2NL",5.720472628,0.577318719
"CIRBP",6.826152259,0.577318719
"TRIP4",6.883508119,0.577361664
"KCTD10",6.394932893,0.577610547
"HUWE1",9.063885729,0.578500879
"HNRNPU",10.51404418,0.578500879
"FEM1A",7.770637975,0.578500879
"KCNAB1",4.734994525,0.578500879
"CDK5RAP3",7.810013587,0.578584781
"ADRA1A",4.472089235,0.578700293
"PPARGC1A",8.18775169,0.578700293
"ATG12",6.683694627,0.578972172
"RARS",8.484094957,0.579406926
"PSMC2",9.638442711,0.579406926
"SLPI",6.680317991,0.579406926
"EIF4B",10.06976354,0.579406926
"SOX6",3.907003968,0.579406926
"CRTC2",6.866544649,0.579406926
"SLX4",5.309540433,0.579799591
"RLIM",5.046555347,0.580004926
"PHF3",5.114463433,0.580018397
"YWHAH",7.14740656,0.580018397
"CCNH",8.344922261,0.580018397
"ECT2",3.76311252,0.580018397
"HEY2",7.565265611,0.580018397
"ITPR1",5.411632709,0.580464586
"RANGRF",7.282957732,0.580923325
"LMO1",7.933484876,0.58094108
"PRPF3",6.748039072,0.581349098
"NUMA1",3.948140073,0.581485424
"MAP2K4",7.797662468,0.582415839
"UBE2G2",9.296275191,0.583568921
"GAS7",7.57039788,0.583697302
"YTHDF2",9.46545156,0.583697302
"USP2",6.345120357,0.583896199
"RABGGTB",8.768983766,0.584155283
"NEK9",8.872573254,0.58422943
"DBN1",6.687729955,0.58435456
"HSPB3",10.86299704,0.584945046
"RPL15",8.21538601,0.584945046
"DYRK1A",10.26344236,0.585034215
"RANBP9",10.74290494,0.585034215
"TXNL4B",3.764336287,0.585119307
"STX16",7.897349348,0.585119307
"MAGI1",6.867033649,0.585119307
"RPA3",7.645562766,0.585119307
"RABIF",5.864973042,0.585119307
"UBAC2",7.794553429,0.585119307
"ILF3",5.612164785,0.585261117
"TOR1AIP2",7.658832363,0.58543512
"ALG13",4.445547118,0.58543512
"TXNIP",12.45708253,0.58543512
"TERF2",5.926727984,0.58543512
"USP34",8.043926349,0.58543512
"CINP",4.821030248,0.58543512
"LAMP1",8.480434085,0.58543512
"KLF6",8.042983667,0.585438501
"TOPORS",7.15093602,0.58549198
"YARS",6.759503762,0.58597335
"FBXL5",10.69509882,0.586864284
"SCYL3",4.456015673,0.586864284
"ABCB8",5.054343175,0.586935043
"CXCL14",9.154874282,0.586935043
"TRRAP",6.739586803,0.587030512
"MRPL42",5.669800581,0.587030512
"PHLDB2",7.142485441,0.587180628
"EIF2S1",9.140367701,0.587430441
"HLA-C",10.34141548,0.587569955
"PRKAA2",8.005086846,0.587584437
"WDR4",4.301288451,0.587584437
"PJA2",9.119663063,0.587584437
"CBL",6.331121916,0.587584437
"MYO5C",6.669159225,0.589154548
"CGGBP1",7.92737066,0.589404855
"ZNF292",8.988168902,0.589404855
"MAP3K3",3.72113085,0.589404855
"TRA2A",8.073342367,0.589404855
"LAMTOR1",9.529437938,0.589404855
"UBE2E2",7.767447647,0.589489564
"USP21",7.046659263,0.589652024
"CUL5",7.545248857,0.589652024
"SNRPD1",8.004369969,0.5898178
"CRY1",7.898348123,0.5898178
"CCM2",7.448854301,0.589829102
"RBKS",6.869651888,0.589829102
"ARL1",8.35799921,0.589829102
"PGD",6.573760276,0.590206992
"RBBP4",7.287201367,0.590206992
"CLNS1A",9.694910372,0.590206992
"EIF3G",10.80777978,0.590206992
"NONO",10.34729836,0.590206992
"RPS24",3.721118292,0.590206992
"ATP8B1",4.798195872,0.590206992
"AHCYL2",8.121932061,0.590206992
"SRP68",9.547512612,0.590716026
"MAGED2",7.397058098,0.590716026
"ESYT2",7.315401239,0.590716026
"PDS5A",4.975789156,0.591369331
"ASB13",7.397394608,0.591369331
"KRAS",6.209813893,0.591893627
"NEDD8",9.879907465,0.592095102
"PIGH",7.229167164,0.592620126
"FXR1",10.53613255,0.592620126
"IP6K2",7.072646851,0.593088008
"BCLAF1",7.697398649,0.593445812
"PRPS1",8.866491607,0.593445812
"MCMBP",6.382825306,0.593445812
"TCF12",5.255779326,0.593445812
"NME7",6.362552537,0.593445812
"PSMB4",9.978836839,0.593445812
"ARL6IP5",10.7022718,0.593445812
"CEBPB",11.92774852,0.593445812
"LYN",5.77109118,0.593445812
"TRIT1",6.420307587,0.593445812
"HDAC4",8.747731591,0.593445812
"SMARCAD1",6.868797366,0.593445812
"SNRPD2",10.5977202,0.593445812
"MAFG",8.457872299,0.593445812
"NPHP1",5.583756264,0.593445812
"FHL3",11.58989076,0.593445812
"ADD2",4.894635225,0.593445812
"FLNA",7.170140125,0.593567887
"POLB",9.869166031,0.593693107
"MVK",8.125775914,0.593693107
"SUMO1",9.577674866,0.593693107
"TOMM20",9.866984825,0.594434758
"PXN",7.747814016,0.594731607
"TUBA1B",11.02794403,0.594731607
"YWHAZ",7.846314363,0.594731607
"TKT",6.230371783,0.594731607
"ESD",10.67365251,0.594731607
"TSN",8.995826489,0.594731607
"SMURF2",7.350317649,0.594731607
"ELSPBP1",5.072383765,0.594903596
"MYO1C",8.126678204,0.595243046
"SRI",7.934930078,0.595243046
"NAPA",9.028539686,0.595462721
"GPAA1",8.147002707,0.595462721
"CTPS2",5.217046754,0.596076553
"PUM2",8.780425456,0.596164882
"CTTN",5.537301655,0.59639641
"DPP8",8.816048652,0.59639641
"YWHAQ",9.220200292,0.59639641
"SRF",7.990261341,0.59639641
"RPA2",8.836498012,0.59639641
"UNK",6.641733508,0.59639641
"RNF213",7.461298527,0.59639641
"PUM1",10.74022267,0.59639641
"COMMD1",9.223977891,0.596534692
"MIEN1",7.841813909,0.596534692
"TNFSF10",6.085707067,0.596534692
"UBE2L6",6.679382977,0.596534692
"NDUFS6",11.06209396,0.596534692
"VPS29",9.956129105,0.596633267
"MAGED1",9.386257921,0.596633267
"FIBP",8.229570371,0.596633267
"ATF7IP",7.982299249,0.596932199
"TMEM218",7.116749138,0.596932199
"COPS2",10.40501445,0.597155542
"SMC3",5.576486431,0.597155542
"ZC3H13",3.527107023,0.597155542
"MECOM",6.798879089,0.597155542
"PPP2R1B",4.651737871,0.597653376
"NMT1",6.67132822,0.597906224
"PCM1",5.461860363,0.597906224
"TMED9",8.708932442,0.597906224
"CWF19L2",6.085113331,0.598100995
"THRAP3",8.188043741,0.598420062
"WWP1",11.11769213,0.598597921
"CNOT6L",7.124591084,0.598597921
"ITPR2",5.240483604,0.598597921
"ANP32B",8.215737419,0.598676285
"FAF1",5.577315532,0.598676285
"PROX1",6.491743835,0.598676285
"PDCD5",8.076305229,0.598676285
"PALLD",10.74951311,0.598676285
"ENO1",7.732059905,0.598722925
"GULP1",8.032788994,0.598722925
"ZBTB1",7.644112024,0.599118903
"NDUFS1",4.490466928,0.599187083
"NAP1L1",10.75123128,0.599415686
"GGH",4.216593878,0.599701848
"WDTC1",6.79128578,0.599957965
"SRPK1",6.214936125,0.600394451
"RAB21",9.859120383,0.600394451
"RPL10L",5.699737715,0.600394451
"CRLF3",6.608976101,0.600566687
"UBE2L3",8.114914865,0.600566687
"PCBP2",7.878631191,0.60068337
"POLDIP3",5.759384863,0.600908061
"CEACAM1",5.706406263,0.600919481
"RRAS",7.564586465,0.601184822
"CBR1",7.110704637,0.601185077
"TET3",4.646082419,0.601428349
"NAA50",9.319317077,0.601490038
"ATP5L",9.934859187,0.601490038
"TBCE",6.948873744,0.601490038
"PTPN13",3.811799226,0.601490038
"SH3KBP1",7.645190592,0.601976063
"LRBA",7.529861195,0.601989662
"BCAP31",7.688088826,0.601989662
"KCNE4",3.876385821,0.601989662
"OCLN",4.587036872,0.601989662
"MLH3",6.072671718,0.601989662
"NSMAF",4.100479197,0.601989662
"ABI2",7.776861233,0.601989662
"SMC5",3.242464324,0.601989662
"CUL2",6.192954877,0.601989662
"COL3A1",10.27739498,0.602256038
"MVP",6.9215186,0.602256038
"PTPN11",8.913726315,0.602256038
"SFXN3",6.089342219,0.602893288
"KCTD20",7.530344307,0.602926239
"KIF5B",7.490076627,0.604069442
"PLCB4",5.932476913,0.604069442
"WIPI2",5.468126416,0.604069442
"ARMC8",8.660344922,0.604251297
"NFIA",5.864290657,0.604620878
"EIF3H",11.36902072,0.604660129
"VAMP3",9.539462259,0.605014315
"EIF4E2",8.374823879,0.605045077
"ACAT1",6.699429471,0.605045077
"SNAP23",8.281182958,0.605145974
"EXOSC8",8.038380741,0.60536854
"PDGFB",6.198275639,0.605724493
"CDH22",7.191595143,0.605724493
"MTOR",6.667248049,0.606706501
"MORF4L1",10.4224411,0.606706501
"CD40",7.026379666,0.606706501
"CCDC59",8.474223644,0.606706501
"ACTB",11.44113338,0.606706501
"NMI",6.351996336,0.606706501
"FXR2",7.957210875,0.606706501
"TPP2",4.453173054,0.606706501
"MYOF",6.950192788,0.606747765
"CUL4A",9.164959981,0.606747765
"PROSER1",6.015847655,0.607176042
"SHC1",6.013859587,0.607410721
"COL1A2",8.706422105,0.607803274
"HAT1",9.409657231,0.607906838
"BLOC1S6",8.574518965,0.607906838
"PLEKHA2",4.273146959,0.607913281
"HNMT",7.100736855,0.607935573
"HUS1",4.092715606,0.60813529
"IKBKG",7.612093784,0.60813529
"MED19",7.101728225,0.60813529
"KALRN",8.09744273,0.60813529
"SMAD2",6.91670842,0.608545366
"GLRX3",8.616981367,0.608595912
"CNOT7",10.37164493,0.608595912
"PRPF40A",8.286504157,0.608595912
"FARSB",8.653819429,0.609217313
"CEP290",3.756799573,0.609217313
"OTUD1",9.303779862,0.609217313
"AKAP12",7.190325256,0.609217313
"PRKDC",8.096976226,0.609575071
"COIL",7.074379017,0.609739299
"LBP",4.681402197,0.610581518
"EEF1A1",5.641278984,0.610847168
"TRIM32",4.850953725,0.611942433
"C8orf33",7.570143133,0.611997592
"MAPK1",9.009025874,0.611997592
"CANX",6.585529554,0.611997592
"RBM5",6.59618041,0.612101516
"RALBP1",7.778080455,0.612101516
"EXOSC1",7.277832309,0.612101516
"NUP88",8.764567558,0.612101516
"B2M",12.23833893,0.612101516
"CNOT3",3.318139179,0.612101516
"ITGB1",7.821429547,0.612101516
"USP4",8.029729196,0.612101516
"CDK19",6.646547762,0.612101516
"KCTD12",8.989113837,0.612897944
"RBM14",6.251407765,0.612912355
"RGS12",6.238493558,0.612989869
"CALR",7.881021126,0.612989869
"ITGB1BP2",9.178514524,0.612989869
"WASF1",3.446021595,0.612989869
"H2AFV",7.731411247,0.612989869
"NUP37",8.161834908,0.612989869
"CSTF2",3.439091375,0.612989869
"ATP5C1",6.41353662,0.612989869
"FH",7.847621084,0.613301323
"TRIM72",9.832350379,0.61333305
"CAMK2B",8.065620434,0.61333305
"USP11",8.379866599,0.614267202
"TUBA1A",9.91969827,0.615008892
"FBXW7",8.357696759,0.615477868
"NOL4L",5.133618198,0.615531901
"COPS4",10.60155233,0.615656932
"GRB10",7.721236162,0.615656932
"GGA1",8.449539148,0.615656932
"PRKRA",10.18251554,0.615681147
"SCAF11",6.775776665,0.615681147
"CPPED1",4.899576948,0.615681147
"WDR5",6.456267494,0.615681147
"SOS2",5.786461771,0.615681147
"CASP9",7.141384417,0.615681147
"PTGER3",4.657727633,0.616002192
"LRRC14",5.21655103,0.616002192
"TAOK2",6.402560804,0.616022192
"MAVS",7.787953802,0.616242759
"SF3A1",8.342747021,0.617510699
"LSM2",7.080639646,0.617611194
"CLTC",10.30183819,0.617725818
"CTBP2",9.237506728,0.617738561
"TNRC6A",8.10121763,0.61800945
"EIF4G1",7.841629194,0.61800945
"CCDC8",4.45703104,0.61800945
"DCUN1D1",8.450437891,0.61800945
"EED",7.091321879,0.61800945
"UBE2I",8.377303313,0.61817514
"PGRMC2",8.585281701,0.618336601
"MRPL9",7.794910548,0.618370012
"KIF3A",4.54166548,0.61911647
"RNH1",7.914951914,0.619141092
"CHCHD3",3.65001415,0.619141092
"VCP",9.567402509,0.619755546
"CNOT4",5.542893668,0.619795888
"TRIM2",5.759476077,0.620569502
"PAPSS1",7.406469464,0.620801345
"RFC4",6.679109934,0.620996696
"PKN2",8.182336704,0.620996696
"ZFYVE26",7.666538174,0.620996696
"LARP1",9.860942521,0.620996696
"TIMELESS",4.224505979,0.620996696
"TRIM16",6.704952055,0.620996696
"UQCRB",9.437190245,0.620996696
"ARIH2",8.888773299,0.621343174
"MED30",5.704207486,0.621487931
"PRPF38A",7.201823508,0.621487931
"MSH2",5.888151764,0.621487931
"TNKS2",6.185106076,0.621487931
"HSPD1",8.82082545,0.621487931
"LONRF1",5.522272631,0.621487931
"SLC2A4",5.744823509,0.621487931
"SMC1A",6.434267098,0.621487931
"PFAS",5.899378456,0.621487931
"UBE2A",8.828734824,0.621487931
"TPM3",5.05084874,0.621487931
"MAN2A1",6.22436289,0.621487931
"RQCD1",7.396302161,0.622042357
"SUN1",5.16652264,0.622103623
"RANBP3",7.883071666,0.622498867
"MRFAP1",11.58084183,0.622498867
"MON2",7.493503229,0.622498867
"PCBD1",7.826511083,0.622498867
"USP13",11.33785369,0.622511386
"IQGAP1",7.795429885,0.622684543
"ANKRD27",7.689441876,0.622853639
"PPP2R2D",5.715643443,0.622853639
"RPH3A",5.226434604,0.623049664
"PAFAH1B1",10.33763418,0.623049664
"SIK1",5.599349165,0.623544979
"IWS1",8.094990896,0.623544979
"UBASH3B",3.887344973,0.623544979
"CXCL2",4.499126122,0.623544979
"MYH9",7.501502803,0.623544979
"SEPT7",4.870790924,0.623628087
"KMT2C",8.827276427,0.623897678
"GTF3C3",7.820336024,0.62404635
"MAP3K7",7.932795232,0.62404635
"TXNL1",8.376554972,0.62404635
"RYK",6.854969788,0.62404635
"TTLL12",6.581311605,0.62404635
"BTG2",7.591341337,0.62404635
"TNFAIP1",7.087090774,0.62404635
"PSMA1",11.16097244,0.624548929
"RPL6",12.64335112,0.625707034
"CEP170B",6.399651651,0.625707034
"DEDD",9.177916396,0.625751554
"MTHFD2",9.175948019,0.625751554
"HSP90AB1",10.52822572,0.625751554
"CDK6",6.376370221,0.625751554
"CAPZA1",8.485347308,0.625751554
"KCMF1",9.864959492,0.625751554
"MIB1",7.629630576,0.62614709
"PRKCI",6.784085363,0.626276718
"FN1",3.996705926,0.626297847
"ZNF593",7.872102657,0.627840179
"CBX3",3.914575559,0.628073751
"MEAF6",7.556856214,0.628675293
"SULT1A1",6.320711371,0.628675293
"DST",3.461387423,0.628675293
"SEC14L4",4.236710758,0.629007431
"CTNNBL1",7.56125982,0.629007431
"MSX2",3.329770427,0.629007431
"USP1",7.908394213,0.629636433
"WBP4",7.975263493,0.629636433
"PSMD12",9.003025042,0.629725828
"TLE1",8.76232798,0.629970695
"TP53BP2",7.827930362,0.630342445
"CDK8",7.589658843,0.630342445
"COPS8",5.668460897,0.630830511
"TCOF1",5.877360099,0.631453581
"ITCH",4.525775138,0.632151658
"CYSTM1",11.5127049,0.632151658
"BLZF1",6.162851687,0.632151658
"DUSP7",7.9011959,0.632151658
"MTHFD1",9.422125473,0.632151658
"FBXO3",4.770421629,0.632151658
"HSPA4L",4.441491317,0.632151658
"PSMF1",5.249298825,0.632151658
"CIAO1",8.032436152,0.632151658
"MYOC",7.767312244,0.632151658
"FLNC",11.96758602,0.632151658
"CFL2",12.21511446,0.632151658
"DNAJB11",6.686385722,0.632151658
"RAD9A",4.796884209,0.632263411
"COL13A1",6.550378018,0.632536357
"RPL19",12.14622551,0.632536357
"CDKN1A",7.578585826,0.633030109
"MFN2",9.689849216,0.633089959
"NUP133",7.854762925,0.633738191
"CMTM6",7.831930194,0.633892575
"TDG",7.771797814,0.633892575
"COMMD8",8.031305227,0.633954404
"AP2M1",9.406788449,0.634037059
"CD44",4.375971234,0.634279061
"RSRC2",8.141434949,0.634310161
"NUP85",6.913359251,0.634335194
"IFIH1",4.502001566,0.635313345
"ZBTB14",6.332869118,0.635786586
"RLF",7.097332155,0.635786586
"THADA",3.872040299,0.635971075
"CRK",8.637483012,0.635992785
"REL",7.884202292,0.636860873
"SAP30BP",7.08230738,0.637197343
"TBC1D17",8.298775226,0.637243485
"NCK1",4.292556848,0.637333392
"ELF1",7.457257139,0.637527205
"CNOT6",6.763488394,0.638009319
"CLASRP",7.783106547,0.638196507
"PSEN1",6.124243991,0.638266817
"FKBP5",10.80059689,0.638266817
"SCRN1",5.544918904,0.638366992
"ARID1B",8.401571582,0.638366992
"TMCO1",6.953726014,0.638366992
"WBP11",5.809243614,0.638366992
"PABPC1",10.10509544,0.638366992
"VCL",10.53064368,0.638366992
"LAMTOR3",8.55231539,0.638409511
"CCSER2",7.587813454,0.63934687
"TRIM27",5.48491905,0.639682469
"KRIT1",5.123423339,0.63992455
"DYNC1H1",9.215757647,0.64012601
"CALU",7.266087609,0.640215329
"GEMIN2",7.156909206,0.640592673
"PLBD2",6.825760862,0.640888932
"RRM1",7.378656741,0.640907556
"CENPL",3.923005938,0.641027416
"HLCS",6.543969099,0.641463747
"KBTBD2",7.079433529,0.641601735
"MED17",6.973266632,0.641823844
"PRKAB1",5.370016972,0.641908115
"UBQLN4",7.929628567,0.642076909
"UVRAG",6.663879471,0.642945306
"TFCP2",7.512238003,0.642945306
"ZBTB8A",7.905357135,0.64327685
"BCL2",6.353695344,0.643499091
"HEATR3",6.965959567,0.643499091
"PIK3R3",7.20420678,0.643622629
"PDS5B",5.720114541,0.643770247
"RBM10",7.172298808,0.643996488
"WDR48",7.071757265,0.643996488
"SS18",4.742612672,0.644030863
"ID3",6.993239531,0.644235988
"SOD1",11.48380972,0.644235988
"AIMP1",8.927185743,0.644235988
"PTN",4.22889671,0.644306116
"C14orf1",7.036993562,0.644708454
"PIM1",6.336066614,0.644732195
"ZBTB5",7.271845924,0.644732195
"PSMD4",10.73240829,0.644732195
"TNRC6C",4.432038324,0.644732195
"MAD2L1BP",7.380940413,0.644732195
"PRPF6",7.715436722,0.64499391
"RPL11",12.45837337,0.645507483
"GBP2",7.884771482,0.645752787
"ALAS1",9.519302491,0.645765445
"CYFIP2",4.7490477,0.645982365
"TBXA2R",5.335370907,0.646314111
"HNRNPM",8.7462447,0.646314111
"RAB24",7.270783914,0.646458334
"PML",5.947419092,0.646458334
"ZNF576",6.997480229,0.646620336
"UFC1",9.842168189,0.646620336
"USPL1",7.272775812,0.647742194
"TRIM33",8.144289418,0.647742194
"NUP160",4.631656602,0.647742194
"UTP20",6.344944883,0.647742194
"TDRD7",6.020320395,0.647742194
"CFHR3",2.687084792,0.64780801
"HTRA2",6.510418785,0.648120785
"ALMS1",4.578490469,0.648140502
"CTSZ",6.066700306,0.648586157
"KMT2D",7.149901779,0.649248928
"ZNF197",5.642323207,0.649690218
"PHC3",4.206999704,0.649924887
"NBPF1",8.917643416,0.650089456
"KIAA0141",7.10508973,0.650089456
"PGM1",13.00104275,0.650089456
"TRPM7",5.581419217,0.650258536
"YEATS2",6.037771268,0.65040392
"NRG4",4.758127427,0.65126926
"PPP3R1",6.698968845,0.65126926
"CDK1",3.166411965,0.65126926
"DAP3",9.011707612,0.65126926
"RPS29",4.98850925,0.65126926
"SF3B3",7.869632886,0.651299158
"HERC1",3.742862161,0.651548316
"RAB5C",6.183486224,0.651628694
"TRAK1",4.783217514,0.652068344
"TDP2",8.911375473,0.652068344
"TUBB2A",8.690002141,0.652081057
"PDIA3",5.208304598,0.652325496
"ERH",10.18420123,0.652920122
"SYNE2",3.894297799,0.652924991
"RNF2",6.073696066,0.653367563
"TRIM23",5.489751082,0.653367563
"ZRANB2",8.401492022,0.653367563
"XRN2",6.362947188,0.653367563
"PPCDC",5.05654961,0.653367563
"CENPN",5.383248518,0.653367563
"TOM1L1",3.872842694,0.653367563
"ABCD3",4.577857567,0.653367563
"CELSR2",6.780627937,0.653367563
"SOCS7",7.994587465,0.653372269
"GIN1",7.646987057,0.653743024
"ALDOA",11.83097407,0.653743024
"ZNF12",7.236214742,0.653861519
"PDHB",9.841648152,0.653938788
"PEX19",6.529004027,0.653938788
"GLI3",7.539331158,0.653938788
"WDR11",6.789439818,0.654195031
"MED8",5.5396784,0.654546336
"ATXN1",9.615654582,0.654546336
"LPL",9.559547952,0.654546336
"EIF2S2",10.7818647,0.65468693
"TNFRSF14",6.552751608,0.65468693
"FAM161A",5.432073664,0.65468693
"CSAD",3.990121599,0.654886748
"DUSP10",7.137311471,0.65496588
"MINOS1",10.15661846,0.65567839
"PRR13",7.749977567,0.655901751
"LYAR",7.074456762,0.656289968
"GFPT1",6.662080631,0.656289968
"RSL1D1",7.701786878,0.656289968
"HOXB9",4.856998078,0.656289968
"RPL12",11.89307392,0.656569578
"XPO1",7.073302911,0.656722642
"DLG1",7.248937664,0.657018317
"ATP6V0D2",4.967300375,0.657050554
"EIF4EBP1",7.335875938,0.657108817
"PSMB3",10.06537061,0.657262289
"ZZZ3",6.532135476,0.657584052
"NCBP1",6.17374416,0.657594014
"TMX1",8.160247799,0.657933917
"YWHAB",10.47110165,0.658198208
"MED7",7.110918292,0.658290942
"PDIA6",7.838625042,0.659181012
"OXCT1",8.140196391,0.65925455
"ABL2",6.852003364,0.659493905
"PLK2",5.600356387,0.659493905
"PIAS3",6.202388584,0.659525872
"PAG1",4.21673323,0.659592153
"CRCP",6.188749135,0.659592153
"MGEA5",5.262032505,0.659687623
"CREB1",7.512329103,0.659728503
"PAAF1",6.959566901,0.659728503
"DNMBP",7.321603021,0.660042305
"STAU1",9.526287105,0.660042305
"NAPB",5.456403195,0.660042305
"CBFA2T3",5.59056055,0.660622585
"LRCH3",5.336237657,0.661091607
"ZNF24",6.137201295,0.661237199
"RPS17",12.9645266,0.661237199
"SEC24A",3.524065232,0.661262972
"TMED2",10.42861104,0.661659674
"SMAD3",8.168517001,0.661659674
"PGAM1",9.024606262,0.661659674
"PRDX1",10.92248003,0.661659674
"RNF14",8.277802208,0.662366908
"GHR",10.54263089,0.662890855
"KRT31",6.395277476,0.663084065
"PANK2",7.355072077,0.663084065
"CTGF",7.611435256,0.663084065
"CDC123",8.483786767,0.663126531
"NACA",11.59905656,0.663511946
"PDCL",6.440061197,0.663743095
"ID2",7.247580937,0.663743095
"ACTN2",11.96475908,0.663753558
"GOLGA2",7.720378273,0.664689862
"IRS1",9.410388343,0.664689862
"KTN1",12.15111099,0.664868368
"SKP2",6.550138796,0.665312185
"ETS2",7.884120802,0.665571133
"ADD1",7.845465897,0.665684006
"KHDRBS3",6.823229428,0.665684006
"GFPT2",5.541945763,0.665701791
"MAPK14",8.195916531,0.665901878
"SEC63",6.733355826,0.665901878
"APBB1",6.053996874,0.666237641
"SMARCC1",6.727831881,0.666319752
"FMR1",7.45262455,0.666445891
"CSNK2A2",8.000392012,0.666907551
"RANBP6",9.019368918,0.666907551
"PPFIA1",8.257409425,0.666907551
"ZBED1",9.152582924,0.666907551
"RPS7",12.09525362,0.667006189
"ATP6V0C",10.54405506,0.667006189
"HINT1",11.90798804,0.667006189
"INPPL1",7.578273727,0.667184032
"ZNF230",3.413290551,0.667184032
"HSF1",9.017039373,0.667487756
"MDM2",3.711221399,0.667497497
"MIB2",7.760797054,0.667505764
"NPTX1",4.311044143,0.667565552
"KLF3",4.000780841,0.667793866
"RAD23B",6.436778325,0.667793866
"SNAPC3",4.125051256,0.668779582
"CYHR1",6.963834781,0.669078835
"BTF3",12.22899427,0.669513265
"NOTCH3",8.246765576,0.669513265
"FRAT1",6.539039911,0.669513265
"NRAS",7.078984387,0.669513265
"PIBF1",6.313619951,0.669513265
"EIF1B",11.20392097,0.669513265
"LUC7L2",7.101896014,0.669513265
"TSPAN4",5.520897155,0.669614872
"CIR1",6.641422173,0.671039275
"MYO15A",4.420300976,0.671039275
"LRPPRC",7.332707651,0.671654107
"POLD3",6.557707364,0.672278157
"SGK223",8.254283402,0.672278157
"ERN1",5.330226138,0.672278157
"MATR3",5.763917118,0.672440772
"DAB1",3.736070626,0.672513175
"METTL9",10.08509716,0.673081276
"CCT7",10.01960133,0.673088029
"XIAP",3.90113762,0.673581986
"SLC27A4",6.180237857,0.673581986
"CCHCR1",7.470575565,0.67403138
"KIN",6.809554514,0.67403138
"ERCC8",5.703843383,0.67403138
"POLR3C",6.462250715,0.67403138
"PCNA",8.106061018,0.67403138
"BNIP3L",8.290226419,0.67403138
"POLA1",6.647662297,0.674756635
"TSG101",9.830337177,0.674756635
"YES1",6.905566678,0.674766292
"PIK3R1",6.566766603,0.674801977
"VMA21",7.929100045,0.674801977
"CTSK",6.857782872,0.674801977
"MAP4K5",5.837969026,0.675794984
"TPM1",13.70380288,0.676272062
"HIPK1",5.871249486,0.676603311
"SEC61B",3.462120934,0.676628426
"FKBP8",7.231288939,0.676628426
"SNTA1",9.468202204,0.677039484
"TUBB6",7.746562662,0.67709403
"PUF60",8.906236939,0.677364351
"MCM6",8.122714028,0.678177114
"OFD1",7.389145629,0.678181181
"LEMD3",8.145815587,0.678840196
"PHLDA1",4.760283772,0.679058397
"RNF123",9.628405014,0.679058397
"ATP6V1H",8.564321242,0.679058397
"PRDX2",8.20890499,0.679435952
"GRPEL1",8.322782235,0.679518941
"KLHDC3",9.270553065,0.679851652
"COPG1",6.56767794,0.680081306
"YY1",10.20909706,0.680081306
"SNAPC1",6.567256321,0.680659113
"KLHL13",6.044145343,0.680818789
"KLF4",7.156265193,0.680818789
"SSFA2",8.69011865,0.680974203
"MCM9",4.522607099,0.681125572
"UBC",12.76125903,0.681433125
"EZR",7.213445807,0.681433125
"STK4",6.369214191,0.68144169
"HCK",4.878496728,0.681516609
"DHX15",8.613327833,0.681527843
"SNRPB",8.844556059,0.681527843
"NOTCH1",6.284754331,0.681828952
"RCAN1",6.466596451,0.681862648
"TP63",5.012699788,0.68186321
"MGMT",7.404844037,0.681973782
"GDPD5",7.050950255,0.681973782
"RBBP6",7.745918378,0.68215956
"RFC2",6.193518364,0.682294954
"SIK3",6.57752143,0.682294954
"KCTD6",7.523631603,0.682304179
"CTNNB1",8.642163395,0.682307099
"RDX",6.466922257,0.68231213
"PRKAA1",5.06229459,0.682935587
"MFN1",7.392836046,0.682935587
"MAP3K5",6.099142847,0.682935587
"XRCC5",9.476317326,0.683603539
"MDH2",12.43554519,0.683618551
"CASK",7.003984672,0.683618551
"FHIT",5.49087011,0.683618551
"SPTBN1",6.925991128,0.684121515
"PPP2R5D",8.180740322,0.684218698
"STMN1",5.619739997,0.684226894
"SKIL",8.841834999,0.684226894
"SNIP1",6.564934102,0.684226894
"ZFAND2B",6.65193012,0.684226894
"POLR2C",8.443440768,0.684635907
"ASL",5.959321288,0.684635907
"KIAA0368",7.650506076,0.684910271
"RBPJ",4.512552424,0.684910271
"TGOLN2",7.750319416,0.685308184
"GNA11",9.014095914,0.685415049
"XRN1",3.209476475,0.685415049
"SKIV2L2",8.084269613,0.685415049
"GSTP1",8.755609303,0.685860493
"MAPK3",7.853469326,0.686268402
"MACF1",5.209853321,0.686268402
"RIPK1",6.204580265,0.686590131
"MME",7.633276359,0.68659093
"UBLCP1",6.904917659,0.687514024
"ADAM9",5.489305489,0.687514024
"DYNLRB1",10.03542071,0.68761527
"OGT",10.2679149,0.68761527
"ANXA1",8.812094041,0.68761527
"HMOX2",6.973464165,0.687690222
"DCTD",7.419722703,0.687719866
"IGBP1",9.510778934,0.687782469
"PSMB6",10.34907393,0.688078065
"LPP",4.79367676,0.68871884
"XRCC1",6.92764458,0.689077319
"GOLGA3",7.754282117,0.689263076
"VTI1A",5.435853966,0.689263076
"LRRC47",10.60976922,0.689499667
"ING1",5.878549805,0.68975266
"ACOT8",4.395948382,0.689937344
"GCH1",4.477728829,0.690004257
"DVL2",7.115008107,0.690392204
"NDUFB8",10.51197841,0.690407236
"NUP107",7.673055004,0.690474887
"LIMA1",6.729826947,0.690474887
"ALPL",3.737896023,0.690767168
"HNRNPA1",9.38267324,0.690947072
"APEH",5.193754958,0.691385966
"ANK2",5.580451303,0.692038766
"TSC22D1",10.96256924,0.692038766
"PPP1CB",10.5634671,0.692238888
"TLN1",5.939807112,0.692462753
"DMWD",7.347532968,0.693084472
"TRAF3IP1",7.632654008,0.693200237
"PDE4A",6.104726932,0.693200237
"COPS7A",8.618412262,0.69329223
"AGTRAP",6.471131483,0.693304595
"KDM6A",3.519040855,0.695047128
"APTX",6.55254544,0.695253338
"PGLS",6.589528548,0.696040928
"SFXN1",4.720963634,0.696125476
"ASB4",9.285589985,0.696368108
"APP",7.123659088,0.696368108
"SPARC",10.20932538,0.697326008
"RAC1",9.102882768,0.697367098
"RFXAP",5.363369399,0.697622773
"GPBP1L1",7.901799845,0.697920134
"NARS",10.62237988,0.697920134
"CYFIP1",8.50932611,0.697920134
"SFPQ",7.540000996,0.697923715
"THRA",5.600316936,0.697963265
"LAMP2",10.4967407,0.698155592
"VPS26A",9.831755651,0.698476109
"HELZ",8.236950613,0.698476109
"COL1A1",7.990333801,0.698476109
"FBL",9.116543089,0.698476109
"SLC39A13",6.115224208,0.698515976
"TAF4",7.539144259,0.698604501
"SLC38A2",12.01307242,0.698643412
"SPP1",3.424270382,0.698839998
"NEU1",6.714557754,0.699106478
"MAP2K6",5.846644349,0.699470266
"CLN5",5.291707027,0.699528994
"WRNIP1",8.114999536,0.700070893
"TRAF3",5.764544685,0.700122311
"ASCC2",7.466414625,0.700162362
"FANCE",6.679487563,0.700162362
"SNCA",5.088220291,0.700162362
"MTCL1",5.931962056,0.700374719
"MCL1",8.820866075,0.700436226
"EFHC1",4.43621586,0.700436226
"UBQLN1",8.297130757,0.700457761
"RPS16",12.2064405,0.700724245
"NECAP1",6.532360693,0.700743207
"MED23",6.113831141,0.700870904
"SF3B6",9.800580175,0.700870904
"DDX20",7.388240437,0.700961933
"AMD1",7.796102928,0.700961933
"CDK12",5.545047317,0.701128001
"MSH3",5.288992316,0.70162338
"YBX1",12.66900938,0.70162338
"SIVA1",8.130029151,0.702015128
"FAM96B",10.80775706,0.702065137
"BAG3",11.57326525,0.702065137
"ZFC3H1",7.287998226,0.703010534
"MRPL40",9.643284372,0.703102839
"LCOR",8.860445502,0.703153345
"TMEM8A",6.362995393,0.703186516
"RANBP2",8.285961403,0.703900423
"ZHX1",6.043477811,0.703994194
"YWHAE",10.15865837,0.703994194
"DOT1L",5.161419407,0.704339437
"DNTTIP2",9.457927745,0.704392755
"TMEM38B",8.837855802,0.704591173
"DIXDC1",5.552539419,0.704721586
"DDX58",6.950502651,0.704721586
"SH3GLB1",10.18050071,0.704726023
"CCND3",6.97972714,0.704726023
"EP300",7.29202494,0.704726023
"SP1",8.098865062,0.705155959
"ARFIP1",6.945621923,0.705721946
"SYNPO2",9.115558877,0.706134202
"RPS12",12.85567947,0.706134202
"PDLIM3",9.329531229,0.706155003
"ZNF91",4.067475114,0.706528409
"ABI1",7.084566109,0.706528409
"DNPEP",7.916082238,0.70801579
"HSP90B1",7.280516612,0.708047473
"MLPH",6.879794623,0.708097622
"GPN1",8.013323757,0.708247569
"TUBG1",7.980291299,0.708314428
"PIH1D2",3.256942634,0.708855743
"FDFT1",10.75937137,0.708908562
"FURIN",6.969988981,0.708908562
"COL5A1",5.495631686,0.709474606
"XPO5",6.70228468,0.709647448
"KAT2A",7.728860587,0.710139461
"SAP18",11.18079185,0.710139461
"TRIM3",5.974673803,0.710139461
"PCK1",4.839321428,0.710563643
"PPP6C",9.170224182,0.710563643
"TUBGCP2",7.645117668,0.710682762
"KDM1A",8.234999958,0.711172374
"KDM5C",7.519221858,0.711859437
"HECW2",6.005093943,0.712032921
"GMPS",5.168642181,0.712032921
"NDEL1",8.135724832,0.712032921
"ARFGEF2",7.453420169,0.71211813
"SMAD4",3.846027852,0.712371611
"NXN",11.01927703,0.712731708
"TCEB1",10.59090342,0.712954017
"BIRC2",9.769849203,0.713103754
"LAMTOR5",10.77624356,0.713844965
"BAG6",9.90644742,0.714039752
"TERF2IP",8.736333172,0.714059306
"SH3BGRL3",7.237816543,0.714701087
"PLOD2",5.573089557,0.71505213
"UTRN",5.601952542,0.71505213
"RGS3",8.01193051,0.715447835
"PDE4B",7.005493519,0.715533766
"MTA1",5.851440423,0.715533766
"SEC23B",5.331028239,0.715734582
"ANXA5",8.710405078,0.715863688
"ATXN1L",8.498262526,0.716156119
"UFM1",5.676805465,0.71675097
"ZNF550",5.9802202,0.716803885
"CREBBP",8.961754974,0.717156456
"MED9",6.61226365,0.717156456
"SEC23IP",6.75344909,0.717244665
"NFATC1",6.637168721,0.717244665
"CLCN6",6.157010874,0.718038695
"CCNL1",8.006318096,0.71871164
"PHKA2",5.515711062,0.718815927
"KMT2B",6.710697382,0.718877307
"MARK3",7.946272844,0.719048997
"PIR",4.70881202,0.719058804
"DDX3X",7.616962397,0.719058804
"EPM2AIP1",8.826369674,0.719209985
"PAK1",9.500622838,0.719267567
"AGTPBP1",6.518493708,0.719287028
"MAPT",6.420168487,0.719301684
"SSU72",8.46419385,0.719306301
"NUDT5",5.567789133,0.719991763
"RAB1B",9.006938364,0.720831298
"ALAD",7.573691889,0.720971864
"DDX1",10.84082677,0.720971864
"SORBS1",6.645365988,0.721151567
"R3HDM2",9.451720743,0.722082603
"ZNF17",3.951467499,0.722084887
"TNIP1",9.595871228,0.722227224
"RTCA",8.314736267,0.722560344
"DCTN1",8.417651902,0.722847077
"SETD2",7.357651967,0.722975489
"CLN6",5.604139409,0.72302069
"AP3M1",6.890381003,0.723265848
"NFYB",6.155573346,0.723265848
"CNOT1",8.855304834,0.723296148
"TCEA2",7.289110336,0.723707949
"NFKBIA",10.02130288,0.72383571
"ATXN7",4.6445592,0.724388483
"NPM1",6.664388201,0.724496891
"U2AF2",6.981636795,0.725108291
"NIF3L1",8.237009938,0.725405636
"PFKM",12.84172935,0.725405636
"RAB27A",5.857945765,0.725433704
"EGLN3",4.569375815,0.725436938
"IVNS1ABP",7.337377769,0.725505261
"CTBP1",8.945547153,0.726397583
"TAB2",8.971322879,0.726430069
"FEN1",6.795352268,0.726735863
"STRN3",6.343512444,0.726749429
"PPIB",8.650931031,0.726816942
"IKBKB",6.841186109,0.726816942
"ROCK1",6.538428312,0.726816942
"GINS3",3.05276162,0.727384303
"CD36",10.62791075,0.728192711
"ARF6",8.027136155,0.728464636
"VPS72",8.512490312,0.728651752
"PSPH",5.275928255,0.728651752
"HNRNPK",10.7402407,0.728651752
"RAC2",5.814799143,0.728658104
"HEY1",8.391764301,0.728887904
"ZNF264",6.276060894,0.728887904
"ZBTB49",5.940403606,0.728887904
"SNAI2",6.478783912,0.728887904
"SLC39A1",6.21516566,0.728887904
"TNKS",8.159488059,0.728887904
"YTHDF3",6.437801381,0.729100205
"THOC1",7.710673626,0.729277665
"ING5",6.164808755,0.729560946
"PELI3",6.883519833,0.729793278
"KIF1B",12.26246096,0.729793278
"RUNX1T1",8.032450625,0.730023896
"STX4",8.219372111,0.730144535
"TDO2",4.405010995,0.73043541
"ZRANB3",5.970026358,0.730807337
"UBE2D2",6.272063882,0.730857254
"SURF1",9.708415193,0.730857254
"NEDD4L",7.544198159,0.730983791
"TSC22D4",4.572821716,0.731260839
"SHARPIN",7.408689892,0.731337962
"ACTN4",7.865432082,0.731534842
"BAP1",6.056149002,0.731842598
"HTATSF1",6.283298703,0.732402486
"TBP",6.474290393,0.732476683
"PSMA2",8.718151012,0.732476683
"CLN3",5.767258079,0.732476683
"POLD2",8.217017082,0.732638484
"IPO8",7.860739595,0.73279157
"SH2B2",9.283583706,0.732803236
"UPF1",6.903434059,0.732803236
"OGDH",9.198067296,0.733589763
"PSMD2",10.08248324,0.733589763
"ZEB2",4.819099753,0.733589763
"ZNF510",5.554953633,0.733686144
"PPP2CB",10.55712935,0.733991105
"CDH11",5.55295592,0.73462972
"FANCF",4.216492813,0.735020548
"SEC23A",7.440571113,0.735559384
"CUL1",9.247311457,0.736120215
"TWF2",8.609985116,0.736120215
"SERPINA1",4.502552489,0.73625843
"LMF1",4.386677932,0.73625843
"RECK",3.454005097,0.736345673
"SLC35A3",6.275283257,0.736345673
"WDR34",5.653922636,0.736345673
"DES",12.60205125,0.736455047
"EIF5A",7.610153031,0.736501086
"STUB1",10.14839658,0.736501086
"LAMA4",6.175822309,0.736501086
"GTF2F1",5.751484037,0.736565023
"SLC25A6",9.152215392,0.736807514
"DCTN2",9.666707654,0.736985209
"RPS6KA2",7.814617624,0.736992862
"MAP3K11",6.789001523,0.736992862
"DDOST",8.213812967,0.736992862
"MAD2L2",7.739139426,0.736992862
"CACYBP",9.317144248,0.736992862
"H2AFY",6.437784362,0.736992862
"PSMB1",10.74539213,0.736992862
"MSN",8.731880046,0.7371823
"MAFF",5.891340981,0.737236172
"LZTFL1",3.128556567,0.737236172
"ZNF83",3.384380376,0.737331267
"GOT2",11.27765113,0.737870529
"EDEM1",6.589994297,0.73820971
"RBBP7",9.854153019,0.738472945
"SIAH1",8.75234314,0.738472945
"GRWD1",7.149314099,0.738472945
"CREG1",9.963952573,0.738507715
"CAPN3",12.4792382,0.738710508
"DHX8",6.59759519,0.738941929
"CTSH",7.827609315,0.739173319
"USP10",6.269868531,0.739479863
"GNB5",5.903203645,0.739479863
"DOCK7",6.575107301,0.739609342
"SH3RF1",6.986555243,0.739619256
"SLC35A2",4.757891638,0.739619256
"FANCC",5.773086532,0.739670868
"JMJD6",7.333551756,0.739746098
"CHRD",5.60771993,0.740025639
"RBM17",8.242967501,0.740558761
"FLI1",5.706245935,0.740832094
"CTNNAL1",8.421233786,0.740986251
"ZBTB18",5.17361577,0.741081082
"PAF1",7.479649697,0.741081082
"TOMM34",6.936031633,0.741081082
"FYN",6.056837603,0.741081082
"EWSR1",7.17490454,0.741081082
"UBE2B",4.76166553,0.741081082
"ADAM17",6.471468122,0.741081082
"SENP7",3.771824747,0.741081082
"VPS25",7.8856463,0.741081082
"NOL11",8.080503932,0.741226657
"HGH1",6.801622813,0.742057244
"RBBP8",4.765899838,0.742057244
"SF3A2",6.132841184,0.742094999
"CSTB",10.07036159,0.742103223
"VDAC3",12.65240604,0.742110643
"KBTBD7",7.198776859,0.742225414
"TSR1",5.862899622,0.742308486
"NCOA3",7.66651883,0.742403243
"SWAP70",6.471470315,0.742700297
"ANXA4",6.936060223,0.7428587
"RAD52",5.339757085,0.742865821
"ANKRD10",5.971041728,0.742995174
"MED4",8.240995609,0.743183719
"DNM2",7.14882604,0.743266844
"RRS1",8.294427056,0.743266844
"PLEC",8.505148806,0.743514557
"CNOT8",6.364979912,0.743514557
"CHAF1A",6.333921211,0.743851578
"CLIC4",8.18247404,0.744092486
"ZNF581",6.7145081,0.744411923
"RPL3",9.156213087,0.744567668
"KMT2E",7.94787261,0.744567668
"MITF",10.25559775,0.744567668
"XPA",7.943294229,0.744567668
"MAP1LC3A",7.841485518,0.74491387
"RNF219",6.399031328,0.745664649
"AES",10.30660879,0.746024802
"VASP",6.994425555,0.74688415
"GNAL",6.329939474,0.747145459
"ZCCHC8",8.387956734,0.747145459
"RNPS1",9.676326656,0.747198247
"ZPR1",7.121442619,0.747367416
"TTC1",9.352713195,0.747429616
"GOLGA7",9.387765685,0.747429616
"SF1",8.307494599,0.747429616
"SNAPC5",7.809220612,0.747736383
"MADD",7.328821289,0.747880969
"DUSP3",8.212816917,0.748117691
"SPG21",8.213871099,0.748251608
"SET",10.06582582,0.748878933
"SAR1A",6.862758594,0.748937914
"CEBPA",6.946357627,0.749385509
"GANAB",7.989334178,0.749433986
"STX17",5.472554188,0.749566891
"BIN1",11.12575056,0.749566891
"NUDC",8.839871557,0.749566891
"DARS",8.615993103,0.749703095
"RANBP1",8.647144134,0.749750131
"ZNF217",5.303106515,0.749750131
"CBLB",6.949211274,0.749849944
"DGKZ",8.012686613,0.750131857
"ARL6IP1",6.990766353,0.750261435
"MCM4",6.281569579,0.750288702
"YY1AP1",8.961990263,0.750367558
"DOCK9",6.384343619,0.750806372
"SRSF4",9.276625073,0.751089834
"HAUS7",6.213976944,0.751089834
"BBS2",7.738955971,0.751545349
"PLG",4.05445535,0.751976578
"EDRF1",7.476372621,0.752014985
"ST3GAL3",6.616243265,0.752060746
"FUNDC2",7.005182454,0.752061546
"MAP2",5.113858735,0.75241562
"ZBTB7A",4.733900484,0.752595578
"TCERG1",5.895941487,0.752636585
"MBD1",5.952622139,0.752636585
"TP53TG1",7.34179412,0.753041886
"TSPYL2",7.593264232,0.753056641
"NCAM1",5.750627964,0.753240488
"WRN",4.889939009,0.753301467
"IMMT",10.11423401,0.753301467
"NEDD4",9.940372337,0.75389279
"PPP2R1A",8.651592813,0.754055287
"ARPC2",10.35535904,0.754074561
"CLDN1",3.872115976,0.754193864
"CD151",7.761969887,0.75421042
"PSG1",3.622212503,0.754658167
"NSMCE1",8.336365746,0.754708676
"TWIST1",4.155784994,0.754842467
"GIPC1",7.361935084,0.755221256
"RNF41",7.53079077,0.755221256
"CHEK1",3.076955489,0.755221256
"DEDD2",7.945053943,0.755221256
"RBBP5",5.403022493,0.755221256
"MYBPC2",13.35668038,0.755221256
"ZNF844",6.757625579,0.755221256
"TMOD1",9.990213033,0.755221256
"TNIP2",7.464145128,0.755672607
"CDC37",9.496993807,0.755744805
"PRTFDC1",3.610076553,0.756248852
"BECN1",8.478701592,0.756697122
"DDX21",8.603462469,0.756704698
"ANXA7",9.911545306,0.757156523
"CSDE1",11.70183968,0.757499341
"SEPHS2",9.161169052,0.757623237
"SOS1",7.583601584,0.757623237
"USP25",5.342661392,0.75779643
"LATS1",3.266757507,0.757865983
"PPP2R2B",3.669732299,0.758238626
"EPN1",7.137727897,0.758395821
"PFDN5",11.12436344,0.758496862
"PHYH",12.18305996,0.759308774
"NAP1L4",8.508741381,0.759308774
"ZNF440",3.727056176,0.759308774
"KAT2B",9.761817448,0.759530623
"VIM",11.10472432,0.759980428
"SNTB2",5.864798711,0.760486287
"GATM",9.156938346,0.760486287
"LIMK2",5.650288188,0.760802718
"DHX29",8.614118026,0.760991233
"CDC42",8.81072831,0.761347417
"VDAC1",4.378753851,0.761867577
"IRAK2",6.568830907,0.762785016
"TNFRSF10B",6.433878971,0.762888645
"CPSF3L",7.998294213,0.762889466
"L3MBTL1",5.162764552,0.763012545
"SSBP3",6.469838957,0.763272707
"CDKN2C",7.279232856,0.763761591
"AP2B1",8.32983515,0.763876501
"FUT11",7.084658091,0.764000579
"SEL1L",8.743121279,0.764183772
"PPP2R2A",9.722632108,0.76427474
"ERCC5",7.532768537,0.76427474
"AMPH",5.71703082,0.76427474
"TNFRSF11A",2.964748266,0.76427474
"CBX4",6.978751416,0.764499069
"ZNF606",6.166525994,0.764685035
"CSTA",5.173298471,0.76478098
"UBE2D3",9.604764338,0.764867713
"MIA3",6.064603252,0.764867713
"DCAF7",6.173056775,0.76498335
"SLU7",8.454655744,0.76511722
"SEC13",9.522779621,0.765993337
"UBL5",9.590917927,0.76618108
"PPP1R9A",7.311516622,0.766361236
"HNRNPA0",10.00850872,0.766361236
"PAPOLG",6.442214636,0.76693367
"CXorf56",5.609335848,0.766963521
"CRKL",9.307127321,0.767898781
"GTF3C1",7.826889923,0.767898781
"EDC4",6.835600039,0.76834025
"DHRS1",6.214739449,0.768371273
"SMU1",4.726497141,0.768419743
"TLE3",5.194258263,0.768419743
"PCMT1",9.299317936,0.768501561
"KLHL23",6.537189204,0.768889918
"TIFA",5.647297583,0.768989949
"FBXL3",10.08810577,0.769188822
"PDE4D",6.096206646,0.769188822
"RAB14",8.828385344,0.769856264
"DPYSL3",5.334729872,0.770018132
"PA2G4",7.571814191,0.770957858
"TRAF5",4.96253725,0.770957858
"BTBD2",7.960909522,0.771463103
"MSH6",5.17869928,0.771755924
"IFIT2",5.35095551,0.772399745
"RCBTB2",7.559961832,0.77240269
"MYL6",10.85333167,0.772645026
"DPF2",7.538285386,0.772784153
"MED10",6.961480418,0.772784153
"MCRS1",7.827765839,0.773028588
"POLR2H",7.658483458,0.773165368
"FEZ1",5.933964329,0.773579304
"DDAH2",6.461961794,0.774259343
"SARS",5.414498724,0.774807694
"LRRK2",6.307985796,0.774807694
"UPF3B",6.77627809,0.774924666
"RXRG",7.641447726,0.775094825
"MBIP",5.589469915,0.775157755
"POLE",6.22832151,0.77550232
"COX6A2",12.42123989,0.775845518
"NR1H2",8.197025081,0.77667034
"FKBP3",11.78025581,0.776915406
"TRPC1",5.017424614,0.777160896
"BRCA1",5.185968641,0.777178723
"MIS18A",4.444244573,0.77731945
"PSMD13",7.239811867,0.777409179
"SAMM50",10.35231555,0.777513769
"ZNF10",6.163921966,0.777535234
"CTAGE5",6.068338549,0.777576872
"AKR7A2",8.599218566,0.778054534
"RPL23A",13.56681617,0.778054534
"ASB12",9.470487577,0.778107889
"NF2",3.939045911,0.778139928
"MYBPC1",13.89386604,0.778163023
"C9orf72",4.537546962,0.778593679
"RAB27B",2.853221897,0.778787867
"GTF2B",7.911038096,0.778940625
"SUPT16H",7.71375385,0.779774574
"KY",7.890856181,0.779854629
"TRIM24",7.596058744,0.780044103
"SIRT7",6.330658586,0.780873559
"TXLNG",5.895868099,0.781024823
"MRC2",8.639978614,0.781078291
"TP53RK",5.557551143,0.781242494
"ITGB5",7.125908592,0.781356041
"XRCC6",10.81398586,0.781373125
"HPS6",7.116011961,0.781373125
"PRKCQ",10.57875559,0.78218443
"RNF114",9.257236313,0.782445632
"SSRP1",7.614553301,0.783920962
"PPP6R3",8.804076037,0.784345561
"CUL3",10.59790337,0.784420152
"MEF2C",9.400851687,0.784537195
"SMARCE1",9.134060245,0.784558796
"CCNA2",3.308095467,0.784558796
"PRMT1",10.40626479,0.784558796
"GTF2A1",8.275833412,0.784558796
"FOXO4",6.626483723,0.784558796
"AP3S1",9.289409578,0.784558796
"SPRY1",8.300483412,0.784960243
"PCGF3",5.701680205,0.785155564
"TRAM1",6.956437926,0.785429789
"ENO3",13.81571115,0.785561829
"CDK13",10.05957982,0.785561829
"PSMC6",9.440171066,0.786990084
"AAAS",7.209669901,0.787239406
"KAT7",8.524939257,0.787397217
"PPP3CA",9.580852192,0.787633568
"PHAX",7.163314804,0.787853637
"NOTCH2NL",8.999538659,0.787981538
"LASP1",7.977831186,0.787981908
"HCLS1",4.702472138,0.787981908
"GIT1",7.138593099,0.78811819
"TRIP6",6.441795009,0.788126891
"USP39",7.998147585,0.788245811
"BRPF1",6.742344851,0.788341359
"UBE3A",9.351755387,0.78841965
"DPY30",8.937212735,0.78841965
"MED16",7.52493989,0.788600841
"GNA13",10.24237773,0.788600841
"FUBP3",6.103991867,0.788600841
"RPN1",7.662380556,0.788600841
"FHL1",14.02252867,0.788600841
"DSP",4.071310087,0.788600841
"SVIL",10.96297193,0.788600841
"FOXO3",9.606581938,0.788600841
"AUTS2",8.707458646,0.788978357
"STAT5B",8.413404317,0.789405374
"MYH10",5.23691267,0.791417175
"BNIP3",11.22036574,0.792073675
"PRKCA",6.329337709,0.792280581
"RAD21",9.877521654,0.792556348
"EXOSC5",7.640960938,0.792777103
"HES1",6.525620157,0.792852314
"EPS8",8.33196847,0.793134637
"AIFM1",8.271414864,0.793165593
"RFC1",7.1936598,0.793381564
"AKR1C1",10.83733355,0.793468701
"XIRP1",11.13657789,0.793629068
"MT1X",10.32498713,0.793629068
"DDR2",8.368641885,0.794323738
"FBXO6",7.596221374,0.795295065
"RPRD1B",7.860532685,0.795295065
"FLOT1",9.774987459,0.795338473
"SEPT9",9.308105928,0.795481964
"AKAP6",7.56969615,0.795495631
"FPR1",5.426983749,0.795851473
"MAP4K3",7.718153258,0.796353529
"VKORC1",7.496659026,0.796414102
"RFC5",4.718119072,0.797019422
"LRIF1",7.724526989,0.79702009
"ECHS1",10.82391003,0.797132684
"ZBTB16",10.73376737,0.797732896
"ACTR1A",8.692221284,0.797858687
"VDR",4.271815201,0.797975535
"FXYD6",7.506597762,0.798125085
"VCAM1",4.38394305,0.798133595
"SH2B3",6.984551446,0.798893181
"TNFRSF1B",6.12971011,0.799772164
"RELA",6.237372795,0.800099245
"TGFBR1",7.879804623,0.800331491
"SFMBT1",7.039520657,0.800390783
"NELFCD",8.716027152,0.801021005
"POLR2I",10.40419103,0.801021005
"CEP85",9.442147727,0.801021005
"TSHZ3",5.512599072,0.801067409
"SKP1",8.720368469,0.801226844
"ADRA2A",4.624496187,0.801306234
"ADNP",9.276993676,0.801581905
"RNF168",8.773186497,0.801810247
"BCL10",6.707729361,0.802097549
"PSMA3",10.21771265,0.802097549
"CSK",6.150456521,0.802097549
"RBM48",5.622161651,0.802101844
"CCDC9",5.976892613,0.802227262
"TGS1",6.338658669,0.802408753
"ZDHHC17",8.800730051,0.802471066
"UBE4B",7.049953765,0.802508508
"RPA1",7.557264779,0.802508508
"NCAPD2",5.599703065,0.802549947
"USP7",9.771501602,0.802549947
"PKP2",4.812101564,0.802885344
"BCL6",11.47466782,0.803169211
"RPL32",13.40289691,0.804006492
"TPD52L2",7.820282214,0.804210723
"POLK",6.479312791,0.804751926
"MLLT10",5.791660016,0.804948861
"MRPS23",8.814592492,0.805010181
"PAK4",7.343308153,0.805845789
"SP4",8.575641382,0.805859389
"SYK",3.978505027,0.805893364
"LAMB2",7.836554723,0.805893364
"RNF8",6.846785304,0.805966191
"CTSD",6.96753207,0.805966191
"RNF181",9.523269559,0.806581782
"BTG1",8.644531124,0.806881439
"SP3",9.028255869,0.807298798
"NCOA2",3.733805863,0.807440131
"ITSN2",8.620977553,0.80781527
"PTPRS",7.000135837,0.80781527
"ACTN3",11.97117007,0.808351032
"LDB2",7.224096053,0.809244197
"LAP3",9.160882047,0.809591033
"MGAT4B",8.114024233,0.809717075
"PDGFA",7.332712455,0.809746839
"HMGB1",12.08766815,0.81000476
"MYL6B",11.61807277,0.81000476
"ASH2L",8.571005127,0.810335948
"BCAS3",6.508166751,0.810355396
"TMOD2",4.56019219,0.810355396
"RASSF5",6.186291369,0.810371794
"PSMA7",11.00612403,0.810894424
"CD2AP",7.180907878,0.81134662
"BST2",6.837016998,0.811363166
"ARHGAP24",5.567351682,0.811552308
"FAN1",6.789019647,0.811775395
"SERPINB9",5.295796842,0.811963246
"VAMP8",6.418562414,0.812369208
"RND3",7.877905412,0.81322802
"EMD",7.835500539,0.813228217
"EGFR",8.867261849,0.813341462
"HMOX1",6.417490485,0.813341462
"MAPRE2",8.543500536,0.813341462
"BCAT1",4.403508343,0.813341462
"FAF2",6.844104126,0.81336405
"OTUD4",3.60760295,0.81336405
"AMFR",6.535342295,0.8134187
"YTHDF1",9.310476481,0.8141791
"SRRM2",10.42164701,0.8141791
"IKZF2",7.060448258,0.814298013
"IGSF8",5.966492562,0.814363715
"ARL15",6.705896522,0.814461853
"RAB11B",3.783084638,0.815805231
"MYSM1",6.873251417,0.815805231
"MED6",6.651633555,0.815805231
"XPC",7.421965105,0.815959386
"GIGYF2",8.010342213,0.815959386
"RBL1",3.902799466,0.816140946
"PRPF4B",8.617767469,0.816528555
"LZTR1",7.483111283,0.816714012
"DENND4A",5.848109752,0.816813107
"POLR1C",6.582053625,0.816845797
"GAS2L1",6.087837796,0.817153437
"UQCRC2",11.23721421,0.817883288
"LMO2",8.601059961,0.818377621
"TRAF1",3.134789638,0.819230233
"RRP1B",7.9437142,0.819555965
"KCNE3",5.685640539,0.819611344
"CPNE2",6.5390473,0.819611344
"MED20",7.125398641,0.819611344
"ARID4A",6.039517977,0.819611344
"CLU",7.96642104,0.8197454
"PREX1",5.419156925,0.819889868
"DNPH1",7.591847667,0.819942857
"RPAP1",7.249413105,0.819942857
"TRIM63",11.11692355,0.820349723
"LRRC40",8.059675463,0.820356394
"SMARCA1",7.085503908,0.820966499
"GPI",11.20271597,0.821213855
"SQSTM1",7.140116496,0.822040982
"UBE2D4",7.590000121,0.822332167
"USP3",5.76757864,0.823199895
"CDH2",3.377903147,0.823686018
"TPI1",12.57213976,0.823819829
"FRA10AC1",3.069660303,0.824225858
"RAB9A",7.838129949,0.824238933
"CTDP1",6.617237907,0.824238933
"LRRC59",3.10333898,0.824258084
"STX11",3.64476503,0.824334072
"NXT2",4.815039762,0.824493607
"BBS1",7.201840085,0.824580011
"CCNC",8.062296811,0.825085774
"MAT2B",9.975538566,0.825085774
"TMEM11",8.687271142,0.825227458
"MCM5",5.804263459,0.825227458
"BCKDK",8.331076221,0.825275462
"CYP27A1",7.676481898,0.825367584
"PEX14",7.564217716,0.825608261
"FANCD2",3.270541239,0.825862143
"RBM3",7.362427138,0.826008121
"SNX6",9.343464535,0.826077838
"HDAC3",7.778474182,0.826077838
"CLK4",8.761791772,0.826156486
"HNRNPA2B1",10.33700119,0.8261644
"ING4",6.975346757,0.82624798
"ITGB4",5.812437735,0.826443322
"RPS4X",13.02359619,0.826484426
"BBS10",6.426304798,0.827291488
"TAL2",6.643665544,0.82807274
"RARA",5.940269449,0.828383532
"BANF1",10.79449144,0.828408529
"GAPDH",14.02058314,0.828575099
"RPS15A",9.164307105,0.828646227
"HSPB7",11.90888136,0.828754565
"TICAM1",6.622751838,0.828925644
"SOCS6",4.56913503,0.830410944
"PLAA",5.902281821,0.830529681
"GPD2",4.96264599,0.831494855
"ZNF746",6.472813372,0.831788109
"RHOC",7.785259811,0.831790143
"ARGLU1",7.471458999,0.831790143
"EEF2",12.06357604,0.831794103
"IMPDH1",6.699341684,0.833009751
"ZFPM2",9.333966675,0.833009751
"TECPR1",7.563971769,0.833357829
"DDX42",6.887753925,0.834161488
"IGFBP5",11.39031451,0.834598988
"RING1",8.444648648,0.834928701
"RALGDS",8.031721586,0.835473384
"PARD6A",6.771618491,0.835837619
"APPL2",5.990907033,0.836144716
"VAMP2",7.25693615,0.836208963
"MLF2",9.063463533,0.836208963
"SAV1",7.376486811,0.836220848
"SEC16A",7.620425703,0.836240649
"CCDC130",7.092726298,0.8362559
"CCDC85B",7.741385757,0.83637135
"SF3A3",7.990258243,0.836533102
"DDIT3",7.661226677,0.836561847
"PCGF5",7.361319076,0.83657473
"NAA10",8.171426661,0.836631251
"RCOR1",7.610006124,0.836631251
"SERTAD1",7.188568311,0.836884671
"HNRNPH1",3.86575164,0.837016696
"NDRG1",7.972354615,0.837038336
"CUL4B",7.248167225,0.837316329
"PGK1",8.377992668,0.837990475
"PRRC2A",7.920489664,0.837997243
"PARD3",8.561061076,0.838296619
"ETS1",8.182385756,0.83829837
"RPS10",12.74324558,0.838375054
"MRPL23",8.827677486,0.838775521
"SDCBP",9.659147116,0.838804567
"SUGP1",6.839524878,0.83927596
"PGRMC1",6.393111366,0.83927596
"ATG4B",7.454779293,0.83927596
"PLSCR1",6.497992203,0.83927596
"RPL7",13.39365698,0.839446998
"PRPSAP1",7.98710226,0.839446998
"DLAT",9.777788003,0.839446998
"CCDC138",3.282831528,0.839530574
"POLR2L",10.38772461,0.840096062
"IGFBP3",5.623388754,0.840388582
"ARRB1",5.83674046,0.840494259
"CTNNA3",8.772176182,0.840494259
"COPS3",9.905224843,0.840494259
"LAMC1",9.085208153,0.840592786
"CABIN1",6.643976388,0.84072788
"SIRT1",7.530842374,0.841112559
"NINL",5.386016985,0.841327483
"SHMT2",6.640557232,0.841370689
"FBXW5",8.355059368,0.841370689
"CEP76",5.114056469,0.842033643
"ACAA2",7.682955229,0.842033643
"STXBP1",6.585689211,0.842401381
"F8",8.508882777,0.842401381
"ARNT2",6.254749427,0.842401381
"C1orf123",8.740408271,0.842594291
"ALOX5",4.661993048,0.843283173
"DNAJB1",7.540617018,0.843283173
"SASH1",8.227480722,0.843517311
"NFKB2",5.581242483,0.844650948
"TSPYL5",7.753788049,0.844660766
"CASP7",6.915911388,0.845747986
"KIAA0100",6.289775691,0.845747986
"ITSN1",8.61510116,0.845747986
"MRPL20",10.79682835,0.846327374
"NACAP1",11.31728663,0.846990954
"PEBP1",10.66106434,0.846990954
"HOXA3",6.603779226,0.847059131
"DSTN",9.126661849,0.847183388
"DAZAP2",9.42130366,0.847678711
"EIF3I",9.942083018,0.848022178
"TBC1D4",9.717428681,0.848398419
"HLA-B",9.137685119,0.848398419
"POLH",4.504428432,0.848400505
"CBX1",9.182774254,0.848991991
"NCOR1",7.105748286,0.84937239
"GNE",6.49927225,0.84960108
"CSF2RB",4.056118023,0.849769796
"TCEAL1",8.563516072,0.850193156
"CHGB",4.821892741,0.850958311
"ATF2",8.597290425,0.851598521
"TRAK2",7.962477317,0.851598521
"ADSL",11.13667519,0.851965391
"RAD23A",10.52041916,0.852224919
"NIPSNAP3A",6.642094166,0.852335818
"TAGLN",8.871484889,0.852506753
"TRIP10",9.649105872,0.852506753
"SLC25A17",6.227180094,0.853179811
"TBCA",10.38729009,0.854089759
"ESR2",3.591244768,0.854089759
"HDAC2",8.616597825,0.854540699
"ZNF564",6.47788164,0.854689757
"ANXA2",10.62160762,0.855425822
"EIF2AK2",7.67079171,0.855543612
"AHNAK",6.464441637,0.855858605
"SPOP",9.175873257,0.855903739
"GPX7",5.916141365,0.855956718
"S100A11",7.520674254,0.85608218
"SRXN1",7.834024716,0.856178842
"PRNP",6.976238894,0.856178842
"CNOT2",9.171558458,0.856243074
"FBXW2",7.228399894,0.856895668
"DHPS",8.660437164,0.856898557
"PLCG1",6.489208887,0.856898557
"RB1",8.501414573,0.856898557
"SNX3",10.39266751,0.857290737
"MUTYH",7.496977187,0.85734382
"SH3GLB2",5.901881537,0.857544932
"LAGE3",7.945155495,0.857593594
"COL8A1",5.129530706,0.858116243
"TWIST2",4.079625727,0.858435399
"RNF167",8.309136914,0.858622721
"APOM",6.695259186,0.858625472
"COPS6",9.574662802,0.85967859
"HSPBP1",7.417438834,0.859738563
"TRIM8",9.038209927,0.8604058
"KATNB1",6.74666252,0.861178933
"GNG5",11.40431306,0.861290348
"TMSB10",10.60513493,0.861324207
"SETDB1",7.055094225,0.861402139
"PPP1CA",8.628525503,0.861622835
"SGTA",7.889934406,0.861927068
"SUPT6H",3.053597565,0.862635038
"KLF8",4.401815175,0.862731517
"CD81",8.60864746,0.862885952
"CEP63",8.490184,0.864193157
"SPOCK1",7.053398543,0.864263012
"PCSK5",5.093370781,0.864614698
"HSPA9",9.396681152,0.864796945
"ATRAID",10.27280486,0.864839643
"UBR4",9.546909337,0.865414484
"OAT",10.3603008,0.865459229
"ARAF",4.646783149,0.865823803
"UTY",4.562698021,0.865828479
"CCAR2",6.286634961,0.865969496
"RNF19A",8.490284953,0.866138096
"ABCD1",7.039456151,0.86630314
"BCAR1",5.516478207,0.86630314
"CD24",3.955923046,0.866522826
"KAT8",8.89736494,0.866548898
"JUP",8.32409277,0.866567129
"MCM8",6.647765516,0.866655955
"KIAA0408",5.017132783,0.86755088
"GALNT12",4.238426936,0.867832779
"CASP8AP2",3.40840214,0.868073424
"CPSF4",8.330281697,0.86812762
"RBM7",5.698580062,0.869443515
"HDGF",9.965303066,0.869562029
"TLR3",3.722769622,0.870174281
"CYLC2",3.074141252,0.870206851
"RNASEL",5.436626783,0.871332544
"MLF1",10.41686534,0.871374448
"FHL2",9.910981807,0.87174677
"APEX1",9.580482195,0.872245651
"TOLLIP",6.535807928,0.872386501
"NREP",9.878256283,0.874023951
"RBM4",6.793699914,0.874149738
"ATP6V1B2",8.332558282,0.874328548
"VAMP4",8.152891757,0.874468677
"KCNA2",4.426021447,0.874898147
"TYK2",8.059916756,0.875032956
"COX5A",12.55312414,0.875341194
"PPP2R5A",8.858688816,0.875473284
"HDAC11",7.814743929,0.875473284
"IFITM2",9.048593669,0.87612852
"RBM45",6.268060453,0.87612852
"DPYSL2",9.081329884,0.87612852
"RPL18",12.07132228,0.876259106
"APLP2",8.184546003,0.87633742
"EPS15",9.798832156,0.876514482
"UBAC1",10.38356162,0.876517789
"HERPUD1",10.46246339,0.876700189
"PRKACA",8.7389258,0.876958059
"TRMT10C",9.156542166,0.877174532
"TET2",6.94336116,0.877970001
"CHD4",7.757627655,0.878893143
"CCDC6",8.296743489,0.878893143
"SRSF6",9.119106383,0.8792151
"RCAN2",9.603123627,0.879341446
"MARK4",7.525880004,0.879642729
"CHMP6",7.036925135,0.879990625
"PTP4A3",10.22409999,0.880038762
"ACAD9",7.620110044,0.880048596
"PNP",4.769247715,0.880052965
"LCP2",3.437423663,0.880052965
"RAF1",7.085359388,0.880052965
"ARID1A",8.814943467,0.880329196
"ELL2",5.569939889,0.881064798
"XBP1",6.533744316,0.881130736
"CKS1B",7.315976966,0.881130736
"NDFIP1",9.693190977,0.881202613
"RWDD1",5.811627609,0.881322127
"LRP1",6.170669363,0.881322127
"DMAP1",7.51152604,0.88147324
"PCF11",7.295501858,0.881865064
"CIC",7.333707718,0.882358416
"ING2",8.058873422,0.882797708
"JUNB",6.604243014,0.882953953
"NR4A1",8.153227548,0.883232265
"TRIM35",5.372348953,0.883599848
"DDX11",6.989671279,0.883707996
"CHST15",7.870814894,0.883907098
"PTCD3",9.333681109,0.884531512
"PRKCB",4.528760454,0.885394732
"TGFB1",5.386756832,0.885394732
"DYSF",10.02094023,0.886177114
"CPNE3",8.222860541,0.886691884
"STRADB",10.10112318,0.886691884
"MAP3K7CL",7.923951472,0.886796948
"ZNF764",5.019524518,0.886833802
"GNG7",5.444989403,0.887223685
"SUMO3",10.06622558,0.888495961
"KEAP1",9.200899143,0.888495961
"TRIM54",8.494107223,0.888837755
"MICA",5.271677074,0.888837755
"CRYGS",4.557912143,0.888837755
"PHB",8.864606371,0.889461843
"LDHA",13.18553316,0.889673977
"THUMPD1",7.499857581,0.890076317
"CPSF7",8.205518333,0.89022557
"RGS7BP",3.134405135,0.890607462
"TPM4",6.31037926,0.890661731
"PAM",10.02918688,0.890720077
"SAT2",8.951042116,0.890720077
"CS",11.9461364,0.89072626
"MAPK7",5.703002891,0.891667902
"ERBB2",7.534935523,0.891966464
"CENPQ",4.019419584,0.892052903
"CSRP2",6.202721259,0.892052903
"CPVL",6.886357712,0.892208115
"NPEPPS",9.334706715,0.89229828
"NOL3",7.531194324,0.893525112
"SKAP2",5.211032751,0.893987155
"HDAC8",5.925153191,0.894203408
"IL17RD",5.313590854,0.894530819
"MRFAP1L1",8.773372765,0.89546412
"FTSJ3",7.42103438,0.897349691
"DISP1",6.564164989,0.897460101
"TRDMT1",5.729865557,0.897615862
"EIF3F",7.173375725,0.897630425
"ACTA1",14.46970573,0.897630425
"GABARAPL1",7.511583653,0.898499025
"SND1",7.523683857,0.898668011
"TMEM30A",7.624595544,0.898799855
"IL16",5.179346584,0.899798049
"SNRPB2",8.888880707,0.899798049
"JUN",9.793165324,0.899799747
"TIMP2",9.155814931,0.900846795
"SETMAR",6.86648412,0.901483878
"POLD4",7.813832288,0.9017876
"NDUFB11",11.50891442,0.902247835
"NUCB1",7.357345434,0.902292798
"MFAP1",8.121640146,0.902302038
"ABCA5",8.892946849,0.902947593
"UPF2",8.294735773,0.903016088
"KLHL22",3.729915407,0.903016088
"GABPA",6.095768675,0.903056744
"RGS14",5.006624873,0.90331309
"AHCYL1",8.714645925,0.903570148
"PLS3",8.998434199,0.904049904
"ENSA",7.316476883,0.904273867
"H2AFX",6.808326064,0.904273867
"BEND7",7.498124093,0.904273867
"B4GALT3",7.117299058,0.904363732
"COX5B",12.68788008,0.904452818
"MCM2",6.746074342,0.904460533
"RPL24",12.87300754,0.904472048
"SYAP1",8.192266718,0.905216315
"LGR4",7.172619779,0.905216315
"CHTF8",8.195420427,0.905820582
"CSTF1",5.99006286,0.906249209
"BCAS2",9.411749279,0.907104921
"RASD1",7.12817006,0.907140956
"PCDH17",3.491353265,0.907255449
"NPLOC4",9.343632626,0.907758277
"SNW1",7.991245251,0.908588369
"FAM103A1",7.88565902,0.908758524
"DRG1",10.47817357,0.908927192
"DAXX",6.686122135,0.909463229
"TACO1",8.236965959,0.909553722
"CASP8",4.085531788,0.909553722
"RPS23",13.44345269,0.910839266
"TUBGCP3",7.945373801,0.910842248
"ICE1",8.797413573,0.910945603
"AIP",8.142586686,0.911425851
"TAGLN2",7.412144989,0.911425851
"PIGA",4.163907156,0.911671923
"GRK5",7.969482701,0.911671923
"ISG15",6.619674054,0.911671923
"ATPAF2",6.657485968,0.911907316
"IK",9.256108893,0.912191553
"CA2",8.720292201,0.912469212
"SCRIB",8.037970127,0.912631438
"RPL35",12.54311029,0.912954955
"DYNC1LI1",8.682636698,0.912994208
"ASXL2",5.750633526,0.912997274
"MYOD1",8.044784552,0.913117634
"PLEKHF2",6.395774229,0.91313637
"RASSF4",7.374928353,0.91313637
"NCOA6",7.550262771,0.913241738
"UNC13B",8.848002315,0.913392324
"RPS9",10.20265399,0.914116833
"C16orf45",8.710291277,0.914377341
"NUDCD2",7.877949831,0.914430129
"TIMP3",6.639403358,0.914842605
"CAV1",9.753661079,0.915441963
"EHMT2",5.807729824,0.915934639
"SMC6",7.423026377,0.916121505
"SDHA",11.14087842,0.916154317
"A2M",10.50708501,0.916574836
"PLA2G2A",7.506218827,0.916574836
"DVL3",8.453058225,0.917000742
"UBA52",12.26634948,0.917181673
"FKBP4",7.081846211,0.917247293
"CEP57L1",3.626233081,0.917421724
"CAPN1",6.990205871,0.918496949
"ABTB2",7.948476549,0.91946511
"CHAF1B",7.207339495,0.919528623
"TEAD3",6.46223812,0.919682125
"PARP1",8.417167968,0.920782358
"SEPT6",4.733974964,0.921153334
"FBLN1",6.258481213,0.921610591
"LYSMD1",6.72377023,0.921610591
"POLDIP2",9.451723704,0.921610591
"TCEAL4",9.342105484,0.922227172
"CLPP",8.916415746,0.923455679
"TTC9C",5.359977422,0.923542033
"GOT1",10.93372052,0.923897274
"PSMC5",9.883474943,0.924327873
"SAFB",7.424427089,0.924555927
"EFEMP2",7.396218986,0.924624899
"PIH1D1",8.703979379,0.924812785
"NCK2",9.095274687,0.925171419
"ID1",7.981367034,0.925197782
"PREP",4.891462635,0.925197782
"MYOT",13.6357044,0.92698755
"HDAC6",7.632992862,0.928245947
"BZRAP1",5.801531695,0.928652468
"CTSA",8.255681216,0.928877275
"DDB1",9.431931055,0.928905669
"ITGB3",5.187360861,0.92892485
"PIAS4",5.855998914,0.929539981
"EVL",7.064555039,0.930017599
"FABP5",9.27073194,0.930281795
"HK1",9.930185026,0.931222938
"GNAQ",7.266272084,0.931230771
"FLOT2",5.359323146,0.931500907
"KDM3A",8.019301905,0.931500907
"GNAI2",7.149250083,0.931565585
"CRADD",7.295702918,0.9317508
"NRIP1",9.847551405,0.9317508
"SEC24D",3.820035789,0.932208478
"RPIA",8.805756705,0.933390204
"GRN",7.907645355,0.933573158
"HOXB5",6.392483863,0.933573158
"RECQL5",2.89619453,0.933596317
"SERINC1",10.789626,0.933687803
"HADHA",9.604859026,0.934306426
"UBA2",5.40647613,0.934419778
"PRDM10",6.800930059,0.934728721
"TRIM5",3.319864271,0.935022462
"PRDX6",11.39440601,0.935066148
"THAP1",7.484700106,0.935184143
"VLDLR",8.54436966,0.935237106
"RGL1",6.979428774,0.935303395
"RASA1",7.375532035,0.935417284
"CPOX",6.853305151,0.935442285
"SMURF1",6.22069533,0.93548277
"MUS81",7.789457436,0.936591246
"ARAP1",6.858122927,0.9369803
"C11orf68",8.484582209,0.937008195
"SERPINI1",5.076545428,0.937078553
"RPL30",13.06289763,0.937337619
"OSBP",9.291167094,0.937574038
"BAZ1B",7.934542036,0.937574038
"DCTPP1",8.868003956,0.937893509
"TBC1D2",5.754400752,0.938212912
"TOB1",11.22688127,0.938212912
"CAPNS1",10.18693892,0.938245086
"ATG9A",8.864613366,0.938380189
"MAPKAPK2",6.68925753,0.93842994
"HNRNPUL2",9.023976408,0.93842994
"TGFB1I1",7.44088708,0.93842994
"SMYD3",7.193171056,0.938538243
"MLLT1",8.18208957,0.938960452
"PSMD3",7.943967787,0.939258135
"ABL1",7.37549541,0.939373177
"EIF3K",5.832986645,0.939811917
"MRPS7",9.335193086,0.940124747
"LPCAT4",6.610561522,0.940162646
"C20orf27",5.952767593,0.940168015
"HM13",6.760606431,0.940279579
"IRF2",7.324841303,0.940446572
"MT2A",10.15850184,0.940744861
"EFEMP1",5.716357775,0.94083683
"MED12",7.130045969,0.940860934
"SNRNP70",7.963205874,0.940933794
"THBS1",4.360289437,0.941031658
"BARD1",6.656322107,0.941235305
"PTPN12",8.008026881,0.941550445
"GABRB2",3.282939413,0.941956461
"ACOT7",5.19484289,0.942075666
"ERCC6",4.64226207,0.942197957
"C1orf109",5.977768734,0.942584525
"NOP2",7.305850709,0.94299551
"TP53",5.232909921,0.943091038
"UCHL1",7.156527132,0.943144813
"PTPRA",6.088286889,0.943810811
"BASP1",6.585218816,0.943870594
"APEX2",5.795748029,0.944189814
"NOTCH2",8.197352073,0.944384902
"MED15",7.27651262,0.944734386
"GINS2",6.289809828,0.94479845
"TNNT1",13.85178959,0.945341107
"ATAD3A",7.329924457,0.945552478
"MAPRE3",6.726188805,0.945612008
"MED14",8.373629108,0.945837706
"KIRREL",5.2066669,0.945850496
"PDCD10",8.77885871,0.946067128
"COPS5",10.85744463,0.946087847
"CYP2E1",5.321894895,0.946424516
"EPHB6",5.052359449,0.946466911
"CDC34",8.749629494,0.946491191
"MAPK6",10.25737248,0.946633207
"SNTB1",4.559833981,0.946633207
"SMARCD3",9.378769395,0.946650263
"PTMA",10.17233758,0.947310916
"ASB9",3.524843025,0.947310916
"NSF",6.233682495,0.947310916
"IL17RA",4.640887788,0.947650953
"AP1M1",7.776416988,0.947777288
"EIF5A2",3.513448851,0.947786847
"TGM2",6.829124787,0.947884558
"WIPF1",3.778319535,0.947884558
"DVL1",9.197430753,0.947938349
"MAML1",8.078299173,0.94831002
"KIAA1191",9.649411905,0.948528486
"NEU4",6.607068865,0.948806937
"YOD1",6.632252828,0.949014177
"EEF1A2",12.67721395,0.949419118
"FBXL18",6.366228467,0.949571797
"EIF3L",12.63074956,0.949684371
"HNRNPL",7.998176501,0.949893915
"SRP14",11.72934903,0.950219604
"RNF11",10.07774409,0.950427986
"RAD18",3.58963395,0.950767732
"TSC2",8.048493031,0.950948351
"RPL36A",5.14393947,0.951114475
"CDK2",5.612686531,0.951149517
"PNPLA2",7.338886539,0.95126986
"PAX7",6.290298566,0.951911782
"TMEM30B",4.761511482,0.952026278
"HABP4",7.132697402,0.952136696
"WASF2",8.127051729,0.952523482
"RGL2",8.009611488,0.952994682
"NDUFS2",10.82520517,0.953008371
"HIC1",6.371133849,0.953008371
"KCNIP2",6.15305573,0.95320886
"NCKIPSD",6.590898702,0.953581093
"NANOS1",8.610007346,0.953826854
"ZCCHC17",7.539287633,0.954190386
"IFRD2",8.904454548,0.954210097
"KLHL40",9.895235796,0.954547364
"ALDH1A1",7.95799003,0.954749093
"RERE",6.322797702,0.955077462
"PPP1R15A",7.248355947,0.955142362
"UHRF2",7.951980623,0.95541276
"NOTCH4",7.12069711,0.955833229
"CLIC1",7.730801719,0.956400355
"RARRES3",6.294964574,0.95644942
"PIPOX",4.542980957,0.956674231
"MEN1",6.227432803,0.956967999
"PPME1",7.933721683,0.957025671
"AUH",8.749668635,0.957206338
"DDX3Y",5.500142204,0.957206338
"HMGXB4",7.650354956,0.957861494
"TXN2",9.110656494,0.957861494
"HOXA5",7.386318169,0.957871362
"CSNK2B",10.1007217,0.958019853
"EPHX1",9.095649929,0.958040727
"ZFYVE19",6.269538732,0.9581403
"NUP54",3.568341656,0.9581403
"BAZ2B",7.567848595,0.958325646
"ALDH5A1",9.788509456,0.958545149
"PLAUR",5.170248105,0.958930226
"MEGF10",8.220303083,0.959209366
"GEMIN4",6.186074161,0.959228338
"NRG2",5.276107495,0.961343934
"MED22",5.87525733,0.961372645
"SNRNP25",9.924214127,0.963000013
"RASSF3",8.566140943,0.963000013
"GLRX5",11.0165204,0.963022623
"HEYL",6.140442158,0.963350178
"TNFRSF1A",8.056607477,0.963478619
"WARS",8.549391789,0.963562114
"UBL4A",8.204518118,0.963629849
"CSF1R",6.498259754,0.96409568
"SOGA1",5.31075463,0.96434644
"ACAT2",6.117128684,0.96435736
"TRIM6",3.663498328,0.964719666
"GMNN",7.202901539,0.964926199
"NAGK",8.030409113,0.964926984
"TSSC4",6.701556992,0.96529204
"NCOR2",9.914144827,0.965791386
"PPIF",9.154736126,0.966059086
"PFN2",11.43638543,0.966345143
"FCGR2A",4.691743775,0.966636559
"USP49",5.790593303,0.967598365
"ALDH9A1",10.58912944,0.968269513
"CEP192",5.338788442,0.968329278
"YWHAG",12.22937763,0.968503976
"HLA-A",10.52387399,0.968695711
"HDAC5",7.424747905,0.969836744
"RPS21",6.80227561,0.970075958
"CDC42BPB",5.894413329,0.970125937
"SNX11",7.377712278,0.970125937
"MRPL14",10.41652323,0.970364041
"RPL38",12.77806447,0.970842842
"SSNA1",7.32688622,0.971010641
"TGFBR2",8.460703553,0.971093416
"IRF7",6.915842156,0.971937276
"RAP1B",9.493497934,0.97195801
"RIMS1",5.379414944,0.972591739
"CHCHD2",11.9675387,0.972591739
"MAP3K14",6.069845841,0.972819029
"PFKL",6.645802018,0.972819029
"PTGES3",10.68994175,0.973283894
"RORB",2.931371841,0.974390583
"TSNAX",9.25321657,0.974505384
"SMAD7",7.205138972,0.975065042
"ZNF32",9.067461795,0.975252321
"RCC2",7.238240152,0.976327885
"TBC1D2B",6.540476098,0.976618898
"TOMM40",7.660955822,0.976674904
"PLSCR4",6.585065673,0.976674904
"RPS28",12.91493713,0.977081756
"TBK1",7.998617306,0.977265685
"STAT6",6.971342472,0.977321467
"CKB",7.706528932,0.977417026
"ZNF16",6.709617604,0.978077799
"SMAD6",6.214761164,0.978077799
"SMNDC1",9.309218189,0.978440252
"BTBD1",11.49539475,0.979024105
"FBLN5",7.463045827,0.979088115
"SRPK3",10.0495636,0.979289668
"MMP2",8.120084949,0.979671816
"SNRPA",8.052188452,0.980438447
"SEPT8",5.728971779,0.980438447
"ORMDL3",7.577096653,0.98076445
"RXRB",7.838693376,0.98076445
"HRAS",8.262840813,0.98076445
"S100A6",9.463424627,0.980770207
"ADAMTSL4",5.623276857,0.981051106
"CEBPZ",8.191802527,0.98127307
"PPP6R1",7.407403566,0.98127307
"PARD6G",5.314393093,0.981311245
"TOM1L2",7.992044978,0.981621075
"HEXA",6.086981066,0.981773553
"EEF1D",12.30614755,0.981849095
"RPS14",13.0915772,0.982247948
"ELL",6.291870096,0.982412777
"KCND2",2.929466607,0.982576573
"MSC",5.303664896,0.982632273
"PIN1",8.057056761,0.983032902
"COX17",4.194836247,0.98331991
"SFRP2",6.036258591,0.983442734
"ZNF544",5.967305022,0.983442734
"RPH3AL",6.010200403,0.983633402
"VAMP5",8.356393384,0.984215059
"PRPS2",4.367563858,0.984817282
"PLCB1",8.898610514,0.984817282
"DAPP1",4.910983961,0.985144001
"NUBP2",7.925649993,0.985161183
"HOOK2",8.141844278,0.985336347
"MEOX2",6.650829271,0.985609954
"CCNB1",3.905122464,0.985609954
"PHYHD1",7.100583026,0.985686406
"BPGM",8.019244008,0.985748924
"SEC24B",9.409316803,0.985754576
"HSPA1L",6.800694735,0.985828181
"RPS19",4.011905158,0.986392295
"FEM1C",8.461653487,0.986392295
"SIN3A",5.873424789,0.987526671
"SARAF",9.998625119,0.987550728
"CDAN1",5.79292334,0.987682237
"TMSB4X",11.23616372,0.987713803
"TRAF6",6.204328837,0.987760535
"PMPCB",9.191884377,0.987768907
"SDC2",8.239128172,0.987768907
"PCBP1",11.0760218,0.987768907
"ESR1",7.502183224,0.988931011
"MNAT1",8.177959637,0.989081181
"NDUFS3",10.75900707,0.989936227
"C19orf25",5.387431216,0.990176666
"PLAT",6.258178731,0.990967883
"HSPB1",12.92296642,0.991019539
"RASSF1",5.990955743,0.991096818
"MMRN1",2.980908435,0.992120353
"PPP1CC",11.83032516,0.992176011
"DAB2",5.522482406,0.992313976
"RAI2",6.235448116,0.992313976
"S100A4",9.881782364,0.992558636
"SFTPB",7.097431417,0.99272355
"SPRY2",8.376851211,0.992725176
"AKT1",7.553975043,0.993107503
"CLK1",9.104601226,0.99365522
"STAC3",9.931749314,0.993724057
"PRDX5",9.377770065,0.994004272
"BCL6B",6.179271318,0.994080953
"GCC1",6.236865882,0.994467729
"BYSL",7.22230579,0.994498233
"ZNF587",7.108647522,0.994582732
"RABAC1",8.388419869,0.994661439
"NUP62",7.915877207,0.994664539
"PKD2",6.36786256,0.995394773
"SUPT5H",7.828532101,0.995637793
"EPAS1",10.22227658,0.995949802
"PILRA",5.301798257,0.995973833
"HOXB6",4.629700776,0.996172971
"MAP3K1",6.993093747,0.997020347
"HTT",6.802546944,0.997242711
"MBD3",8.6006339,0.997250849
"AKR1B1",10.78131171,0.997695002
"SIAH2",7.097553046,0.997739362
"NTN4",6.463165827,0.998207249
"NKRF",6.949184943,0.998373831
"GABARAP",11.37019558,0.998426771
"DOK3",4.700280886,0.998582092
"CLP1",7.182276908,0.998626394
"NFKB1",7.551310651,0.998754982
"DNALI1",4.450680286,0.99878669
"FBP2",11.11435528,0.999191925
"GDI1",8.129412825,0.999283975
