"SrNo","V1","V2"
11,"D2CGD1","P05230"
56,"I4AY87","P04233"
269,"P18848","P49716"
271,"P17676","P18848"
392,"P18206","P68104"
493,"P49716","Q16520"
494,"P35638","P49716"
532,"P17676","Q10586"
602,"P17676","Q15744"
604,"P17676","Q9NR55"
605,"P17544","P17676"
700,"P05230","P11362"
714,"P17676","Q16520"
750,"P49716","Q9NR55"
903,"A0A024QZG3","P17676"
904,"A0A024QZG3","P49716"
907,"P49841","Q9H1J1"
1025,"P51693","P68104"
1447,"O95817","P81877"
1449,"O60784","P81877"
1508,"P25791","P81877"
1517,"P81877","Q9UPN9"
1538,"A0A024R5G1","P29972"
1648,"P62277","P68104"
1651,"P50539","P60411"
2745,"P35498","P49768"
2796,"P63146","Q15942"
2952,"P32121","Q12967"
3346,"P34947","P68104"
3543,"P0CG48","Q9NYA4"
3597,"P60604","Q96P09"
3629,"P0CG48","P14136"
4182,"P0CG48","Q9UHK6"
4219,"P0CG48","P17676"
4451,"P0CG48","Q7Z4F1"
4536,"P02768","P0C0L4"
4553,"O95639","P0CG48"
4633,"P60604","Q8WZ73"
4734,"P0CG48","Q9UDX5"
4779,"P29972","Q13077"
4982,"P36578","P68104"
5222,"P0CG48","Q8WUY3"
5443,"P0CG48","P15559"
5676,"P0CG48","Q01629"
5738,"P68104","Q8TDR0"
5989,"Q9BY43","Q9NZZ3"
6692,"Q15293","Q9H765"
7007,"P30408","Q08345"
7071,"Q9NP79","Q9NZZ3"
7150,"P0CG48","Q8TDM6"
7225,"Q92993","Q9BY76"
7414,"Q12967","Q92963"
7415,"P34810","Q12967"
7416,"Q12967","Q969H4"
7820,"P0CG48","Q9C0D9"
7856,"P0CG48","Q8N1I0"
8124,"P04233","P0CG48"
8176,"P63146","Q92889"
8301,"P17676","Q92830"
8458,"P0CG48","Q96LT7"
8482,"P0CG48","Q08345"
8626,"I4AY87","P04233"
8740,"P0CG48","P21397"
9538,"Q15022","Q15293"
9595,"P0CG48","Q99536"
9783,"P22087","P68104"
9801,"A0A024R3V4","Q15293"
10663,"P23258","P68104"
10740,"P51149","P68104"
11253,"H6UYS5","Q9NZZ3"
11396,"P05161","Q9NZZ3"
11437,"P50539","P60410"
11767,"O15205","Q13613"
11827,"Q13613","Q96CW5"
11854,"O60729","P04637"
11891,"O60729","Q13309"
11907,"O15379","P49716"
11998,"P61326","P68104"
12193,"A0A024R475","Q7Z5Y7"
12239,"P36873","Q7Z5Y7"
12477,"P11441","Q9P035"
12479,"Q7Z5Y7","Q96L34"
12480,"A0A024QZB8","Q9P035"
12497,"P62136","Q7Z5Y7"
12511,"A0A024RBC7","Q9P035"
12512,"P40855","Q9P035"
12514,"Q9NVI1","Q9P035"
12518,"A0A024RAA0","P60604"
12524,"P35226","Q9P035"
12530,"Q96FV3","Q9P035"
12532,"Q9BUV8","Q9P035"
12560,"A0A024QZF2","Q12967"
12594,"P60520","Q9P035"
12982,"Q13613","Q96GD4"
13057,"Q15293","Q8TAP6"
13246,"P12004","P63146"
13651,"O95639","Q14676"
13838,"A0A024R4A0","Q15293"
14049,"P31948","Q00526"
14065,"P10114","Q12967"
14189,"Q9BZI7","Q9H1J1"
14215,"P62847","Q8WUY3"
14388,"P07437","P68104"
15238,"P06681","P0C0L4"
15278,"P60604","Q9UKV5"
15495,"P52746","Q9NZZ3"
15975,"P60604","Q96B21"
16073,"A0A024RB89","P68104"
16305,"P20648","Q14108"
16589,"P68104","P83731"
16683,"P68104","Q96RK4"
16790,"A0A024R6Z0","Q8WUY3"
16930,"P63208","Q00526"
17089,"Q53T99","Q99536"
17179,"O95817","P15559"
17189,"A0A024R3Z2","P15559"
17194,"P15559","Q15843"
17207,"P01100","P15559"
17788,"P14136","Q96GD4"
18414,"P04406","P68104"
18440,"O95990","Q8ND90"
18621,"A4D1U3","P68104"
18991,"P07900","Q08345"
19247,"P63146","P63208"
19310,"Q13613","Q9BV73"
19405,"B2R4W8","P68104"
19521,"A0A024R4Q8","Q8WUY3"
19711,"P34931","Q9P035"
19724,"A0A024QZW3","P68104"
19919,"Q12967","Q13671"
20093,"P29972","Q15654"
20341,"A2A3R6","P68104"
20565,"P50539","P60369"
20806,"P68104","Q12931"
21026,"Q8WUY3","Q9UBQ5"
21419,"O95295","Q08345"
21439,"P68104","Q5VVJ2"
21475,"Q15293","Q99496"
22688,"P29972","Q9UKS7"
23095,"P29972","Q7Z3S9"
23383,"P50539","Q12834"
23498,"Q12967","Q15118"
23986,"P29972","Q6A162"
24011,"O95990","Q6A162"
24064,"P25788","P68104"
24157,"P68104","Q9UQ35"
24206,"A0A087X0F7","P14136"
24209,"P14136","Q8WUM4"
24214,"A0A024RDS3","P63146"
24224,"P15313","Q9NZZ3"
24246,"P05067","P14136"
24253,"P05067","Q8NB37"
24255,"A0M8W4","P63146"
24257,"O94888","P63146"
24259,"A0A024R0A8","P63146"
24260,"P63146","Q9BYN0"
24262,"P63146","Q16864"
24265,"P50225","P63146"
24266,"O95486","P63146"
24267,"P63146","Q53FN0"
24269,"O14810","P63146"
24271,"P63146","Q14166"
24273,"A0A024R5K8","P63146"
24274,"P22234","P63146"
24338,"P63146","Q9H8W5"
24341,"A0A024R1A3","P63146"
24342,"P05129","P14136"
24349,"P13646","P14136"
24356,"P45973","P63146"
24398,"P14136","P49768"
24414,"P14136","Q9GZQ5"
24419,"P46527","P63146"
24450,"P14136","P42224"
24483,"P63146","Q16777"
24487,"P63146","Q5VTR2"
24494,"P14136","Q9NR12"
24498,"P14136","P49715"
24503,"P14136","Q96HA1"
24601,"B0ZBD0","P68104"
25190,"E9KL36","Q08345"
26093,"Q8TCY9","Q9NZZ3"
26493,"Q86VP6","Q9P035"
26777,"P05067","Q6NSI8"
26802,"Q8IWE0","Q9NZZ3"
26818,"B7Z5Y8","P60604"
26837,"P60604","Q9NTX7"
27056,"A0A024R705","Q9NZZ3"
27244,"P60604","Q9BY78"
27679,"P05067","Q9H1J1"
27771,"P29972","Q9UJV3"
27778,"O95990","Q9UJV3"
27818,"P09012","P68104"
27934,"O95639","Q9H8V3"
27935,"O95639","P49760"
27937,"O95639","P06748"
28039,"P29972","Q9UFD9"
28115,"P32121","P68104"
28116,"O43396","P68104"
28118,"B2RBV7","P68104"
28119,"P68104","Q93034"
28120,"P68104","Q13617"
28121,"A0A024RB77","P68104"
28123,"P07900","P68104"
28124,"P04278","P68104"
28128,"A0A024R9D3","P68104"
28129,"P32969","P68104"
28130,"P62899","P68104"
28131,"P62847","P68104"
28132,"A0A024R3W7","P68104"
28133,"P68104","Q15029"
28134,"P68104","Q9UHX1"
28135,"A0A024RDF6","P68104"
28136,"P68104","Q15366"
28137,"P68104","Q9BWF3"
28138,"A0A024R8L0","P68104"
28139,"P28070","P68104"
28140,"P68104","Q9Y5B9"
28141,"P13929","P68104"
28142,"O15205","P68104"
28143,"P19320","P68104"
28144,"P11441","P68104"
28145,"P68104","Q546Y9"
28146,"B4DQB3","P68104"
28149,"P68104","Q01813"
28150,"A4D105","P68104"
28151,"A0A024RAG0","P68104"
28152,"P04637","P68104"
28153,"P68104","Q9BSJ2"
28154,"P05161","P68104"
28159,"O60333","P68104"
28160,"P68104","Q6PD56"
28161,"P56282","P68104"
28162,"O60828","P68104"
28163,"P25445","P68104"
28171,"F5GXF0","P68104"
28172,"P68104","Q86Y97"
28173,"Q12967","Q13158"
28175,"B4E1P5","P68104"
28176,"P08473","P68104"
28177,"P68104","Q15843"
28184,"P42575","P68104"
28185,"H6UYS5","P68104"
28186,"A0A024RBT2","P68104"
28187,"A0A024RAV5","P68104"
28188,"O14713","P68104"
28189,"A5JUZ3","P68104"
28733,"P62314","P68104"
28810,"P29353","Q08345"
28864,"A0A024R778","O60443"
28877,"A0A024RB77","Q01629"
29130,"B2R491","P68104"
29250,"P50539","Q9UQE7"
29584,"A0MNP2","Q08345"
30109,"O95229","Q15293"
30293,"P11441","P60604"
30687,"A0A024R2P0","P68104"
30770,"A0A024R2P0","Q8WUY3"
30947,"A0A0A6YY93","P17676"
31149,"F5H3S6","Q15293"
31197,"P49915","Q15293"
31386,"A0A090N7U0","Q00526"
31387,"A0A024R7W9","Q00526"
31389,"Q00526","Q7L5N1"
31394,"Q8TBB1","Q9UQB3"
31420,"P07900","Q00526"
31425,"A0A024RDV3","Q00526"
31432,"Q00526","Q13309"
31436,"A0A024RB77","Q00526"
31493,"A0A024RDY4","Q00526"
31506,"A8K379","Q8WUY3"
31561,"Q86T24","Q9UQB3"
31587,"Q00526","Q15078"
31834,"P68104","Q9UKV5"
31849,"Q6NSI8","Q96SB4"
32010,"P62241","P68104"
32040,"O60566","P50539"
32064,"A0A024RAV5","Q12967"
32170,"P04637","P15559"
32208,"P07942","P15559"
32209,"P15559","Q9BY77"
32211,"P15559","Q9BYJ9"
32235,"A0A024R3T8","P15559"
32237,"P15559","Q16236"
32300,"P15559","Q9UK53"
32311,"P15559","Q9UNE7"
32884,"P49716","P56524"
33069,"P55854","P68104"
33736,"P49407","Q12967"
33850,"A0A024R7W9","P68104"
34056,"Q96CS3","Q9P035"
34082,"A0A024R475","Q9P035"
34119,"A0A024R730","Q9P035"
34142,"P16615","Q9P035"
34144,"O95793","Q9P035"
34159,"A0A024RCN6","P68104"
34733,"O95639","P50222"
34831,"O43255","P49716"
34982,"P68104","Q16637"
35072,"A0A024RE06","P68104"
35157,"P29972","Q14525"
35283,"A0A024R6D3","P50539"
35285,"P29972","Q7L273"
35855,"O95989","Q08345"
35859,"P60604","Q8WWF5"
36115,"A0A024R939","Q08345"
36366,"Q9H422","Q9NYA4"
36520,"A0A0A6YYL6","P68104"
36549,"O95990","Q96ED9"
36775,"P60896","P68104"
36812,"P09104","Q15293"
36842,"P67809","P68104"
36858,"P60604","P60896"
37716,"P01100","P29972"
37763,"P61326","Q8N1I0"
38150,"A0A024RDB0","P60604"
38574,"Q86V38","Q9UQB3"
39201,"A0A024R611","P60604"
39433,"O15021","Q15797"
39490,"A0A024R9C1","P68104"
39551,"P17676","Q13547"
39591,"P49716","Q13547"
40286,"P29972","Q9NQ79"
40322,"Q15293","Q96DB2"
40339,"P61224","Q12967"
41020,"E9KL44","P04233"
41178,"A8K517","P68104"
41435,"Q9P035","Q9P2P5"
41525,"P49716","P63279"
41817,"P61978","P68104"
41841,"P14136","Q9UGJ1"
42171,"Q15293","Q15843"
42369,"P68104","Q9H0W5"
42557,"A0A024R625","P68104"
43266,"O14654","Q15293"
43554,"P35226","Q15293"
44296,"P60604","Q96PX1"
44336,"P05067","Q8WU10"
44339,"O60231","Q8WU10"
44369,"Q8WU10","Q9Y333"
44432,"P29972","Q9BYQ4"
44489,"P28069","P49716"
44779,"P49716","Q01094"
45193,"P22681","P68104"
45403,"O43181","P60604"
45633,"P46934","Q9NYA4"
45677,"P29972","Q8IYA8"
46003,"P46778","P68104"
46004,"P15880","P68104"
46414,"A0A024RCB7","P68104"
46450,"O95817","P60604"
46459,"P49716","Q04206"
46594,"P68104","Q9Y230"
46741,"Q01844","Q9C0D9"
46779,"P68104","P98179"
46925,"Q8WUY3","Q9BY44"
46957,"P49716","Q9BXW9"
48184,"O95453","Q9H1J1"
48452,"Q15293","Q96C19"
48628,"P00533","Q8N1I0"
48671,"A0A024R475","Q8TDM6"
48684,"O00193","Q15293"
48819,"A0A024R2Q3","Q8TDM6"
48842,"O60443","P00533"
48929,"P00533","P60604"
48980,"P40937","P68104"
49114,"P68104","Q59H34"
49366,"P68104","Q9H3D4"
49375,"P68104","Q16539"
49394,"O43464","P68104"
49588,"O95639","Q9H0W5"
50043,"P60604","Q9Y4E8"
50058,"P07919","P68104"
50076,"P60604","Q9Y679"
50136,"P29972","Q8IUQ4"
50215,"O15357","P68104"
50347,"Q15293","Q8NBP7"
50539,"Q8IU60","Q9H1J1"
50541,"P68104","Q99708"
50572,"P00533","P68104"
50602,"P06748","P68104"
50603,"P68104","Q16891"
50658,"P57727","P68104"
50701,"D3DU92","Q9H1J1"
50750,"K7N7S0","P68104"
50759,"P35080","P68104"
51027,"H6UYS5","Q12967"
51040,"Q8IYB3","Q9H1J1"
51226,"P20073","P68104"
51229,"A0A024R3Z2","P68104"
51428,"Q8N1I0","Q9Y4L5"
51566,"A0A024RE15","Q9UQB3"
51850,"P29972","Q9C0F1"
52319,"P29972","Q15834"
52406,"Q96Q15","Q9H1J1"
52463,"P42858","Q9H1J1"
53340,"Q15293","Q9BYN0"
53802,"P16104","P68104"
53982,"P49810","Q6PIL6"
54249,"P60604","Q9H1D9"
54277,"A0A024QZ47","Q9C0D9"
54303,"A0A024RCQ4","P60604"
54322,"P68104","Q8IYB3"
54387,"O95639","Q7L523"
54483,"P10451","P68104"
54507,"P68363","Q15293"
54534,"P68104","Q53HF2"
54600,"A0A024R475","P68104"
54790,"P68104","Q96SL4"
54840,"P60604","Q8N4G2"
54887,"O95793","P68104"
54944,"L7RT18","P68104"
54971,"P68104","Q96CW1"
55119,"P62913","P68104"
55120,"P62424","P68104"
55121,"P61956","P68104"
55155,"A2RUM7","P68104"
55175,"O60264","P17676"
55180,"P17676","Q14790"
55229,"P21754","Q8N349"
55245,"P17676","P49336"
55246,"P62906","P68104"
55250,"P17676","Q3SB16"
55259,"P17676","P61956"
55269,"A0A024R2Q4","P68104"
55270,"P35228","Q15293"
55293,"P35228","Q9P035"
55298,"P17676","Q01196"
55309,"P17676","Q04206"
55311,"A0A024R3Z2","P17676"
55313,"P17676","P35398"
55315,"O75376","P17676"
55319,"P17676","Q02447"
55320,"P17676","P18847"
55321,"A0A024R774","P17676"
55324,"P17676","Q9UKV0"
55656,"P68104","Q9H8Y8"
55657,"P68104","Q9BUJ2"
55722,"P62750","P68104"
55723,"P62263","P68104"
55729,"P61247","P68104"
56036,"P38159","P68104"
56078,"O00567","P68104"
56080,"A3RJH1","P68104"
56081,"P68104","Q13344"
56136,"P68104","Q02543"
56412,"P68104","Q9Y2W1"
56440,"P60842","P68104"
56494,"O60934","P63146"
56556,"A0A024RB14","Q8WUY3"
56621,"O43175","P68104"
56644,"P14866","P68104"
56649,"O43290","P68104"
57193,"P17676","Q9H836"
57284,"P68104","Q96GG9"
57489,"P17676","P28482"
57497,"P10242","P17676"
57535,"P17676","Q92831"
57611,"P30050","P68104"
57904,"O95071","P63146"
58209,"A0A024R3X4","Q14108"
59212,"O95990","Q9BRK4"
59603,"O94887","P60604"
60104,"C9JE98","P17676"
61006,"A0A024RAV8","P17676"
61030,"A0A024R1A4","P63146"
61207,"P01112","Q12967"
61335,"F4ZW62","P68104"
61344,"F4ZW62","Q15293"
61367,"F4ZW62","Q8WU10"
61488,"O95990","Q6NUQ1"
61518,"P61960","Q15293"
61808,"P68104","Q13573"
61875,"Q8TDM6","Q9UL15"
61884,"A0A024R2B3","Q8N5K1"
61954,"Q15293","Q96FF1"
62393,"P0DME0","Q99536"
63099,"A0A024RCY2","P29972"
63501,"A0A024RA42","Q9P035"
63812,"P02511","P14136"
64379,"P29972","Q8N5Z5"
64460,"Q9BRQ6","Q9P035"
64713,"P68104","Q9NRD1"
64930,"Q15293","Q15436"
65227,"Q9H1J1","Q9NPD3"
65707,"P62280","P68104"
65728,"Q15293","Q9NR20"
65902,"P27348","P68104"
66051,"P68104","Q96L21"
66277,"P16220","P17676"
66463,"A0A087WW39","P60604"
66501,"P08047","P17676"
66518,"A8K7B7","P68104"
66581,"P17676","P37231"
66583,"P17676","Q9H3D4"
66587,"P17676","P29466"
66588,"B1ALF6","P17676"
66916,"P68104","Q9BYG3"
66932,"P68104","Q6P1L8"
67260,"P13639","P68104"
67342,"P29972","Q9UGC6"
67956,"P13612","P15559"
68349,"A0A090N7U0","P68104"
68428,"Q15293","Q96GA3"
68480,"P68104","Q9BXB1"
68537,"Q9BXB1","Q9P035"
68597,"P27694","P68104"
69099,"P68104","Q9NS56"
69100,"Q9H1J1","Q9NS56"
69816,"A0A024R475","Q15293"
70502,"Q14108","Q15233"
70678,"Q14204","Q8WUY3"
70861,"P04818","P63146"
70982,"Q12967","Q14790"
71104,"A0A024R3Z2","P49716"
71134,"A0A024R274","P49716"
71140,"A0A024R8W0","Q8N1I0"
71216,"P49716","P61956"
71229,"A0A024R8W0","P68104"
71244,"P50225","Q15293"
71275,"Q15293","Q8NE63"
71356,"P13612","P68104"
71781,"P60604","Q8WU17"
71807,"P06748","Q8N1I0"
71814,"P62993","Q8N1I0"
71879,"P14866","Q8N1I0"
71909,"P31946","Q8N1I0"
72017,"Q13868","Q9H1J1"
72420,"O95990","P63151"
72539,"P0CG48","Q9H446"
72644,"P09668","P0CG48"
73246,"P29972","Q15323"
73247,"P15884","P29972"
73248,"O76081","P29972"
73249,"O43597","P29972"
73250,"P29972","Q9UKT9"
73251,"P29972","Q8N8K9"
73336,"A0A024R8N4","P63146"
73678,"P36551","P60604"
73771,"P26641","P68104"
73813,"A8KAH9","Q12967"
74200,"P30533","Q12967"
74237,"P63146","Q6ZT12"
74460,"P20671","P68104"
74746,"Q9NZZ3","Q9UBT2"
74829,"P0CG48","Q6ZU35"
74983,"O60729","Q9UM11"
75105,"P0CG48","P81877"
75207,"P68104","Q9BV73"
75212,"P0CG48","Q8NB37"
75269,"P0CG48","Q14108"
76091,"P35498","Q13424"
76109,"P05067","Q6PIL6"
76615,"J3KN16","P60604"
76720,"P81877","Q00534"
76778,"P0CG48","Q8N5K1"
76791,"Q12967","Q9Y4G8"
76870,"P81877","Q92630"
76900,"P81877","Q01844"
76963,"Q96LT7","Q96T76"
76969,"Q96LT7","Q96SB4"
76976,"Q13630","Q15293"
76991,"O43186","Q96LT7"
76995,"Q04864","Q96LT7"
77002,"Q13287","Q96LT7"
77575,"P10451","Q8N5K1"
77618,"P05067","Q8N5K1"
77661,"F1D8S4","Q00526"
77856,"A0A024R6B5","P68104"
78204,"P0CG48","Q13613"
78251,"A0A024QZD1","P68104"
79196,"P0CG48","Q8WU10"
79629,"A0A024R9P0","Q15293"
79816,"P35498","Q15843"
79931,"Q01844","Q8WUY3"
80001,"Q15293","Q15942"
80124,"P68104","Q8N163"
80213,"O14788","P68104"
80624,"A0A024R2N7","P29972"
81078,"Q14108","Q92804"
81773,"P34947","Q8N1I0"
81853,"P68104","Q15019"
82979,"P0CG48","P63146"
83102,"P68104","Q8N961"
84052,"Q99536","Q9BQ24"
84300,"Q01813","Q99536"
84311,"O60664","Q99536"
84387,"O75182","P50539"
84447,"Q6ZVD8","Q99536"
84516,"A0A024R179","Q99536"
84549,"O60443","P0CG48"
84586,"Q99536","Q99584"
84795,"P0CG48","P49716"
84972,"A0A024R1A3","P60604"
86131,"P0CG48","Q15293"
86264,"P62070","Q12967"
86668,"P0CG48","P68104"
86964,"Q15293","Q9BY43"
87162,"P0CG48","Q7Z5Y7"
87410,"P0CG48","P60604"
87517,"A0A024R730","Q15293"
87655,"P29972","P36406"
87898,"P0CG48","Q9UQB3"
88076,"O60260","P68104"
88116,"O60260","P60604"
88160,"P0CG48","Q9NZZ3"
88267,"P0CG48","P50539"
88704,"P29972","Q9BQ66"
88913,"P0CG48","Q9P035"
89091,"P68104","Q86VP6"
89099,"P0CG48","Q32P44"
89248,"P07996","Q14108"
89695,"Q15293","Q9BV73"
89935,"A1L4K1","P29972"
89998,"A1L4K1","O95990"
90339,"Q08345","Q16659"
90974,"P61225","Q12967"
91003,"P17676","Q86X55"
91183,"P04080","P09668"
91188,"P60604","Q8IYW5"
91558,"P15559","P34932"
91784,"P0CJ68","P68104"
92147,"O95402","P17676"
92200,"P00540","P14136"
92978,"P68104","Q00987"
93850,"P60604","Q00987"
94010,"O95365","P68104"
94299,"A8K5I0","P68104"
94311,"P32121","Q00526"
94382,"P05067","Q00526"
94552,"A0A024RB77","Q99536"
94596,"A0A024RBK3","P68104"
94631,"P01111","Q99536"
94632,"Q6RFH5","Q99536"
94646,"B0ZBD0","P15559"
94683,"P20648","Q99536"
94689,"I3VM53","P60604"
94693,"O60260","Q99536"
94696,"Q14764","Q99536"
94705,"Q99536","Q99614"
94709,"P41250","Q99536"
94730,"P04637","Q99536"
94820,"P24864","Q00526"
94840,"P16104","Q99536"
94846,"Q00526","Q05639"
95002,"Q00526","Q13188"
95004,"Q00526","Q00535"
95005,"Q00526","Q13043"
95026,"P15927","P68104"
95077,"P51693","P68104"
95381,"B4DEE8","P68104"
95480,"A0A024R8H5","P29972"
95770,"Q00526","Q8IW76"
95938,"B7Z2P9","Q00526"
96023,"P0CG48","Q00526"
96119,"P62249","P68104"
96455,"P35658","P68104"
97006,"P29972","P60369"
97201,"P49792","P68104"
97376,"P62140","P68104"
97403,"P60604","Q96DZ1"
97568,"P43351","P68104"
97570,"O95639","Q9H0L4"
97580,"Q06203","Q9C0D9"
97662,"P60604","Q8NE01"
97902,"P60709","Q9BY76"
98030,"P63146","Q13490"
98092,"P49716","Q8N2W9"
98215,"Q6PIL6","Q9NS61"
98216,"P49768","Q6PIL6"
98305,"P60604","P62877"
98446,"P60604","Q9BV40"
99198,"P50539","Q13137"
99365,"P05067","Q96LT7"
99747,"D0PNI1","P68104"
100235,"O95639","Q6P1J9"
100386,"P05067","P50539"
100486,"P02545","Q8N5K1"
100545,"P04233","P05067"
100824,"A0A024RA52","P68104"
100842,"P50539","Q7Z3S9"
101180,"O95639","Q7Z6E9"
101697,"A0A024R5T5","P60604"
101848,"Q9HAW0","Q9P035"
102413,"A0A024R7L5","Q9H1J1"
102476,"P50539","Q6A162"
102526,"P01106","Q9BY76"
102724,"P01106","Q15293"
102786,"O75874","Q15293"
102829,"P01106","P17676"
102849,"P14136","Q8TAP6"
102850,"P04637","P63146"
102858,"O15205","P14136"
102871,"P15313","Q14108"
102882,"O00762","P63146"
102884,"P63146","Q13404"
102886,"A0A024R284","P63146"
102887,"P63146","Q15436"
102891,"P63146","Q9UBT2"
102894,"A0A087WW00","P63146"
102895,"P63146","Q99614"
102897,"P63146","P78318"
102898,"P63146","Q96K21"
102903,"O95218","P63146"
102904,"P15313","P63146"
102905,"P60981","P63146"
102906,"B7Z478","P63146"
102907,"O60232","P63146"
102914,"P02768","P14136"
102930,"A0A024R2Q3","P63146"
102937,"A8K6K1","P63146"
102938,"P14136","Q08117"
102939,"P14136","Q08379"
102940,"P14136","P14373"
102941,"P14136","P35398"
102942,"P14136","Q8TCE9"
102944,"P14136","Q8WWB5"
103002,"P63146","Q13432"
103003,"P14136","P49810"
103010,"O14964","P14136"
103016,"A0A024RD62","P63146"
103055,"O00151","P14136"
103056,"P14136","Q6ZU52"
103198,"P60900","P68104"
103559,"Q8WU10","U3KQK1"
103624,"L7RRS6","P68104"
103920,"A0A024R4Q8","P68104"
104505,"Q13409","Q8WUY3"
104910,"P63146","Q9NRR5"
105106,"P63146","Q00987"
105755,"P48023","Q8N1I0"
105829,"A3RJH1","Q14108"
106026,"P29972","Q5JR59"
106131,"P60604","Q96BQ3"
106376,"P15531","Q13131"
106377,"A0A024R2Q3","Q9NQB0"
106378,"P24863","Q00526"
106410,"P17542","P81877"
106534,"Q5VW32","Q9NZZ3"
106577,"P24844","Q13131"
106659,"Q6KC79","Q9Y6X3"
106676,"K7PPA8","P15559"
106725,"P05230","Q8NI16"
106866,"P63146","Q7L7L0"
107059,"A0A024R6A3","Q9UQB3"
107150,"P49716","Q8TEX9"
107288,"P05230","P21802"
107384,"O43679","P81877"
107485,"P49716","Q96R06"
107583,"P50539","Q14901"
107593,"O14980","P49716"
107823,"O95071","P49716"
107869,"P17676","Q9HC16"
108023,"A0A024RCP3","P49716"
108288,"Q9BZI7","Q9H1J1"
108389,"P35498","P61328"
108564,"A0A024R2G2","P49716"
108804,"Q9H1J1","Q9HAU5"
108835,"P61024","Q00526"
108874,"O95639","Q6P1J9"
109013,"L7RRS6","Q12967"
109018,"P63146","Q14527"
109019,"P62987","P63146"
109143,"A0A024RCH3","Q9Y4J8"
109145,"Q5VTD9","Q9Y4J8"
109146,"Q96EV8","Q9Y4J8"
109153,"A0A024R7Y0","Q9Y4J8"
109202,"P81877","Q86U70"
109354,"Q8TCY9","Q9NZZ3"
109421,"P05230","P19784"
109815,"O95990","Q9H3D5"
109961,"O75478","O95990"
110263,"A0A024QZF2","Q12967"
110264,"A0A024RAV5","Q12967"
110265,"A0A024RAB5","Q12967"
110266,"O14807","Q12967"
110267,"Q12967","Q92963"
110268,"Q12967","Q53GM7"
110269,"Q12967","Q99578"
110355,"O14924","P68104"
110431,"I4AY87","P04233"
110780,"Q92664","Q9NZZ3"
110835,"A0A024RD16","P17676"
110969,"P06239","Q9UQB3"
111028,"Q13002","Q13131"
111276,"A4D2P0","Q9P035"
111505,"Q12926","Q14576"
111735,"P15336","P17676"
111786,"Q9BUL8","Q9NZZ3"
111787,"A0A024R8P8","Q9NZZ3"
111818,"P02652","P0C0L4"
111828,"P04233","Q9UBX1"
111917,"A0A024RDR0","P17676"
112086,"A8K2H7","P0C0L4"
112111,"A8K5I0","P15559"
112112,"P04637","P15559"
112113,"P15559","P25685"
112216,"P68104","Q8TBK6"
112272,"A0A024R075","P60604"
112324,"P01040","P09668"
112454,"P60604","Q05086"
112791,"A0A024R0G8","O60729"
113043,"E9PB61","Q9H1J1"
113470,"Q9H444","Q9NZZ3"
113858,"P0C0L5","P68104"
113881,"P08670","P14136"
114043,"Q13425","Q9Y4J8"
114194,"P63146","Q13432"
114196,"A0A024R776","P63146"
114274,"P14136","P49768"
114275,"P14136","P23297"
114276,"P14136","Q5T2W1"
114277,"O75791","P14136"
114278,"P14136","Q9NR12"
114279,"P14136","Q8TAP6"
114280,"P14136","Q96HL8"
114892,"P51532","Q9NZZ3"
114928,"P05230","P22455"
114938,"O15344","Q9UJV3"
115022,"A0A024R7L5","Q9H1J1"
115024,"Q96Q15","Q9H1J1"
115025,"Q9H1J1","Q9UBU9"
115026,"A0A023T787","Q9H1J1"
115027,"Q01629","Q9H1J1"
115056,"P19174","P68104"
115057,"P68104","Q03405"
115058,"P04278","P68104"
115059,"A0A024RBB5","P68104"
115068,"P68104","Q13310"
115069,"O75312","P68104"
115077,"P68104","Q15013"
115079,"P68104","Q13625"
115266,"P17676","P27361"
115483,"A0A024R778","O60443"
115595,"Q8WUY3","Q96D15"
115646,"P13693","P68104"
115825,"P05230","P22607"
115981,"P17676","Q01196"
116025,"P05230","P21802"
116362,"P68104","Q16363"
116577,"P68104","Q15811"
116601,"P24863","Q00526"
116606,"Q00526","Q01094"
116610,"O00716","Q00526"
116624,"B4DGU4","Q9UQB3"
116625,"A0A024RC42","Q9UQB3"
116626,"Q53ZR5","Q9UQB3"
116628,"A0A024R5M3","Q9UQB3"
116629,"P43629","Q00526"
116633,"Q00526","Q9BTV7"
116636,"A0A024RC20","Q00526"
116751,"P15559","Q9UK53"
117418,"P14136","Q13464"
117667,"O60729","P04637"
117738,"P62070","Q12967"
117818,"O95639","P27448"
117980,"P21397","Q92597"
118049,"A0A024RBG3","P68104"
118214,"Q9H422","Q9NYA4"
118300,"O94972","O95990"
118301,"O95990","Q9BUH8"
118303,"P55039","Q9H446"
118306,"A0A024R7H3","O95990"
118560,"P11166","P27105"
118561,"O95990","P08727"
118802,"P49715","P49716"
118808,"A0A024RDV3","P49716"
118819,"P49716","Q15744"
118916,"P16220","P17676"
118989,"P63146","Q14194"
119006,"O60504","Q8TDM6"
119009,"O60828","P68104"
119108,"P49888","P68104"
119550,"O15344","P62714"
119583,"O43813","P27105"
119729,"O95990","Q9Y2I6"
119872,"P60604","Q8IWT3"
120088,"A0A024RCB7","Q8TDM6"
120261,"P49716","Q04206"
120351,"P25445","P68104"
120517,"O95990","Q96ED9"
120696,"P42345","Q13131"
120697,"A0A024R730","Q13131"
120703,"A0A024R426","Q13131"
120942,"P22681","P60604"
121393,"Q9NY99","Q9Y4J8"
121561,"O15344","P78318"
121562,"O15344","Q9NPA3"
121600,"Q969N2","Q9H1J1"
121675,"A0A024RBE9","P05230"
121776,"P54274","Q8TDM6"
122231,"P68104","Q99972"
122232,"P23381","P68104"
122234,"P68104","Q9NP81"
122381,"P15927","P68104"
122638,"P68104","Q15796"
122679,"P68104","Q9H2G4"
122683,"P68104","Q8IVG9"
122684,"O15169","P68104"
122685,"P68104","Q9HAV4"
122788,"P49810","Q9UQB3"
122789,"P49810","Q6PIL6"
123008,"P14868","P68104"
123055,"P32121","Q8TAQ2"
123056,"O75381","Q8TAQ2"
123057,"P51513","Q8TAQ2"
123058,"O43295","Q8TAQ2"
123059,"Q8TAQ2","Q92561"
123135,"Q96NW7","Q9UQB3"
123447,"P17676","P49716"
123448,"A0A024RDV3","P17676"
123449,"A0N0R1","P17676"
123451,"P17676","P49715"
123458,"P00533","P17676"
123459,"P17676","P35638"
123469,"P17676","P53567"
123473,"P17676","P84022"
123474,"A0A024R1A7","P17676"
123476,"P17676","Q92922"
123477,"P17676","Q12824"
123479,"P17676","Q9ULK4"
123480,"P17676","P51532"
123481,"O75582","P17676"
123482,"A6NHH0","P17676"
123840,"P04233","Q31604"
124047,"P17676","P28482"
124133,"O95084","Q6KC79"
124140,"P05230","P11362"
124212,"P05230","P38646"
124213,"P17676","Q15418"
124214,"P08047","P17676"
124215,"P17676","Q12778"
124216,"P17676","Q9NSC5"
124217,"O43427","P05230"
124218,"P10242","P17676"
124219,"P17676","Q04206"
124221,"P17676","P61978"
124223,"P05230","Q14512"
124225,"B4DQB3","P17676"
124641,"P54253","Q8TAQ2"
124642,"Q15811","Q8TAQ2"
124643,"Q01201","Q8TAQ2"
124644,"Q8TAQ2","Q9UIG0"
124645,"P19387","Q8TAQ2"
124917,"P17676","Q09472"
124944,"P49716","Q09472"
125521,"B4DGU4","Q8TDM6"
126022,"P12644","Q13253"
126075,"O60333","P68104"
126470,"Q13424","Q9Y4J8"
126471,"P46939","Q9Y4J8"
126472,"Q13884","Q9Y4J8"
126476,"A0A075B7B1","Q9Y4J8"
126489,"Q14500","Q9Y4J8"
126687,"P05230","Q99584"
127376,"P63146","Q8IWV8"
127697,"O95477","Q8TDM6"
127893,"Q13131","Q15785"
128025,"P04233","P28068"
128119,"Q6ZVK8","Q9H446"
128741,"A0A024R518","P81877"
129461,"Q01844","Q9C0D9"
129474,"Q01844","Q8WUY3"
129564,"P14136","Q7LDD5"
129833,"P01034","P0C0L4"
129884,"O95639","Q9BXP2"
129906,"P17676","Q00613"
130133,"Q9H0Q3","Q9NVX0"
130339,"P68104","Q8N961"
130506,"Q7LBR1","Q9NZZ3"
130526,"P17676","Q13950"
130898,"A0A024RBN1","Q13131"
131215,"A0A024R5E3","P14136"
131254,"P17676","P18146"
131301,"P04233","P16070"
131332,"P17676","Q7LDD5"
131383,"P17947","P49716"
131405,"M9VUD0","Q13253"
131407,"P17676","P17947"
131497,"P49716","P53567"
131745,"P32121","Q12967"
131746,"P01112","Q12967"
131747,"A8KAH9","Q12967"
131748,"P55196","Q12967"
131749,"P10114","Q12967"
131750,"P61225","Q12967"
131752,"P49407","Q12967"
131754,"P27361","Q12967"
131755,"O15530","Q12967"
131756,"P35240","Q12967"
131776,"P35080","P68104"
131857,"P14136","Q9UGJ1"
132465,"O95990","Q9BQ66"
132508,"P17676","Q13263"
132552,"P68104","Q9UN74"
132761,"P19387","P68104"
132793,"P68104","Q9H0D6"
132830,"A0A024R276","P04233"
132958,"P0C0L4","Q9P296"
132998,"Q05481","Q9NZZ3"
133015,"P05230","P68400"
133201,"O60825","Q13131"
133211,"A0A024R496","Q13131"
133264,"Q9H446","Q9Y295"
133484,"Q86UL8","Q9UQB3"
133590,"P63146","Q9NS91"
133643,"P05230","P15880"
133654,"A0A024RCX5","Q00526"
133667,"Q00526","Q16667"
133668,"P24864","Q00526"
133675,"P46527","Q00526"
133685,"O96020","Q00526"
133707,"P17676","Q14978"
133768,"Q96RT1","Q9UQB3"
133769,"P12830","Q9UQB3"
133775,"A0A024R8E2","Q9UQB3"
133776,"P49768","Q9UQB3"
133806,"P27105","P78348"
133807,"P27105","Q16515"
133813,"O95425","P27105"
133814,"A0A090N7X8","P27105"
133842,"P68104","Q15583"
133907,"P07988","P09668"
133970,"P17676","P42229"
134205,"P60709","P68104"
134283,"A4D0V9","Q6PIL6"
134333,"P68133","Q9Y4J8"
134461,"A0A024R4I5","P17676"
134772,"P17028","P68104"
134805,"P04233","P15813"
134938,"P02818","P09668"
134994,"O95639","Q6UN15"
134998,"P04233","Q5SU54"
134999,"P04233","P20036"
135000,"I4EC15","P04233"
135137,"O95257","P68104"
135234,"P12931","P14136"
135450,"N0E4C7","P05230"
135614,"P50539","Q9UQE7"
135615,"A0A024R682","P50539"
135616,"P50539","Q96ST3"
135617,"O75182","P50539"
135691,"P63146","Q9Y3C7"
135749,"P81877","Q01844"
135763,"Q01844","Q14576"
135798,"L7RRS6","Q13131"
135830,"A0A024QZJ8","P14136"
135833,"P04271","P14136"
135835,"P14136","P17612"
135837,"O00151","P14136"
135838,"P14136","Q96HA1"
135839,"A0A087X0F7","P14136"
135841,"P14136","Q6ZU52"
136200,"P68104","Q9NRR5"
136250,"P57727","P68104"
136338,"P68104","Q5JQI0"
136591,"A0A024R5G1","O95990"
136616,"Q13131","Q9UKT9"
136707,"B0LPE5","P14136"
136718,"B0LPE5","O75122"
136733,"O95990","P19012"
136769,"P29590","P81877"
136772,"P81877","Q13526"
136777,"O60784","P81877"
137259,"Q13131","Q8NBZ0"
137751,"O75122","Q99996"
137906,"P01111","P68104"
138077,"O95073","Q13131"
138226,"P68104","Q14761"
138296,"Q9BRX2","Q9P035"
139112,"A0A024R6W2","Q9UQB3"
139270,"P68104","Q99558"
139299,"Q14526","Q9NQB0"
139324,"P34810","Q12967"
139351,"P01112","Q12967"
139422,"G4XH65","Q9BY76"
139423,"O14965","Q9BY76"
139424,"Q14790","Q9BY76"
139629,"A0A024RBU0","Q13131"
139793,"A8K571","Q13253"
139870,"P14136","Q15796"
140056,"O94967","O95990"
140127,"O94972","O95990"
140128,"A0A024R7H3","O95990"
140134,"P17252","Q8NI35"
140247,"O95292","Q9P035"
140400,"A0A024QZ47","Q9NZZ3"
140420,"P61981","Q32P44"
140706,"Q9P035","Q9UKC9"
140760,"P04183","P68104"
140927,"O60729","P23508"
141063,"Q13131","Q15654"
141118,"P62136","Q7Z5Y7"
141212,"Q12967","Q92963"
141269,"P05556","Q9BY76"
141721,"A0A024R8A6","Q9P035"
141730,"Q9HC24","Q9P035"
141731,"Q13530","Q9P035"
141751,"Q9P035","Q9P0L0"
141870,"O95990","P81605"
141961,"P50539","Q53RC5"
142201,"A0A024RB87","Q12967"
142264,"L7RXH5","Q12967"
142640,"P54274","Q8TDM6"
142809,"P60604","Q9UKV5"
142822,"Q14318","Q9P035"
143637,"Q5VTD9","Q9Y4J8"
144001,"Q01629","Q96EY7"
144043,"O43741","Q13131"
144049,"E9KL36","Q9UQB3"
144470,"P50539","Q7Z3S9"
144471,"P50539","Q13137"
144534,"A0A024R8A6","Q32P44"
144545,"A0A024R5S4","Q9NZZ3"
144813,"O60729","Q8IXJ6"
144857,"A0A024R274","O60729"
144858,"O60729","Q15831"
144859,"O43683","O60729"
144860,"O60729","Q8N726"
144884,"P60604","Q8NE01"
145019,"A0A024R1N4","Q9NQB0"
145321,"P68104","Q8IUH5"
145517,"P12004","P68104"
145965,"P14136","Q13490"
146045,"P08670","P14136"
146484,"P68104","Q15486"
146578,"P24522","P68104"
146668,"O95990","P08670"
146988,"O14627","Q13131"
147036,"P68104","Q8TBK6"
147326,"P68104","Q9UGL9"
147606,"O95084","Q8NB37"
147618,"P68104","Q96RK4"
147638,"P14136","Q9NR12"
147639,"O75791","P14136"
147640,"P14136","Q5T2W1"
147713,"P57727","P68104"
147746,"P14136","P35398"
147748,"P14136","P25791"
147749,"P14136","Q8IYR0"
147750,"P14136","Q53FD0"
147758,"P14136","Q96HL8"
148159,"E9KL36","P68104"
148239,"A8K401","Q9H9S3"
148252,"P68104","Q16829"
148972,"P68104","Q15013"
149072,"P60604","Q9NTX7"
149140,"Q13131","Q93062"
149619,"P22455","Q9BY76"
149735,"O95639","P27448"
149960,"Q01629","Q9H1J1"
149970,"Q969N2","Q9H1J1"
150116,"P42858","Q9H1J1"
150169,"A0A024R0L6","P68104"
150170,"A0A024R8D8","P68104"
150171,"P68104","Q00887"
150172,"A2VCK8","P68104"
150173,"P68104","Q13625"
150174,"P68104","Q9HCU9"
150175,"P68104","P78560"
150176,"P68104","Q6IAA8"
150178,"P55774","P68104"
150181,"A2RU94","P68104"
150182,"P54727","P68104"
150183,"A0A024R7G8","P68104"
150187,"P68104","Q8NFJ9"
150188,"P68104","Q9BXC9"
150191,"P10114","P68104"
150192,"A0A024QZF2","P68104"
150193,"P68104","Q01534"
150198,"P68104","Q92832"
150199,"P49841","P68104"
150200,"L7RSL8","P68104"
150201,"P68104","Q6IN84"
150288,"P68104","Q9NR28"
150407,"P58340","Q15293"
150500,"L7RT22","Q9BY76"
150677,"O95990","Q13137"
150791,"P46939","Q9Y4J8"
150792,"A0A024RCH3","Q9Y4J8"
150877,"O75478","O95990"
150985,"P68104","Q14061"
150988,"Q8WUY3","Q96D15"
151120,"O15061","Q9Y4J8"
151132,"Q9UKG1","Q9Y4J8"
151135,"P11532","Q9Y4J8"
151350,"P50539","P61244"
151404,"Q14576","Q9BQ95"
151756,"O75923","P68104"
151917,"A0A0A6YY93","P68104"
152203,"Q13131","Q96JM7"
152479,"P13994","P68104"
152504,"A0A0A6YY93","P0C0L4"
152733,"Q8WV92","Q9NZZ3"
152917,"Q16643","Q6KC79"
152993,"A0A024RD80","Q00526"
153009,"Q00526","Q16667"
153010,"A0A024R9B0","Q00526"
153201,"P68104","Q16513"
153252,"P05230","Q96SB4"
153333,"Q969Z0","Q9NYA4"
153373,"P01137","Q9BY76"
153391,"Q969H0","Q9BY76"
153392,"Q9BY76","Q9HCU9"
153395,"A0A024R1J8","Q8NI35"
153713,"A0A024RC34","P68104"
153746,"A0A024RD87","Q14576"
153982,"Q96FV3","Q9P035"
154043,"P61981","Q6UUV7"
154056,"Q13131","Q6NT76"
154100,"P68104","Q15796"
154137,"Q13131","Q8IXK0"
154205,"Q15796","Q9NYA4"
154310,"P20333","Q9P035"
154340,"O75365","Q9P035"
154348,"Q9P035","Q9Y2A0"
154660,"Q00534","Q6KC79"
155051,"P63146","Q5T4S7"
155385,"P60604","Q9Y4E8"
155483,"P07737","Q8TDM6"
156046,"O95630","Q9NZZ3"
156119,"P60604","Q2TAA5"
156155,"P68104","Q96RG2"
156207,"P60604","Q96PX1"
156480,"A0A024R7B7","Q13131"
156806,"Q13131","Q8IZP0"
156807,"P16870","Q13131"
156895,"A0A024RD80","Q13131"
156915,"A0A024RBU4","Q13131"
156916,"Q13131","Q5T124"
156998,"O95990","Q5S007"
157088,"P25445","P68104"
157554,"A0A024R8H5","O95990"
157657,"P42575","P68104"
157776,"P42568","P68104"
158102,"O95990","Q15834"
158202,"O43261","P68104"
158281,"P60604","Q8N4G2"
158287,"P15941","P17676"
158397,"Q6RW13","Q9ULP0"
158661,"A0A024R8W0","Q9H1J1"
158776,"P56282","P68104"
158972,"A0A024RD15","P68104"
159259,"O60729","Q9UHC1"
159374,"P04233","P61073"
159569,"P37840","P68104"
159704,"O75122","Q15691"
159851,"O95990","Q9Y4E8"
159866,"O14503","Q13131"
160058,"O95990","P27824"
160089,"P68104","Q9BX70"
160198,"P55198","P60604"
160246,"A8KAF9","Q8WU10"
160274,"P17020","P68104"
160305,"P01909","P04233"
160357,"O95376","P68104"
160845,"A0A024RCX5","P68104"
161139,"A0A024R688","P68104"
161150,"O00231","P68104"
161275,"O95990","Q6NUQ1"
161436,"Q6PIL6","Q96EK7"
161553,"P49841","Q9H1J1"
161646,"P68104","Q92561"
161668,"P17676","Q96RU8"
162045,"O14717","P68104"
162047,"D3DQW7","Q8TDM6"
162371,"P62310","P68104"
162382,"P68104","Q96IZ7"
162406,"A0A024R9Y7","P68104"
162409,"P68104","Q15811"
162410,"P68104","Q16363"
162411,"O43504","P68104"
162412,"A0A024R274","P68104"
162413,"P68104","Q8TF21"
162414,"O00303","P68104"
162415,"P68104","Q93045"
162416,"A0A024R608","P68104"
162417,"P68104","Q03405"
162418,"O15169","P68104"
162419,"P33552","P68104"
162420,"A0A024RAE8","P68104"
162429,"C8C060","Q13253"
162661,"A0A024R3C6","P68104"
162728,"P05230","P22455"
163120,"P01023","Q14576"
163158,"P54253","Q15293"
163292,"P17096","P17676"
163299,"K7PPA8","P17676"
163651,"P60763","Q9H446"
163710,"P68104","Q53ZR5"
163756,"O95990","Q9UJV3"
163820,"P14136","Q07092"
163826,"G4XH65","P17676"
163860,"Q6NSI8","Q96SB4"
163990,"K7PML8","Q9BY76"
164062,"P61604","P68104"
164156,"A0A024R1W6","P68104"
164387,"Q13131","Q9HAT0"
164550,"P45973","Q6KC79"
164686,"O60729","P24385"
164754,"A0A024QZT4","P68104"
164755,"P43307","P68104"
165101,"Q9H446","Q9Y295"
165433,"O95990","Q9BRK4"
165513,"O75382","P60604"
165516,"P60604","Q9BY78"
165517,"P60604","Q8WZ73"
165518,"P60604","Q6PIA0"
165519,"P60604","Q8WWF5"
165520,"P60604","Q96BQ3"
165532,"D9YZV0","P60604"
165545,"Q13451","Q8N812"
165790,"A0A024R274","P17676"
166096,"P15976","Q13131"
166120,"P49770","Q96LT7"
166208,"P05230","P11362"
166403,"O43252","P68104"
166561,"A5JSJ9","Q8NI35"
167057,"Q13131","Q9NYB9"
167280,"A0A024R8W0","Q9H1J1"
167609,"P63167","P68104"
167655,"A0A024R2C5","Q9NZZ3"
167721,"Q9BUV8","Q9P035"
167790,"P68104","Q16612"
168450,"A0A024R6C9","Q8TDM6"
168606,"A0A023T787","Q9H1J1"
168745,"P68104","Q9NPD3"
168757,"A0A024RBP0","P68104"
168784,"P15941","P17676"
168816,"P36897","Q8TDM6"
169060,"P27348","Q32P44"
169115,"O60333","P68104"
169157,"A0A024QZY3","P14136"
169222,"Q13131","Q8IX15"
169225,"O95751","O95990"
169264,"O95084","Q6KC79"
170508,"Q6PIL6","Q9NS61"
170583,"Q8N3R9","Q8NI35"
170635,"P68104","Q9Y6H6"
170657,"P68104","Q92754"
170736,"A0A024R611","P60604"
170737,"P60604","Q9Y679"
170738,"P60604","Q9UDY8"
170780,"O60291","P60604"
170979,"O43181","P60604"
170987,"O94887","P60604"
170996,"P60604","Q96B21"
170997,"P60604","Q9H1D9"
171077,"A0A024R7B7","Q8N812"
171360,"P17676","P51531"
171644,"P05230","P22607"
171658,"P63146","Q8IWV7"
171904,"Q08117","Q13131"
171971,"P50539","P61244"
171997,"P68104","Q9NX18"
